scenario,experiment,method,dimension,k,rank,seed,seed_index,status,elapsed_seconds,solver_seconds,objective,iterations,function_evaluations,constraint_violation,fixed_point_residual,notes
large_k,bnb,fista_dual_fista,10,3,5,1100017,0,gap_limit,0.2946209000001545,0.002636100001836894,-0.006699887282997769,0,0,,,initial_incumbent
large_k,bnb,fista_dual_lbfgs,10,3,5,1100017,0,gap_limit,0.15029510000022128,0.0026733000013337005,-0.006699887282997769,0,0,,,initial_incumbent
large_k,bnb,gurobi,10,3,5,1100017,0,optimal,0.18467130000135512,0.038352100000338396,-0.006699887282997769,2.0,1,,,exact_binary_perspective_miqcp; warm_start=fista_dual_lbfgs
large_k,bnb,mosek,10,3,5,1100017,0,optimal,0.17614699999830918,0.03394000000116648,-0.006699887282997769,3,1,,,exact_binary_perspective_misocp; warm_start=fista_dual_lbfgs
large_k,bnb,fista_dual_fista,10,3,5,1100018,1,gap_limit,0.1505673999999999,0.002476999998179963,-0.007064389416344264,0,0,,,initial_incumbent
large_k,bnb,fista_dual_lbfgs,10,3,5,1100018,1,gap_limit,0.13451209999766434,0.0033427000016672537,-0.007064389416344264,0,0,,,initial_incumbent
large_k,bnb,gurobi,10,3,5,1100018,1,optimal,0.15917289999924833,0.02761350000218954,-0.007064389416344264,1.0,1,,,exact_binary_perspective_miqcp; warm_start=fista_dual_lbfgs
large_k,bnb,mosek,10,3,5,1100018,1,optimal,0.15591270000004442,0.013630800000100862,-0.007064389416344264,0,2,,,exact_binary_perspective_misocp; warm_start=fista_dual_lbfgs
large_k,bnb,fista_dual_fista,10,3,5,1100019,2,gap_limit,0.22340410000106203,0.0025253999992855825,-0.006852060334399101,0,0,,,initial_incumbent
large_k,bnb,fista_dual_lbfgs,10,3,5,1100019,2,gap_limit,0.14981840000109514,0.0028197999999974854,-0.006852060334399101,0,0,,,initial_incumbent
large_k,bnb,gurobi,10,3,5,1100019,2,optimal,0.1955102000029001,0.041645199999038596,-0.006852060334399101,1.0,1,,,exact_binary_perspective_miqcp; warm_start=fista_dual_lbfgs
large_k,bnb,mosek,10,3,5,1100019,2,optimal,0.18711399999665446,0.032765400002972456,-0.006852060334399101,3,2,,,exact_binary_perspective_misocp; warm_start=fista_dual_lbfgs
large_k,bnb,fista_dual_fista,10,3,5,1100020,3,gap_limit,0.1801183999996283,0.0029084999987389892,-0.006694285372880953,0,0,,,initial_incumbent
large_k,bnb,fista_dual_lbfgs,10,3,5,1100020,3,gap_limit,0.1403929000007338,0.002515000000130385,-0.006694285372880953,0,0,,,initial_incumbent
large_k,bnb,gurobi,10,3,5,1100020,3,optimal,0.16713489999892772,0.02989779999916209,-0.006694285372880953,1.0,1,,,exact_binary_perspective_miqcp; warm_start=fista_dual_lbfgs
large_k,bnb,mosek,10,3,5,1100020,3,optimal,0.15264569999999367,0.014430900002480485,-0.006694285372880953,0,1,,,exact_binary_perspective_misocp; warm_start=fista_dual_lbfgs
large_k,bnb,fista_dual_fista,10,3,5,1100021,4,gap_limit,0.16258400000151596,0.002591500000562519,-0.006451317961914611,0,0,,,initial_incumbent
large_k,bnb,fista_dual_lbfgs,10,3,5,1100021,4,gap_limit,0.3042833999970753,0.0031892000006337184,-0.006451317961914611,0,0,,,initial_incumbent
large_k,bnb,gurobi,10,3,5,1100021,4,optimal,0.17962769999940065,0.029918000000179745,-0.006451317961914611,1.0,1,,,exact_binary_perspective_miqcp; warm_start=fista_dual_lbfgs
large_k,bnb,mosek,10,3,5,1100021,4,optimal,0.1585997000001953,0.014282899999670917,-0.006451317961914611,0,1,,,exact_binary_perspective_misocp; warm_start=fista_dual_lbfgs
large_k,bnb,fista_dual_fista,10,3,5,1100022,5,gap_limit,0.15804879999996047,0.002588100000139093,-0.00661355484208191,0,0,,,initial_incumbent
large_k,bnb,fista_dual_lbfgs,10,3,5,1100022,5,gap_limit,0.14021040000079665,0.0025464000027568545,-0.00661355484208191,0,0,,,initial_incumbent
large_k,bnb,gurobi,10,3,5,1100022,5,optimal,0.18129699999917648,0.03325169999880018,-0.00661355484208191,1.0,1,,,exact_binary_perspective_miqcp; warm_start=fista_dual_lbfgs
large_k,bnb,mosek,10,3,5,1100022,5,optimal,0.15653849999944214,0.015084999999089632,-0.00661355484208191,0,1,,,exact_binary_perspective_misocp; warm_start=fista_dual_lbfgs
large_k,bnb,fista_dual_fista,10,3,5,1100023,6,gap_limit,0.15063630000076955,0.002590699998108903,-0.006831679724292737,0,0,,,initial_incumbent
large_k,bnb,fista_dual_lbfgs,10,3,5,1100023,6,gap_limit,0.2447329999995418,0.0034327000030316412,-0.006831679724292737,0,0,,,initial_incumbent
large_k,bnb,gurobi,10,3,5,1100023,6,optimal,0.1816346000014164,0.02810700000190991,-0.006831679724292737,1.0,1,,,exact_binary_perspective_miqcp; warm_start=fista_dual_lbfgs
large_k,bnb,mosek,10,3,5,1100023,6,optimal,0.15753340000082972,0.016184500000235857,-0.006831679724292737,0,2,,,exact_binary_perspective_misocp; warm_start=fista_dual_lbfgs
large_k,bnb,fista_dual_fista,10,3,5,1100024,7,gap_limit,0.18237450000015087,0.002629200000228593,-0.006844602262201253,0,0,,,initial_incumbent
large_k,bnb,fista_dual_lbfgs,10,3,5,1100024,7,gap_limit,0.14095710000037798,0.002565300001151627,-0.006844602262201253,0,0,,,initial_incumbent
large_k,bnb,gurobi,10,3,5,1100024,7,optimal,0.1667501000010816,0.030291200000647223,-0.006844602262201253,1.0,1,,,exact_binary_perspective_miqcp; warm_start=fista_dual_lbfgs
large_k,bnb,mosek,10,3,5,1100024,7,optimal,0.15190920000168262,0.01502720000280533,-0.006844602262201253,0,1,,,exact_binary_perspective_misocp; warm_start=fista_dual_lbfgs
large_k,bnb,fista_dual_fista,10,3,5,1100025,8,gap_limit,0.25325969999903464,0.008118800000374904,-0.0058729835426481565,0,0,,,initial_incumbent
large_k,bnb,fista_dual_lbfgs,10,3,5,1100025,8,gap_limit,0.153765500002919,0.002841400000761496,-0.0058729835426481565,0,0,,,initial_incumbent
large_k,bnb,gurobi,10,3,5,1100025,8,optimal,0.1754688000000897,0.02920540000195615,-0.0058729835426481565,1.0,1,,,exact_binary_perspective_miqcp; warm_start=fista_dual_lbfgs
large_k,bnb,mosek,10,3,5,1100025,8,optimal,0.155755700001464,0.01411549999829731,-0.0058729835426481565,0,1,,,exact_binary_perspective_misocp; warm_start=fista_dual_lbfgs
large_k,bnb,fista_dual_fista,10,3,5,1100026,9,gap_limit,0.15720389999842155,0.0025153999995382037,-0.006218765561956181,0,0,,,initial_incumbent
large_k,bnb,fista_dual_lbfgs,10,3,5,1100026,9,gap_limit,0.13651930000196444,0.002567200001067249,-0.006218765561956181,0,0,,,initial_incumbent
large_k,bnb,gurobi,10,3,5,1100026,9,optimal,0.16270850000000792,0.030438499998126645,-0.006218765561956181,1.0,1,,,exact_binary_perspective_miqcp; warm_start=fista_dual_lbfgs
large_k,bnb,mosek,10,3,5,1100026,9,optimal,0.1422071999986656,0.014187699998728931,-0.006218765561956181,0,2,,,exact_binary_perspective_misocp; warm_start=fista_dual_lbfgs
large_k,bnb,fista_dual_fista,20,3,10,1200017,0,gap_limit,0.36533609999969485,0.0027466999999887776,-0.004989815807083622,0,0,,,initial_incumbent
large_k,bnb,fista_dual_lbfgs,20,3,10,1200017,0,gap_limit,0.17595879999862518,0.002513600000384031,-0.004989815807083622,0,0,,,initial_incumbent
large_k,bnb,gurobi,20,3,10,1200017,0,optimal,0.24829950000275858,0.08001389999844832,-0.004989815807083622,1.0,1,,,exact_binary_perspective_miqcp; warm_start=fista_dual_lbfgs
large_k,bnb,mosek,20,3,10,1200017,0,optimal,0.22508300000117742,0.049924300001293886,-0.004989815807083622,3,1,,,exact_binary_perspective_misocp; warm_start=fista_dual_lbfgs
large_k,bnb,fista_dual_fista,20,3,10,1200018,1,gap_limit,0.2785555000009481,0.002716599999985192,-0.005039446965353397,0,0,,,initial_incumbent
large_k,bnb,fista_dual_lbfgs,20,3,10,1200018,1,gap_limit,0.17009709999911138,0.0027398000020184554,-0.005039446965353397,0,0,,,initial_incumbent
large_k,bnb,gurobi,20,3,10,1200018,1,optimal,0.23601899999994203,0.06656470000234549,-0.005039446965353397,1.0,1,,,exact_binary_perspective_miqcp; warm_start=fista_dual_lbfgs
large_k,bnb,mosek,20,3,10,1200018,1,optimal,0.22067709999828367,0.05665779999981169,-0.005039446965353397,5,1,,,exact_binary_perspective_misocp; warm_start=fista_dual_lbfgs
large_k,bnb,fista_dual_fista,20,3,10,1200019,2,gap_limit,0.3721750000004249,0.0026862999984587077,-0.00524293990273552,0,0,,,initial_incumbent
large_k,bnb,fista_dual_lbfgs,20,3,10,1200019,2,gap_limit,0.17321929999889107,0.002769599999737693,-0.00524293990273552,0,0,,,initial_incumbent
large_k,bnb,gurobi,20,3,10,1200019,2,optimal,0.24586269999781507,0.07561560000249301,-0.00524293990273552,2.0,1,,,exact_binary_perspective_miqcp; warm_start=fista_dual_lbfgs
large_k,bnb,mosek,20,3,10,1200019,2,optimal,0.2231735999994271,0.05462209999677725,-0.00524293990273552,3,1,,,exact_binary_perspective_misocp; warm_start=fista_dual_lbfgs
large_k,bnb,fista_dual_fista,20,3,10,1200020,3,gap_limit,0.28032940000048256,0.0027317999993101694,-0.005271642843915627,0,0,,,initial_incumbent
large_k,bnb,fista_dual_lbfgs,20,3,10,1200020,3,gap_limit,0.16310999999768683,0.002536099997087149,-0.005271642843915627,0,0,,,initial_incumbent
large_k,bnb,gurobi,20,3,10,1200020,3,optimal,0.226998399997683,0.0618968999988283,-0.005271642843915627,1.0,1,,,exact_binary_perspective_miqcp; warm_start=fista_dual_lbfgs
large_k,bnb,mosek,20,3,10,1200020,3,optimal,0.2202608000006876,0.05168319999938831,-0.005271642843915627,3,2,,,exact_binary_perspective_misocp; warm_start=fista_dual_lbfgs
large_k,bnb,fista_dual_fista,20,3,10,1200021,4,gap_limit,0.34791190000032657,0.0026749000026029535,-0.0052126759777812,0,0,,,initial_incumbent
large_k,bnb,fista_dual_lbfgs,20,3,10,1200021,4,gap_limit,0.17047610000008717,0.002552900001319358,-0.0052126759777812,0,0,,,initial_incumbent
large_k,bnb,gurobi,20,3,10,1200021,4,optimal,0.2531109000010474,0.08267540000088047,-0.0052126759777812,4.0,1,,,exact_binary_perspective_miqcp; warm_start=fista_dual_lbfgs
large_k,bnb,mosek,20,3,10,1200021,4,optimal,0.21942879999915021,0.05841820000205189,-0.0052126759777812,5,1,,,exact_binary_perspective_misocp; warm_start=fista_dual_lbfgs
large_k,bnb,fista_dual_fista,20,3,10,1200022,5,gap_limit,0.19056089999867254,0.002492399999027839,-0.005138771133338934,0,0,,,initial_incumbent
large_k,bnb,fista_dual_lbfgs,20,3,10,1200022,5,gap_limit,0.150391999999556,0.0025224999990314245,-0.005138771133338934,0,0,,,initial_incumbent
large_k,bnb,gurobi,20,3,10,1200022,5,optimal,0.20749290000094334,0.06047200000102748,-0.005138771133338934,1.0,1,,,exact_binary_perspective_miqcp; warm_start=fista_dual_lbfgs
large_k,bnb,mosek,20,3,10,1200022,5,optimal,0.16878920000090147,0.018148999999539228,-0.005138771133338934,0,1,,,exact_binary_perspective_misocp; warm_start=fista_dual_lbfgs
large_k,bnb,fista_dual_fista,20,3,10,1200023,6,gap_limit,0.4325327999977162,0.0026199999992968515,-0.004956314153079403,0,0,,,initial_incumbent
large_k,bnb,fista_dual_lbfgs,20,3,10,1200023,6,gap_limit,0.16772860000128276,0.0025089000009757,-0.004956314153079403,0,0,,,initial_incumbent
large_k,bnb,gurobi,20,3,10,1200023,6,optimal,0.2513414000022749,0.08172279999780585,-0.004956314153079403,3.0,1,,,exact_binary_perspective_miqcp; warm_start=fista_dual_lbfgs
large_k,bnb,mosek,20,3,10,1200023,6,optimal,0.22904040000139503,0.055722199998854194,-0.004956314153079403,3,1,,,exact_binary_perspective_misocp; warm_start=fista_dual_lbfgs
large_k,bnb,fista_dual_fista,20,3,10,1200024,7,gap_limit,0.3777466999999888,0.0036059999983990565,-0.004808127952263937,0,0,,,initial_incumbent
large_k,bnb,fista_dual_lbfgs,20,3,10,1200024,7,gap_limit,0.16652590000012424,0.0025924000001396053,-0.004808127952263937,0,0,,,initial_incumbent
large_k,bnb,gurobi,20,3,10,1200024,7,optimal,0.23664439999993192,0.07397469999705208,-0.004808127952263937,1.0,1,,,exact_binary_perspective_miqcp; warm_start=fista_dual_lbfgs
large_k,bnb,mosek,20,3,10,1200024,7,optimal,0.21920160000081523,0.053476300003239885,-0.004808127952263937,5,2,,,exact_binary_perspective_misocp; warm_start=fista_dual_lbfgs
large_k,bnb,fista_dual_fista,20,3,10,1200025,8,gap_limit,0.2000012999997125,0.002595999998447951,-0.0051939440057441055,0,0,,,initial_incumbent
large_k,bnb,fista_dual_lbfgs,20,3,10,1200025,8,gap_limit,0.15491670000119484,0.0026179000014963094,-0.0051939440057441055,0,0,,,initial_incumbent
large_k,bnb,gurobi,20,3,10,1200025,8,optimal,0.21050040000045556,0.04852459999892744,-0.0051939440057441055,1.0,1,,,exact_binary_perspective_miqcp; warm_start=fista_dual_lbfgs
large_k,bnb,mosek,20,3,10,1200025,8,optimal,0.17808340000192402,0.018025500001385808,-0.0051939440057441055,0,1,,,exact_binary_perspective_misocp; warm_start=fista_dual_lbfgs
large_k,bnb,fista_dual_fista,20,3,10,1200026,9,gap_limit,0.47620979999919655,0.0025549000019964296,-0.0051702993667332095,0,0,,,initial_incumbent
large_k,bnb,fista_dual_lbfgs,20,3,10,1200026,9,gap_limit,0.18025040000065928,0.0028616999989026226,-0.0051702993667332095,0,0,,,initial_incumbent
large_k,bnb,gurobi,20,3,10,1200026,9,optimal,0.26035130000309437,0.08082690000082948,-0.0051702993667332095,3.0,1,,,exact_binary_perspective_miqcp; warm_start=fista_dual_lbfgs
large_k,bnb,mosek,20,3,10,1200026,9,optimal,0.2277485999984492,0.0499407000024803,-0.0051702993667332095,3,1,,,exact_binary_perspective_misocp; warm_start=fista_dual_lbfgs
large_k,bnb,fista_dual_fista,30,3,15,1300017,0,gap_limit,0.6572443000004569,0.0626847000021371,-0.0029158016055526627,11,0,,,initial_incumbent
large_k,bnb,fista_dual_lbfgs,30,3,15,1300017,0,gap_limit,0.2531754000010551,0.05511509999996633,-0.0029158016055526627,11,0,,,initial_incumbent
large_k,bnb,gurobi,30,3,15,1300017,0,optimal,0.3901092999985849,0.18332549999831826,-0.0029158016055526627,11.0,1,,,exact_binary_perspective_miqcp; warm_start=fista_dual_lbfgs
large_k,bnb,mosek,30,3,15,1300017,0,optimal,0.31271769999875687,0.12571100000059232,-0.0029158016055526627,13,1,,,exact_binary_perspective_misocp; warm_start=fista_dual_lbfgs
large_k,bnb,fista_dual_fista,30,3,15,1300018,1,gap_limit,0.35486970000056317,0.0025972000003093854,-0.003675884503980863,0,0,,,initial_incumbent
large_k,bnb,fista_dual_lbfgs,30,3,15,1300018,1,gap_limit,0.17492900000070222,0.0025289000004704576,-0.003675884503980863,0,0,,,initial_incumbent
large_k,bnb,gurobi,30,3,15,1300018,1,optimal,0.28978339999957825,0.11589019999883021,-0.003675884503980863,3.0,1,,,exact_binary_perspective_miqcp; warm_start=fista_dual_lbfgs
large_k,bnb,mosek,30,3,15,1300018,1,optimal,0.2529770000001008,0.08546479999859002,-0.003675884503980863,3,1,,,exact_binary_perspective_misocp; warm_start=fista_dual_lbfgs
large_k,bnb,fista_dual_fista,30,3,15,1300019,2,gap_limit,0.3241901000001235,0.016288999999233056,-0.003375272853855315,4,0,,,initial_incumbent
large_k,bnb,fista_dual_lbfgs,30,3,15,1300019,2,gap_limit,0.1756058999999368,0.0227578000012727,-0.003375272853855315,4,0,,,initial_incumbent
large_k,bnb,gurobi,30,3,15,1300019,2,optimal,0.28674990000217804,0.13237930000104825,-0.003375272853855315,8.0,1,,,exact_binary_perspective_miqcp; warm_start=fista_dual_lbfgs
large_k,bnb,mosek,30,3,15,1300019,2,optimal,0.24983520000023418,0.09517409999898518,-0.003375272853855315,7,2,,,exact_binary_perspective_misocp; warm_start=fista_dual_lbfgs
large_k,bnb,fista_dual_fista,30,3,15,1300020,3,gap_limit,0.3236624999990454,0.002616699999634875,-0.0035401103857920623,0,0,,,initial_incumbent
large_k,bnb,fista_dual_lbfgs,30,3,15,1300020,3,gap_limit,0.23982109999997192,0.002664399999048328,-0.0035401103857920623,0,0,,,initial_incumbent
large_k,bnb,gurobi,30,3,15,1300020,3,optimal,0.32344060000104946,0.1400778999995964,-0.0035401103857920623,3.0,1,,,exact_binary_perspective_miqcp; warm_start=fista_dual_lbfgs
large_k,bnb,mosek,30,3,15,1300020,3,optimal,0.2658711999974912,0.09517639999830863,-0.0035401103857920623,3,2,,,exact_binary_perspective_misocp; warm_start=fista_dual_lbfgs
large_k,bnb,fista_dual_fista,30,3,15,1300021,4,gap_limit,0.402016600000934,0.002573999998276122,-0.003156236295403264,0,0,,,initial_incumbent
large_k,bnb,fista_dual_lbfgs,30,3,15,1300021,4,gap_limit,0.26159980000011274,0.003366600001754705,-0.003156236295403264,0,0,,,initial_incumbent
large_k,bnb,gurobi,30,3,15,1300021,4,optimal,0.3376088000004529,0.15509259999817004,-0.003156236295403264,9.0,1,,,exact_binary_perspective_miqcp; warm_start=fista_dual_lbfgs
large_k,bnb,mosek,30,3,15,1300021,4,optimal,0.27095159999953466,0.09406110000054468,-0.003156236295403264,7,1,,,exact_binary_perspective_misocp; warm_start=fista_dual_lbfgs
large_k,bnb,fista_dual_fista,30,3,15,1300022,5,gap_limit,0.33944550000160234,0.0025536000030115247,-0.0038620736810925996,0,0,,,initial_incumbent
large_k,bnb,fista_dual_lbfgs,30,3,15,1300022,5,gap_limit,0.17676619999838294,0.00253060000250116,-0.0038620736810925996,0,0,,,initial_incumbent
large_k,bnb,gurobi,30,3,15,1300022,5,optimal,0.3238032999979623,0.14670739999928628,-0.0038620736810925996,1.0,1,,,exact_binary_perspective_miqcp; warm_start=fista_dual_lbfgs
large_k,bnb,mosek,30,3,15,1300022,5,optimal,0.3004629000024579,0.11728020000009565,-0.0038620736810925996,5,1,,,exact_binary_perspective_misocp; warm_start=fista_dual_lbfgs
large_k,bnb,fista_dual_fista,30,3,15,1300023,6,gap_limit,0.38843179999821587,0.0026368999970145524,-0.003750919327210866,0,0,,,initial_incumbent
large_k,bnb,fista_dual_lbfgs,30,3,15,1300023,6,gap_limit,0.17306409999946482,0.0025891999976010993,-0.003750919327210866,0,0,,,initial_incumbent
large_k,bnb,gurobi,30,3,15,1300023,6,optimal,0.30456219999905443,0.1353062999987742,-0.003750919327210866,3.0,1,,,exact_binary_perspective_miqcp; warm_start=fista_dual_lbfgs
large_k,bnb,mosek,30,3,15,1300023,6,optimal,0.2618435000003956,0.0899186999995436,-0.003750919327210866,5,2,,,exact_binary_perspective_misocp; warm_start=fista_dual_lbfgs
large_k,bnb,fista_dual_fista,30,3,15,1300024,7,gap_limit,0.22519349999856786,0.0033296000001428183,-0.0037055076288436753,0,0,,,initial_incumbent
large_k,bnb,fista_dual_lbfgs,30,3,15,1300024,7,gap_limit,0.15199330000177724,0.002480200000718469,-0.0037055076288436753,0,0,,,initial_incumbent
large_k,bnb,gurobi,30,3,15,1300024,7,optimal,0.25109530000190716,0.10036590000163415,-0.0037055076288436753,1.0,1,,,exact_binary_perspective_miqcp; warm_start=fista_dual_lbfgs
large_k,bnb,mosek,30,3,15,1300024,7,optimal,0.181286099999852,0.025795899997319793,-0.0037055076288436753,0,1,,,exact_binary_perspective_misocp; warm_start=fista_dual_lbfgs
large_k,bnb,fista_dual_fista,30,3,15,1300025,8,gap_limit,0.3513961999997264,0.0024983999974210747,-0.0036329696763034106,0,0,,,initial_incumbent
large_k,bnb,fista_dual_lbfgs,30,3,15,1300025,8,gap_limit,0.2462707999984559,0.0025538000008964445,-0.0036329696763034106,0,0,,,initial_incumbent
large_k,bnb,gurobi,30,3,15,1300025,8,optimal,0.3134498999970674,0.14101450000089244,-0.0036329696763034106,3.0,1,,,exact_binary_perspective_miqcp; warm_start=fista_dual_lbfgs
large_k,bnb,mosek,30,3,15,1300025,8,optimal,0.2630155000006198,0.08914430000004359,-0.0036329696763034106,5,1,,,exact_binary_perspective_misocp; warm_start=fista_dual_lbfgs
large_k,bnb,fista_dual_fista,30,3,15,1300026,9,gap_limit,0.4298527999999351,0.002875300000596326,-0.0034865845480428273,0,0,,,initial_incumbent
large_k,bnb,fista_dual_lbfgs,30,3,15,1300026,9,gap_limit,0.1805623000000196,0.002615700002934318,-0.0034865845480428273,0,0,,,initial_incumbent
large_k,bnb,gurobi,30,3,15,1300026,9,optimal,0.30975519999992684,0.13011390000247047,-0.0034865845480428273,5.0,1,,,exact_binary_perspective_miqcp; warm_start=fista_dual_lbfgs
large_k,bnb,mosek,30,3,15,1300026,9,optimal,0.29867120000199066,0.1142695000016829,-0.0034865845480428273,7,2,,,exact_binary_perspective_misocp; warm_start=fista_dual_lbfgs
large_k,bnb,fista_dual_fista,50,3,25,1500017,0,gap_limit,0.5571009999985108,0.004351999999926193,-0.0012788474441311152,0,0,,,initial_incumbent
large_k,bnb,fista_dual_lbfgs,50,3,25,1500017,0,gap_limit,0.2111536000011256,0.002824700000928715,-0.0012788474441311152,0,0,,,initial_incumbent
large_k,bnb,gurobi,50,3,25,1500017,0,optimal,0.5428028000023915,0.333338399999775,-0.0012788474441311152,5.0,1,,,exact_binary_perspective_miqcp; warm_start=fista_dual_lbfgs
large_k,bnb,mosek,50,3,25,1500017,0,optimal,0.4467153000005055,0.25104369999826304,-0.0012788474441311152,5,1,,,exact_binary_perspective_misocp; warm_start=fista_dual_lbfgs
large_k,bnb,fista_dual_fista,50,3,25,1500018,1,gap_limit,0.45427570000174455,0.002780200000415789,-0.0013044604680520627,0,0,,,initial_incumbent
large_k,bnb,fista_dual_lbfgs,50,3,25,1500018,1,gap_limit,0.25922399999763,0.003277299998444505,-0.0013044604680520627,0,0,,,initial_incumbent
large_k,bnb,gurobi,50,3,25,1500018,1,optimal,0.5567778000004182,0.35471209999741404,-0.0013044604680520627,5.0,1,,,exact_binary_perspective_miqcp; warm_start=fista_dual_lbfgs
large_k,bnb,mosek,50,3,25,1500018,1,optimal,0.35994120000032126,0.17098790000090958,-0.0013044604680520627,5,2,,,exact_binary_perspective_misocp; warm_start=fista_dual_lbfgs
large_k,bnb,fista_dual_fista,50,3,25,1500019,2,gap_limit,0.4717641999995976,0.0027436999989731703,-0.0013440461561655109,0,0,,,initial_incumbent
large_k,bnb,fista_dual_lbfgs,50,3,25,1500019,2,gap_limit,0.18806219999896712,0.0027187999985471833,-0.0013440461561655109,0,0,,,initial_incumbent
large_k,bnb,gurobi,50,3,25,1500019,2,optimal,0.5268882000018493,0.3389835999987554,-0.0013440461561655109,5.0,1,,,exact_binary_perspective_miqcp; warm_start=fista_dual_lbfgs
large_k,bnb,mosek,50,3,25,1500019,2,optimal,0.3363385000011476,0.15931590000036522,-0.0013440461561655109,5,1,,,exact_binary_perspective_misocp; warm_start=fista_dual_lbfgs
large_k,bnb,fista_dual_fista,50,3,25,1500020,3,gap_limit,0.48967780000020866,0.0025865999996312894,-0.0011364265605164191,0,0,,,initial_incumbent
large_k,bnb,fista_dual_lbfgs,50,3,25,1500020,3,gap_limit,0.19727630000124918,0.003277299998444505,-0.0011364265605164191,0,0,,,initial_incumbent
large_k,bnb,gurobi,50,3,25,1500020,3,optimal,0.5389367000025231,0.3447717000017292,-0.0011364265605164191,7.0,1,,,exact_binary_perspective_miqcp; warm_start=fista_dual_lbfgs
large_k,bnb,mosek,50,3,25,1500020,3,optimal,0.3645101000001887,0.16792770000029122,-0.0011364265605164191,7,1,,,exact_binary_perspective_misocp; warm_start=fista_dual_lbfgs
large_k,bnb,fista_dual_fista,50,3,25,1500021,4,gap_limit,0.4942449000009219,0.0024972999999590684,-0.0013603163266140694,0,0,,,initial_incumbent
large_k,bnb,fista_dual_lbfgs,50,3,25,1500021,4,gap_limit,0.19734260000041104,0.002862400000594789,-0.0013603163266140694,0,0,,,initial_incumbent
large_k,bnb,gurobi,50,3,25,1500021,4,optimal,0.5526976000001014,0.34864890000244486,-0.0013603163266140694,7.0,1,,,exact_binary_perspective_miqcp; warm_start=fista_dual_lbfgs
large_k,bnb,mosek,50,3,25,1500021,4,optimal,0.3693903000021237,0.1767306000001554,-0.0013603163266140694,7,1,,,exact_binary_perspective_misocp; warm_start=fista_dual_lbfgs
large_k,bnb,fista_dual_fista,50,3,25,1500022,5,gap_limit,0.42728600000191364,0.0025758000010682736,-0.0009841374283082564,0,0,,,initial_incumbent
large_k,bnb,fista_dual_lbfgs,50,3,25,1500022,5,gap_limit,0.1836473000003025,0.002475999997841427,-0.0009841374283082564,0,0,,,initial_incumbent
large_k,bnb,gurobi,50,3,25,1500022,5,optimal,0.4785757999998168,0.2991005000003497,-0.0009841374283082564,6.0,1,,,exact_binary_perspective_miqcp; warm_start=fista_dual_lbfgs
large_k,bnb,mosek,50,3,25,1500022,5,optimal,0.3836153000011109,0.19720289999895613,-0.0009841374283082564,13,1,,,exact_binary_perspective_misocp; warm_start=fista_dual_lbfgs
large_k,bnb,fista_dual_fista,50,3,25,1500023,6,gap_limit,0.4860097999990103,0.003445900001679547,-0.001410987764572406,0,0,,,initial_incumbent
large_k,bnb,fista_dual_lbfgs,50,3,25,1500023,6,gap_limit,0.183840900001087,0.0026144000003114343,-0.001410987764572406,0,0,,,initial_incumbent
large_k,bnb,gurobi,50,3,25,1500023,6,optimal,0.50504479999654,0.3269449999970675,-0.001410987764572406,3.0,1,,,exact_binary_perspective_miqcp; warm_start=fista_dual_lbfgs
large_k,bnb,mosek,50,3,25,1500023,6,optimal,0.33615020000070217,0.15744179999819607,-0.001410987764572406,3,2,,,exact_binary_perspective_misocp; warm_start=fista_dual_lbfgs
large_k,bnb,fista_dual_fista,50,3,25,1500024,7,gap_limit,0.5232145000009041,0.0030998999973235186,-0.0011895418525149914,0,0,,,initial_incumbent
large_k,bnb,fista_dual_lbfgs,50,3,25,1500024,7,gap_limit,0.1952880000026198,0.0026515999998082407,-0.0011895418525149914,0,0,,,initial_incumbent
large_k,bnb,gurobi,50,3,25,1500024,7,optimal,0.5361003999969398,0.3467653999978211,-0.0011895418525149914,9.0,1,,,exact_binary_perspective_miqcp; warm_start=fista_dual_lbfgs
large_k,bnb,mosek,50,3,25,1500024,7,optimal,0.3680608000031498,0.17821480000202428,-0.0011895418525149914,7,2,,,exact_binary_perspective_misocp; warm_start=fista_dual_lbfgs
large_k,bnb,fista_dual_fista,50,3,25,1500025,8,gap_limit,0.33297099999981583,0.0033032000028470065,-0.0011594481984727283,0,0,,,initial_incumbent
large_k,bnb,fista_dual_lbfgs,50,3,25,1500025,8,gap_limit,0.18087240000022575,0.0025755000024219044,-0.0011594481984727283,0,0,,,initial_incumbent
large_k,bnb,gurobi,50,3,25,1500025,8,optimal,0.48127630000089994,0.3049425999997766,-0.0011594481984727283,9.0,1,,,exact_binary_perspective_miqcp; warm_start=fista_dual_lbfgs
large_k,bnb,mosek,50,3,25,1500025,8,optimal,0.3479058000011719,0.1827923999990162,-0.0011594481984727283,7,1,,,exact_binary_perspective_misocp; warm_start=fista_dual_lbfgs
large_k,bnb,fista_dual_fista,50,3,25,1500026,9,gap_limit,0.4630915999987337,0.002646099997946294,-0.0011425432530800615,0,0,,,initial_incumbent
large_k,bnb,fista_dual_lbfgs,50,3,25,1500026,9,gap_limit,0.20396099999925354,0.002652999999554595,-0.0011425432530800615,0,0,,,initial_incumbent
large_k,bnb,gurobi,50,3,25,1500026,9,optimal,0.630179899999348,0.4248614999996789,-0.0011425432530800615,11.0,1,,,exact_binary_perspective_miqcp; warm_start=fista_dual_lbfgs
large_k,bnb,mosek,50,3,25,1500026,9,optimal,0.392968899999687,0.19725749999997788,-0.0011425432530800615,13,2,,,exact_binary_perspective_misocp; warm_start=fista_dual_lbfgs
large_k,bnb,fista_dual_fista,100,5,50,2000017,0,gap_limit,0.7629166999977315,0.0030584999985876493,-0.0030507142678343115,0,0,,,initial_incumbent
large_k,bnb,fista_dual_lbfgs,100,5,50,2000017,0,gap_limit,0.2356671000015922,0.0031943000030878466,-0.0030507142678343115,0,0,,,initial_incumbent
large_k,bnb,gurobi,100,5,50,2000017,0,optimal,1.3528012000024319,1.1188227999991796,-0.0030507142678343115,83.0,1,,,exact_binary_perspective_miqcp; warm_start=fista_dual_lbfgs
large_k,bnb,mosek,100,5,50,2000017,0,optimal,1.02158259999851,0.8126965000010387,-0.0030507142678343115,17,1,,,exact_binary_perspective_misocp; warm_start=fista_dual_lbfgs
large_k,bnb,fista_dual_fista,100,5,50,2000018,1,gap_limit,0.6617444999974396,0.003079299996898044,-0.0030780463806875935,0,0,,,initial_incumbent
large_k,bnb,fista_dual_lbfgs,100,5,50,2000018,1,gap_limit,0.3457669999988866,0.004228999998304062,-0.0030780463806875935,0,0,,,initial_incumbent
large_k,bnb,gurobi,100,5,50,2000018,1,time_limit,1.8477173000028415,1.529084800000419,-0.0030780463806875935,75.0,1,,,exact_binary_perspective_miqcp; warm_start=fista_dual_lbfgs
large_k,bnb,mosek,100,5,50,2000018,1,time_limit,1.8478620000023511,1.5215849999985949,-0.0030780463806875935,23,2,,,exact_binary_perspective_misocp; warm_start=fista_dual_lbfgs
large_k,bnb,fista_dual_fista,100,5,50,2000019,2,gap_limit,0.7553710000029241,0.004514800002652919,-0.0031503011656099974,0,0,,,initial_incumbent
large_k,bnb,fista_dual_lbfgs,100,5,50,2000019,2,gap_limit,0.2441023999999743,0.003324799999973038,-0.0031503011656099974,0,0,,,initial_incumbent
large_k,bnb,gurobi,100,5,50,2000019,2,optimal,1.4174528000003193,1.1065127000001667,-0.0031503011656099974,27.0,1,,,exact_binary_perspective_miqcp; warm_start=fista_dual_lbfgs
large_k,bnb,mosek,100,5,50,2000019,2,optimal,0.8454655000023195,0.6401389000020572,-0.0031503011656099974,9,1,,,exact_binary_perspective_misocp; warm_start=fista_dual_lbfgs
large_k,bnb,fista_dual_fista,100,5,50,2000020,3,gap_limit,0.5255137999993167,0.0028379999967000913,-0.0031804180571282873,0,0,,,initial_incumbent
large_k,bnb,fista_dual_lbfgs,100,5,50,2000020,3,gap_limit,0.3215483000021777,0.0055787999990570825,-0.0031804180571282873,0,0,,,initial_incumbent
large_k,bnb,gurobi,100,5,50,2000020,3,optimal,1.3281425999994099,1.0702527000030386,-0.0031804180571282873,27.0,1,,,exact_binary_perspective_miqcp; warm_start=fista_dual_lbfgs
large_k,bnb,mosek,100,5,50,2000020,3,optimal,0.8362449999985984,0.6216105000021344,-0.0031804180571282873,9,1,,,exact_binary_perspective_misocp; warm_start=fista_dual_lbfgs
large_k,bnb,fista_dual_fista,100,5,50,2000021,4,gap_limit,0.5334440000005998,0.0026835999997274484,-0.003170023460866698,0,0,,,initial_incumbent
large_k,bnb,fista_dual_lbfgs,100,5,50,2000021,4,gap_limit,0.215183899999829,0.0028199000007589348,-0.003170023460866698,0,0,,,initial_incumbent
large_k,bnb,gurobi,100,5,50,2000021,4,optimal,1.3452961999973923,1.0548885999996855,-0.003170023460866698,25.0,1,,,exact_binary_perspective_miqcp; warm_start=fista_dual_lbfgs
large_k,bnb,mosek,100,5,50,2000021,4,optimal,0.8894247999996878,0.6725191000004997,-0.003170023460866698,11,2,,,exact_binary_perspective_misocp; warm_start=fista_dual_lbfgs
large_k,bnb,fista_dual_fista,100,5,50,2000022,5,gap_limit,0.5055934000010893,0.0026794000004883856,-0.003226165303687578,0,0,,,initial_incumbent
large_k,bnb,fista_dual_lbfgs,100,5,50,2000022,5,gap_limit,0.21995000000242726,0.0026837999976123683,-0.003226165303687578,0,0,,,initial_incumbent
large_k,bnb,gurobi,100,5,50,2000022,5,optimal,1.459633099999337,1.2428857999984757,-0.003226165303687578,7.0,1,,,exact_binary_perspective_miqcp; warm_start=fista_dual_lbfgs
large_k,bnb,mosek,100,5,50,2000022,5,optimal,0.7463443000015104,0.5305747999991581,-0.003226165303687578,9,2,,,exact_binary_perspective_misocp; warm_start=fista_dual_lbfgs
large_k,bnb,fista_dual_fista,100,5,50,2000023,6,gap_limit,0.6136392999978852,0.0027555999986361712,-0.003072205835724491,0,0,,,initial_incumbent
large_k,bnb,fista_dual_lbfgs,100,5,50,2000023,6,gap_limit,0.2211195999989286,0.002784500000416301,-0.003072205835724491,0,0,,,initial_incumbent
large_k,bnb,gurobi,100,5,50,2000023,6,optimal,1.2637758999990183,1.051225400002295,-0.003072205835724491,67.0,1,,,exact_binary_perspective_miqcp; warm_start=fista_dual_lbfgs
large_k,bnb,mosek,100,5,50,2000023,6,optimal,0.868218200001138,0.6486026999991736,-0.003072205835724491,9,1,,,exact_binary_perspective_misocp; warm_start=fista_dual_lbfgs
large_k,bnb,fista_dual_fista,100,5,50,2000024,7,gap_limit,0.478455299999041,0.0032725999990361743,-0.003205331531577064,0,0,,,initial_incumbent
large_k,bnb,fista_dual_lbfgs,100,5,50,2000024,7,gap_limit,0.2093456000002334,0.003042500000447035,-0.003205331531577064,0,0,,,initial_incumbent
large_k,bnb,gurobi,100,5,50,2000024,7,optimal,1.432234799998696,1.2307045000015933,-0.003205331531577064,8.0,1,,,exact_binary_perspective_miqcp; warm_start=fista_dual_lbfgs
large_k,bnb,mosek,100,5,50,2000024,7,optimal,0.7898630000017874,0.5683919000002788,-0.003205331531577064,7,1,,,exact_binary_perspective_misocp; warm_start=fista_dual_lbfgs
large_k,bnb,fista_dual_fista,100,5,50,2000025,8,gap_limit,0.49576430000161054,0.002913699998316588,-0.0032384754413521625,0,0,,,initial_incumbent
large_k,bnb,fista_dual_lbfgs,100,5,50,2000025,8,gap_limit,0.2224205999991682,0.0027885999988939147,-0.0032384754413521625,0,0,,,initial_incumbent
large_k,bnb,gurobi,100,5,50,2000025,8,optimal,1.1558430999975826,0.9457271000028413,-0.0032384754413521625,14.0,1,,,exact_binary_perspective_miqcp; warm_start=fista_dual_lbfgs
large_k,bnb,mosek,100,5,50,2000025,8,optimal,0.8162059000023874,0.6131792000014684,-0.0032384754413521625,5,2,,,exact_binary_perspective_misocp; warm_start=fista_dual_lbfgs
large_k,bnb,fista_dual_fista,100,5,50,2000026,9,gap_limit,0.6294239000017114,0.002822300000843825,-0.0030192955828119827,0,0,,,initial_incumbent
large_k,bnb,fista_dual_lbfgs,100,5,50,2000026,9,gap_limit,0.22297690000050352,0.00271710000015446,-0.0030192955828119827,0,0,,,initial_incumbent
large_k,bnb,gurobi,100,5,50,2000026,9,optimal,1.236479800001689,1.016636299998936,-0.0030192955828119827,36.0,1,,,exact_binary_perspective_miqcp; warm_start=fista_dual_lbfgs
large_k,bnb,mosek,100,5,50,2000026,9,optimal,0.9994409000028099,0.7926723999989918,-0.0030192955828119827,17,2,,,exact_binary_perspective_misocp; warm_start=fista_dual_lbfgs
large_k,bnb,fista_dual_fista,300,15,50,4000017,0,gap_limit,0.679252700003417,0.00304360000154702,-0.0075354161835204,0,0,,,initial_incumbent
large_k,bnb,fista_dual_lbfgs,300,15,50,4000017,0,gap_limit,0.25497570000152336,0.003126600000541657,-0.0075354161835204,0,0,,,initial_incumbent
large_k,bnb,gurobi,300,15,50,4000017,0,time_limit,1.7818580999992264,1.5327044999976351,-0.0075354161835204,1.0,1,,,exact_binary_perspective_miqcp; warm_start=fista_dual_lbfgs
large_k,bnb,mosek,300,15,50,4000017,0,time_limit,2.127739499999734,1.8409557000013592,-0.0075354161835204,0,2,,,exact_binary_perspective_misocp; warm_start=fista_dual_lbfgs
large_k,bnb,fista_dual_fista,300,15,50,4000018,1,gap_limit,0.8191694000015559,0.003357100002176594,-0.007456825410040416,0,0,,,initial_incumbent
large_k,bnb,fista_dual_lbfgs,300,15,50,4000018,1,gap_limit,0.28332809999847086,0.0036760000002686866,-0.007456825410040416,0,0,,,initial_incumbent
large_k,bnb,gurobi,300,15,50,4000018,1,time_limit,1.8130216999998083,1.5358660000019881,-0.007456825410040416,1.0,1,,,exact_binary_perspective_miqcp; warm_start=fista_dual_lbfgs
large_k,bnb,mosek,300,15,50,4000018,1,time_limit,1.7654856000008294,1.5210255999991205,-0.007456825410040416,1,1,,,exact_binary_perspective_misocp; warm_start=fista_dual_lbfgs
large_k,bnb,fista_dual_fista,300,15,50,4000019,2,gap_limit,0.718672200000583,0.004028200000902871,-0.007538713443062275,0,0,,,initial_incumbent
large_k,bnb,fista_dual_lbfgs,300,15,50,4000019,2,gap_limit,0.26465140000073006,0.0030340999983309302,-0.007538713443062275,0,0,,,initial_incumbent
large_k,bnb,gurobi,300,15,50,4000019,2,time_limit,1.8748915000032866,1.5287750999996206,-0.007538713443062275,1.0,1,,,exact_binary_perspective_miqcp; warm_start=fista_dual_lbfgs
large_k,bnb,mosek,300,15,50,4000019,2,time_limit,1.968597499999305,1.715507400000206,-0.007538713443062275,0,1,,,exact_binary_perspective_misocp; warm_start=fista_dual_lbfgs
large_k,bnb,fista_dual_fista,300,15,50,4000020,3,gap_limit,0.6325189999988652,0.003123099999356782,-0.007580361194629598,0,0,,,initial_incumbent
large_k,bnb,fista_dual_lbfgs,300,15,50,4000020,3,gap_limit,0.2401793999997608,0.003015199999936158,-0.007580361194629598,0,0,,,initial_incumbent
large_k,bnb,gurobi,300,15,50,4000020,3,time_limit,1.7718013000012434,1.537404599999718,-0.007580361194629598,1.0,1,,,exact_binary_perspective_miqcp; warm_start=fista_dual_lbfgs
large_k,bnb,mosek,300,15,50,4000020,3,time_limit,1.8393061999995552,1.5918836999990162,-0.007580361194629598,0,2,,,exact_binary_perspective_misocp; warm_start=fista_dual_lbfgs
large_k,bnb,fista_dual_fista,300,15,50,4000021,4,gap_limit,0.6701731000030122,0.002915900000516558,-0.007579032670665638,0,0,,,initial_incumbent
large_k,bnb,fista_dual_lbfgs,300,15,50,4000021,4,gap_limit,0.2549639999997453,0.0028770999997504987,-0.007579032670665638,0,0,,,initial_incumbent
large_k,bnb,gurobi,300,15,50,4000021,4,time_limit,1.7841416000010213,1.5286787000004551,-0.007579032670665638,1.0,1,,,exact_binary_perspective_miqcp; warm_start=fista_dual_lbfgs
large_k,bnb,mosek,300,15,50,4000021,4,time_limit,1.8609680000008666,1.609261300000071,-0.007579032670665638,0,2,,,exact_binary_perspective_misocp; warm_start=fista_dual_lbfgs
large_k,bnb,fista_dual_fista,300,15,50,4000022,5,gap_limit,0.6099786999984644,0.003164099998684833,-0.0075921263633893414,0,0,,,initial_incumbent
large_k,bnb,fista_dual_lbfgs,300,15,50,4000022,5,gap_limit,0.23553499999979977,0.002883799999835901,-0.0075921263633893414,0,0,,,initial_incumbent
large_k,bnb,gurobi,300,15,50,4000022,5,time_limit,1.809540599999309,1.5676941999990959,-0.0075921263633893414,1.0,1,,,exact_binary_perspective_miqcp; warm_start=fista_dual_lbfgs
large_k,bnb,mosek,300,15,50,4000022,5,time_limit,1.7940072000019427,1.5412581999989925,-0.0075921263633893414,0,2,,,exact_binary_perspective_misocp; warm_start=fista_dual_lbfgs
large_k,bnb,fista_dual_fista,300,15,50,4000023,6,gap_limit,0.7853451000009954,0.004281399997125845,-0.007487336995813892,0,0,,,initial_incumbent
large_k,bnb,fista_dual_lbfgs,300,15,50,4000023,6,gap_limit,0.27224269999715034,0.004132100002607331,-0.007487336995813892,0,0,,,initial_incumbent
large_k,bnb,gurobi,300,15,50,4000023,6,time_limit,1.8604903999985254,1.5459895000021788,-0.007487336995813892,1.0,1,,,exact_binary_perspective_miqcp; warm_start=fista_dual_lbfgs
large_k,bnb,mosek,300,15,50,4000023,6,time_limit,1.7646204000011494,1.5205692000017734,-0.007487336995813892,1,2,,,exact_binary_perspective_misocp; warm_start=fista_dual_lbfgs
large_k,bnb,fista_dual_fista,300,15,50,4000024,7,gap_limit,0.6958852999996452,0.003444000001763925,-0.007509065917271164,0,0,,,initial_incumbent
large_k,bnb,fista_dual_lbfgs,300,15,50,4000024,7,gap_limit,0.27946309999970254,0.0032969999992928933,-0.007509065917271164,0,0,,,initial_incumbent
large_k,bnb,gurobi,300,15,50,4000024,7,time_limit,1.809693100000004,1.5325857999996515,-0.007509065917271164,1.0,1,,,exact_binary_perspective_miqcp; warm_start=fista_dual_lbfgs
large_k,bnb,mosek,300,15,50,4000024,7,time_limit,1.9948684000009962,1.7374713999997766,-0.007509065917271164,0,1,,,exact_binary_perspective_misocp; warm_start=fista_dual_lbfgs
large_k,bnb,fista_dual_fista,300,15,50,4000025,8,gap_limit,0.6373529000011331,0.0029112000011082273,-0.007567084937632089,0,0,,,initial_incumbent
large_k,bnb,fista_dual_lbfgs,300,15,50,4000025,8,gap_limit,0.24536499999885564,0.003076999997574603,-0.007567084937632089,0,0,,,initial_incumbent
large_k,bnb,gurobi,300,15,50,4000025,8,time_limit,1.7784200999994937,1.5353250000007392,-0.007567084937632089,1.0,1,,,exact_binary_perspective_miqcp; warm_start=fista_dual_lbfgs
large_k,bnb,mosek,300,15,50,4000025,8,time_limit,2.348309299999528,2.081435700001748,-0.007567084937632089,0,2,,,exact_binary_perspective_misocp; warm_start=fista_dual_lbfgs
large_k,bnb,fista_dual_fista,300,15,50,4000026,9,gap_limit,0.7520666999989771,0.003049700000701705,-0.007556140026184682,0,0,,,initial_incumbent
large_k,bnb,fista_dual_lbfgs,300,15,50,4000026,9,gap_limit,0.2572665000006964,0.003030299998499686,-0.007556140026184682,0,0,,,initial_incumbent
large_k,bnb,gurobi,300,15,50,4000026,9,time_limit,1.7734076999986428,1.5257215999990876,-0.007556140026184682,1.0,1,,,exact_binary_perspective_miqcp; warm_start=fista_dual_lbfgs
large_k,bnb,mosek,300,15,50,4000026,9,time_limit,2.0008277999986603,1.6795734000006632,-0.007556140026184682,0,1,,,exact_binary_perspective_misocp; warm_start=fista_dual_lbfgs
large_k,bnb,fista_dual_fista,1000,50,50,11000017,0,gap_limit,2.0978988999995636,0.0043081999974674545,-0.010170119938457059,0,0,,,initial_incumbent
large_k,bnb,fista_dual_lbfgs,1000,50,50,11000017,0,gap_limit,0.3689057000010507,0.005068599999503931,-0.010170119938457059,0,0,,,initial_incumbent
large_k,bnb,gurobi,1000,50,50,11000017,0,time_limit,1.9216362000006484,1.5598540999999386,-0.010170119938457059,1.0,1,,,exact_binary_perspective_miqcp; warm_start=fista_dual_lbfgs
large_k,bnb,mosek,1000,50,50,11000017,0,optimal,1.452363599997625,1.0834228999992774,-0.010170119938457059,0,2,,,exact_binary_perspective_misocp; warm_start=fista_dual_lbfgs
large_k,bnb,fista_dual_fista,1000,50,50,11000018,1,gap_limit,2.187550499998906,0.006633199998759665,-0.01013498227358662,0,0,,,initial_incumbent
large_k,bnb,fista_dual_lbfgs,1000,50,50,11000018,1,gap_limit,0.4107112000019697,0.004490700001042569,-0.01013498227358662,0,0,,,initial_incumbent
large_k,bnb,gurobi,1000,50,50,11000018,1,time_limit,1.9709049000011873,1.564425199998368,-0.01013498227358662,1.0,1,,,exact_binary_perspective_miqcp; warm_start=fista_dual_lbfgs
large_k,bnb,mosek,1000,50,50,11000018,1,optimal,1.4804332999992766,1.1006866999996419,-0.01013498227358662,0,1,,,exact_binary_perspective_misocp; warm_start=fista_dual_lbfgs
large_k,bnb,fista_dual_fista,1000,50,50,11000019,2,gap_limit,3.229231900000741,0.004741400000057183,-0.010170854691157138,0,0,,,initial_incumbent
large_k,bnb,fista_dual_lbfgs,1000,50,50,11000019,2,gap_limit,0.346925600002578,0.004264900002453942,-0.010170854691157138,0,0,,,initial_incumbent
large_k,bnb,gurobi,1000,50,50,11000019,2,time_limit,1.9098066999977164,1.5600505000002158,-0.010170854691157138,1.0,1,,,exact_binary_perspective_miqcp; warm_start=fista_dual_lbfgs
large_k,bnb,mosek,1000,50,50,11000019,2,optimal,1.6500827000018035,1.2848397999987355,-0.010170854691157138,0,1,,,exact_binary_perspective_misocp; warm_start=fista_dual_lbfgs
large_k,bnb,fista_dual_fista,1000,50,50,11000020,3,gap_limit,2.0369185999988986,0.004601000000548083,-0.010191179638345316,0,0,,,initial_incumbent
large_k,bnb,fista_dual_lbfgs,1000,50,50,11000020,3,gap_limit,0.4508590000004915,0.004765300000144634,-0.010191179638345316,0,0,,,initial_incumbent
large_k,bnb,gurobi,1000,50,50,11000020,3,time_limit,2.0344326999984332,1.5923115000005055,-0.010191179638345316,1.0,1,,,exact_binary_perspective_miqcp; warm_start=fista_dual_lbfgs
large_k,bnb,mosek,1000,50,50,11000020,3,optimal,1.7803419000010763,1.353894500000024,-0.010191179638345316,0,1,,,exact_binary_perspective_misocp; warm_start=fista_dual_lbfgs
large_k,bnb,fista_dual_fista,1000,50,50,11000021,4,gap_limit,3.2167707000007795,0.004884499998297542,-0.01019916567650728,0,0,,,initial_incumbent
large_k,bnb,fista_dual_lbfgs,1000,50,50,11000021,4,gap_limit,0.3997577000009187,0.004342200001701713,-0.01019916567650728,0,0,,,initial_incumbent
large_k,bnb,gurobi,1000,50,50,11000021,4,time_limit,1.9476624999988417,1.5603558999973757,-0.01019916567650728,1.0,1,,,exact_binary_perspective_miqcp; warm_start=fista_dual_lbfgs
large_k,bnb,mosek,1000,50,50,11000021,4,optimal,1.6161881999978505,1.25311739999961,-0.01019916567650728,0,2,,,exact_binary_perspective_misocp; warm_start=fista_dual_lbfgs
large_k,bnb,fista_dual_fista,1000,50,50,11000022,5,gap_limit,3.233318300000974,0.004714499998954125,-0.01017949336908611,0,0,,,initial_incumbent
large_k,bnb,fista_dual_lbfgs,1000,50,50,11000022,5,gap_limit,0.6281775999996171,0.004434499998751562,-0.01017949336908611,0,0,,,initial_incumbent
large_k,bnb,gurobi,1000,50,50,11000022,5,time_limit,1.984828099997685,1.5679315999987011,-0.01017949336908611,1.0,1,,,exact_binary_perspective_miqcp; warm_start=fista_dual_lbfgs
large_k,bnb,mosek,1000,50,50,11000022,5,optimal,1.677792300000874,1.2988150000019232,-0.01017949336908611,0,2,,,exact_binary_perspective_misocp; warm_start=fista_dual_lbfgs
large_k,bnb,fista_dual_fista,1000,50,50,11000023,6,gap_limit,1.9189651000015147,0.004865200000494951,-0.010120842297906895,0,0,,,initial_incumbent
large_k,bnb,fista_dual_lbfgs,1000,50,50,11000023,6,gap_limit,0.37677199999961886,0.004181500000413507,-0.010120842297906895,0,0,,,initial_incumbent
large_k,bnb,gurobi,1000,50,50,11000023,6,time_limit,1.9413163000026543,1.5627648000008776,-0.010120842297906895,1.0,1,,,exact_binary_perspective_miqcp; warm_start=fista_dual_lbfgs
large_k,bnb,mosek,1000,50,50,11000023,6,optimal,1.7451454000001831,1.3332201999983226,-0.010120842297906895,0,1,,,exact_binary_perspective_misocp; warm_start=fista_dual_lbfgs
large_k,bnb,fista_dual_fista,1000,50,50,11000024,7,gap_limit,3.2988048999977764,0.004685500000050524,-0.010189753205695297,0,0,,,initial_incumbent
large_k,bnb,fista_dual_lbfgs,1000,50,50,11000024,7,gap_limit,0.4464963999998872,0.00585030000002007,-0.010189753205695297,0,0,,,initial_incumbent
large_k,bnb,gurobi,1000,50,50,11000024,7,time_limit,2.012213800000609,1.5694225000006554,-0.010189753205695297,1.0,1,,,exact_binary_perspective_miqcp; warm_start=fista_dual_lbfgs
large_k,bnb,mosek,1000,50,50,11000024,7,optimal,1.692373999998381,1.3022677000008116,-0.010189753205695297,0,2,,,exact_binary_perspective_misocp; warm_start=fista_dual_lbfgs
large_k,bnb,fista_dual_fista,1000,50,50,11000025,8,gap_limit,1.3874345000003814,0.004646699999284465,-0.010174422277130652,0,0,,,initial_incumbent
large_k,bnb,fista_dual_lbfgs,1000,50,50,11000025,8,gap_limit,0.47939030000270577,0.004444000001967652,-0.010174422277130652,0,0,,,initial_incumbent
large_k,bnb,gurobi,1000,50,50,11000025,8,time_limit,1.9642961999998079,1.5805913000003784,-0.010174422277130652,1.0,1,,,exact_binary_perspective_miqcp; warm_start=fista_dual_lbfgs
large_k,bnb,mosek,1000,50,50,11000025,8,optimal,1.4878029000028619,1.0982383000009577,-0.010174422277130652,0,2,,,exact_binary_perspective_misocp; warm_start=fista_dual_lbfgs
large_k,bnb,fista_dual_fista,1000,50,50,11000026,9,gap_limit,3.219080800001393,0.005507500001840526,-0.010159015455340113,0,0,,,initial_incumbent
large_k,bnb,fista_dual_lbfgs,1000,50,50,11000026,9,gap_limit,0.41035550000015064,0.004178399998636451,-0.010159015455340113,0,0,,,initial_incumbent
large_k,bnb,gurobi,1000,50,50,11000026,9,time_limit,1.9793349000028684,1.5639693000011903,-0.010159015455340113,1.0,1,,,exact_binary_perspective_miqcp; warm_start=fista_dual_lbfgs
large_k,bnb,mosek,1000,50,50,11000026,9,optimal,1.8021421999983431,1.2858071999980893,-0.010159015455340113,0,1,,,exact_binary_perspective_misocp; warm_start=fista_dual_lbfgs
large_k,bnb,fista_dual_fista,5000,50,50,51000017,0,gap_limit,3.3916162999994413,0.016708499999367632,-0.00652885015947171,0,0,,,initial_incumbent
large_k,bnb,fista_dual_lbfgs,5000,50,50,51000017,0,gap_limit,0.7153915999988385,0.016263000001345063,-0.00652885015947171,0,0,,,initial_incumbent
large_k,bnb,gurobi,5000,50,50,51000017,0,time_limit,2.492679399998451,1.8021937999983493,-0.00652885015947171,0.0,1,,,exact_binary_perspective_miqcp; warm_start=fista_dual_lbfgs
large_k,bnb,mosek,5000,50,50,51000017,0,time_limit,4.9092915000001085,4.246434799999406,-0.00652885015947171,0,1,,,exact_binary_perspective_misocp; warm_start=fista_dual_lbfgs
large_k,bnb,fista_dual_fista,5000,50,50,51000018,1,gap_limit,3.241197999999713,0.015371599998616148,-0.006544560143273653,0,0,,,initial_incumbent
large_k,bnb,fista_dual_lbfgs,5000,50,50,51000018,1,gap_limit,0.6283839999996417,0.015063399998325622,-0.006544560143273653,0,0,,,initial_incumbent
large_k,bnb,gurobi,5000,50,50,51000018,1,time_limit,2.449774200002139,1.8166266999978689,-0.006544560143273653,0.0,1,,,exact_binary_perspective_miqcp; warm_start=fista_dual_lbfgs
large_k,bnb,mosek,5000,50,50,51000018,1,time_limit,4.482949400000507,3.8599567000019306,-0.006544560143273653,0,1,,,exact_binary_perspective_misocp; warm_start=fista_dual_lbfgs
large_k,bnb,fista_dual_fista,5000,50,50,51000019,2,gap_limit,3.305110400000558,0.015045799998915754,-0.006515014074240365,0,0,,,initial_incumbent
large_k,bnb,fista_dual_lbfgs,5000,50,50,51000019,2,gap_limit,0.6483490999999049,0.016155799999978626,-0.006515014074240365,0,0,,,initial_incumbent
large_k,bnb,gurobi,5000,50,50,51000019,2,time_limit,2.569137500002398,1.86943749999773,-0.006515014074240365,0.0,1,,,exact_binary_perspective_miqcp; warm_start=fista_dual_lbfgs
large_k,bnb,mosek,5000,50,50,51000019,2,time_limit,4.6036955999989,3.879684100000304,-0.006515014074240365,0,1,,,exact_binary_perspective_misocp; warm_start=fista_dual_lbfgs
large_k,bnb,fista_dual_fista,5000,50,50,51000020,3,gap_limit,2.800870800001576,0.015447000001586275,-0.0065092253207343536,0,0,,,initial_incumbent
large_k,bnb,fista_dual_lbfgs,5000,50,50,51000020,3,gap_limit,0.645158100000117,0.014148499998555053,-0.0065092253207343536,0,0,,,initial_incumbent
large_k,bnb,gurobi,5000,50,50,51000020,3,time_limit,2.497901799997635,1.8202234999989741,-0.0065092253207343536,0.0,1,,,exact_binary_perspective_miqcp; warm_start=fista_dual_lbfgs
large_k,bnb,mosek,5000,50,50,51000020,3,time_limit,4.570107700001245,3.8446742999985872,-0.0065092253207343536,0,1,,,exact_binary_perspective_misocp; warm_start=fista_dual_lbfgs
large_k,bnb,fista_dual_fista,5000,50,50,51000021,4,gap_limit,3.325657500001398,0.01523510000333772,-0.0064981005127027905,0,0,,,initial_incumbent
large_k,bnb,fista_dual_lbfgs,5000,50,50,51000021,4,gap_limit,0.6353323000003002,0.015370100001746323,-0.0064981005127027905,0,0,,,initial_incumbent
large_k,bnb,gurobi,5000,50,50,51000021,4,time_limit,2.391024100001232,1.7638966999984405,-0.0064981005127027905,0.0,1,,,exact_binary_perspective_miqcp; warm_start=fista_dual_lbfgs
large_k,bnb,mosek,5000,50,50,51000021,4,time_limit,4.639984199999162,4.006215199999133,-0.0064981005127027905,0,1,,,exact_binary_perspective_misocp; warm_start=fista_dual_lbfgs
large_k,bnb,fista_dual_fista,5000,50,50,51000022,5,gap_limit,2.79517610000039,0.016770700000051875,-0.006531462150636163,0,0,,,initial_incumbent
large_k,bnb,fista_dual_lbfgs,5000,50,50,51000022,5,gap_limit,0.6489069999988715,0.01601680000021588,-0.006531462150636163,0,0,,,initial_incumbent
large_k,bnb,gurobi,5000,50,50,51000022,5,time_limit,2.5766002999989723,1.824220399998012,-0.006531462150636163,0.0,1,,,exact_binary_perspective_miqcp; warm_start=fista_dual_lbfgs
large_k,bnb,mosek,5000,50,50,51000022,5,time_limit,4.451612199998635,3.775050000000192,-0.006531462150636163,0,1,,,exact_binary_perspective_misocp; warm_start=fista_dual_lbfgs
large_k,bnb,fista_dual_fista,5000,50,50,51000023,6,gap_limit,3.3281673999990744,0.01759929999752785,-0.006551977795646317,0,0,,,initial_incumbent
large_k,bnb,fista_dual_lbfgs,5000,50,50,51000023,6,gap_limit,0.6190538000009838,0.014961500000936212,-0.006551977795646317,0,0,,,initial_incumbent
large_k,bnb,gurobi,5000,50,50,51000023,6,time_limit,2.390676600000006,1.7860775000008289,-0.006551977795646317,0.0,1,,,exact_binary_perspective_miqcp; warm_start=fista_dual_lbfgs
large_k,bnb,mosek,5000,50,50,51000023,6,time_limit,4.375665799998387,3.800936100000399,-0.006551977795646317,0,1,,,exact_binary_perspective_misocp; warm_start=fista_dual_lbfgs
large_k,bnb,fista_dual_fista,5000,50,50,51000024,7,gap_limit,3.079422800001339,0.017053499999747146,-0.006527492416894806,0,0,,,initial_incumbent
large_k,bnb,fista_dual_lbfgs,5000,50,50,51000024,7,gap_limit,0.7526680000009947,0.01645260000077542,-0.006527492416894806,0,0,,,initial_incumbent
large_k,bnb,gurobi,5000,50,50,51000024,7,time_limit,2.5284973999987415,1.8132534999967902,-0.006527492416894806,0.0,1,,,exact_binary_perspective_miqcp; warm_start=fista_dual_lbfgs
large_k,bnb,mosek,5000,50,50,51000024,7,time_limit,4.421359899999516,3.78004829999918,-0.006527492416894806,0,1,,,exact_binary_perspective_misocp; warm_start=fista_dual_lbfgs
large_k,bnb,fista_dual_fista,5000,50,50,51000025,8,gap_limit,3.2772454999976617,0.015387299998110393,-0.006525712476986784,0,0,,,initial_incumbent
large_k,bnb,fista_dual_lbfgs,5000,50,50,51000025,8,gap_limit,0.6409789000026649,0.015180800000962336,-0.006525712476986784,0,0,,,initial_incumbent
large_k,bnb,gurobi,5000,50,50,51000025,8,time_limit,2.5050956000013684,1.8296667000031448,-0.006525712476986784,0.0,1,,,exact_binary_perspective_miqcp; warm_start=fista_dual_lbfgs
large_k,bnb,mosek,5000,50,50,51000025,8,time_limit,4.797914200000378,3.9986341999974684,-0.006525712476986784,0,1,,,exact_binary_perspective_misocp; warm_start=fista_dual_lbfgs
large_k,bnb,fista_dual_fista,5000,50,50,51000026,9,gap_limit,3.297745500000019,0.01522300000215182,-0.0065403486714038775,0,0,,,initial_incumbent
large_k,bnb,fista_dual_lbfgs,5000,50,50,51000026,9,gap_limit,0.6217510000024049,0.015610099999321392,-0.0065403486714038775,0,0,,,initial_incumbent
large_k,bnb,gurobi,5000,50,50,51000026,9,time_limit,2.438624999998865,1.823444699999527,-0.0065403486714038775,0.0,1,,,exact_binary_perspective_miqcp; warm_start=fista_dual_lbfgs
large_k,bnb,mosek,5000,50,50,51000026,9,time_limit,4.6677238999982364,4.059493400000065,-0.0065403486714038775,0,1,,,exact_binary_perspective_misocp; warm_start=fista_dual_lbfgs
large_k,prox,fista_dual_fista,10,3,5,1100017,0,converged,0.028055400001903763,0.028055400001903763,,27,0,5.4747657518561255e-09,1.7312729421538793e-09,row_scaled_dual_fista
large_k,prox,fista_dual_lbfgs,10,3,5,1100017,0,converged,0.0031535000016447157,0.0031535000016447157,,2,3,1.887379141862766e-15,6.433930268409849e-16,row_scaled_dual_lbfgsb
large_k,prox,gurobi,10,3,5,1100017,0,optimal,0.046111600000585895,0.03475129999787896,,17,,,,
large_k,prox,mosek,10,3,5,1100017,0,optimal,0.010288699999364326,0.009273200001189252,,13,,,,
large_k,prox,fista_dual_fista,10,3,5,1100018,1,converged,0.06262299999798415,0.06262299999798415,,56,0,9.572994952300462e-09,3.0272468327725283e-09,row_scaled_dual_fista
large_k,prox,fista_dual_lbfgs,10,3,5,1100018,1,converged,0.005090399998152861,0.005090399998152861,,4,5,1.1102230246251565e-16,3.7970315141178544e-17,row_scaled_dual_lbfgsb
large_k,prox,gurobi,10,3,5,1100018,1,optimal,0.02851599999848986,0.018570800002635224,,13,,,,
large_k,prox,mosek,10,3,5,1100018,1,optimal,0.010271200000715908,0.009604500002751593,,14,,,,
large_k,prox,fista_dual_fista,10,3,5,1100019,2,converged,0.011548499998752959,0.011548499998752959,,10,0,2.859674497202036e-09,9.043085108574981e-10,row_scaled_dual_fista
large_k,prox,fista_dual_lbfgs,10,3,5,1100019,2,converged,0.005925000001298031,0.005925000001298031,,2,3,2.220446049250313e-16,6.554454686910484e-17,row_scaled_dual_lbfgsb
large_k,prox,gurobi,10,3,5,1100019,2,optimal,0.033302600000752136,0.018608800000947667,,11,,,,
large_k,prox,mosek,10,3,5,1100019,2,optimal,0.009613099999114638,0.008923500001401408,,11,,,,
large_k,prox,fista_dual_fista,10,3,5,1100020,3,converged,0.01224480000018957,0.01224480000018957,,12,0,1.5970089695116485e-09,5.050185285425652e-10,row_scaled_dual_fista
large_k,prox,fista_dual_lbfgs,10,3,5,1100020,3,converged,0.0031349000018963125,0.0031349000018963125,,2,3,7.771561172376096e-15,2.440394597622455e-15,row_scaled_dual_lbfgsb
large_k,prox,gurobi,10,3,5,1100020,3,optimal,0.018667600001208484,0.018273599998792633,,12,,,,
large_k,prox,mosek,10,3,5,1100020,3,optimal,0.011661000000458444,0.010579900001175702,,12,,,,
large_k,prox,fista_dual_fista,10,3,5,1100021,4,converged,0.08298519999880227,0.08298519999880227,,23,0,1.0796965765891287e-08,3.4143003778530677e-09,row_scaled_dual_fista
large_k,prox,fista_dual_lbfgs,10,3,5,1100021,4,converged,0.004903600001853192,0.004903600001853192,,4,5,2.220446049250313e-16,8.491352587902258e-17,row_scaled_dual_lbfgsb
large_k,prox,gurobi,10,3,5,1100021,4,optimal,0.025627899998653447,0.01942140000028303,,13,,,,
large_k,prox,mosek,10,3,5,1100021,4,optimal,0.011591300000873161,0.010889199998928234,,12,,,,
large_k,prox,fista_dual_fista,10,3,5,1100022,5,converged,0.033745999997336185,0.033745999997336185,,27,0,1.757092671361704e-08,5.5564148798793545e-09,row_scaled_dual_fista
large_k,prox,fista_dual_lbfgs,10,3,5,1100022,5,converged,0.004922399999486515,0.004922399999486515,,4,5,4.440892098500626e-16,1.523545888292334e-16,row_scaled_dual_lbfgsb
large_k,prox,gurobi,10,3,5,1100022,5,optimal,0.020518399996944936,0.018749300001218216,,9,,,,
large_k,prox,mosek,10,3,5,1100022,5,optimal,0.010015700001531513,0.009342299999843817,,12,,,,
large_k,prox,fista_dual_fista,10,3,5,1100023,6,converged,0.04646649999995134,0.04646649999995134,,37,0,2.9271059132085497e-08,9.256321585582274e-09,row_scaled_dual_fista
large_k,prox,fista_dual_lbfgs,10,3,5,1100023,6,converged,0.005369099999370519,0.005369099999370519,,4,5,1.1102230246251565e-16,8.310865772312738e-17,row_scaled_dual_lbfgsb
large_k,prox,gurobi,10,3,5,1100023,6,optimal,0.025019299999257782,0.018604500000947155,,9,,,,
large_k,prox,mosek,10,3,5,1100023,6,optimal,0.010909799999353709,0.01011110000035842,,12,,,,
large_k,prox,fista_dual_fista,10,3,5,1100024,7,converged,0.013745599997491809,0.013745599997491809,,12,0,2.8826648401647503e-08,9.115786626630144e-09,row_scaled_dual_fista
large_k,prox,fista_dual_lbfgs,10,3,5,1100024,7,converged,0.004532599999947706,0.004532599999947706,,4,5,4.440892098500626e-16,1.6186861620293597e-16,row_scaled_dual_lbfgsb
large_k,prox,gurobi,10,3,5,1100024,7,optimal,0.02818249999836553,0.019188100002793362,,13,,,,
large_k,prox,mosek,10,3,5,1100024,7,optimal,0.02194729999973788,0.02034260000073118,,13,,,,
large_k,prox,fista_dual_fista,10,3,5,1100025,8,converged,0.06805940000049304,0.06805940000049304,,37,0,1.4721917018789554e-08,4.655478921704581e-09,row_scaled_dual_fista
large_k,prox,fista_dual_lbfgs,10,3,5,1100025,8,converged,0.00433089999933145,0.00433089999933145,,4,5,2.220446049250313e-16,0.0,row_scaled_dual_lbfgsb
large_k,prox,gurobi,10,3,5,1100025,8,optimal,0.030924000002414687,0.019584199999371776,,11,,,,
large_k,prox,mosek,10,3,5,1100025,8,optimal,0.010592200000246521,0.009704899999633199,,12,,,,
large_k,prox,fista_dual_fista,10,3,5,1100026,9,converged,0.014278400001785485,0.014278400001785485,,12,0,1.5236412131969246e-10,4.818176434649275e-11,row_scaled_dual_fista
large_k,prox,fista_dual_lbfgs,10,3,5,1100026,9,converged,0.0034083999998983927,0.0034083999998983927,,2,3,1.7763568394002505e-15,5.112531729052103e-16,row_scaled_dual_lbfgsb
large_k,prox,gurobi,10,3,5,1100026,9,optimal,0.02580849999867496,0.019870200001605554,,12,,,,
large_k,prox,mosek,10,3,5,1100026,9,optimal,0.011554900000191992,0.010792699999001343,,15,,,,
large_k,prox,fista_dual_fista,20,3,10,1200017,0,converged,0.018301599997357698,0.018301599997357698,,14,0,2.6721705292942488e-08,5.9751549637781005e-09,row_scaled_dual_fista
large_k,prox,fista_dual_lbfgs,20,3,10,1200017,0,converged,0.004600100000970997,0.004600100000970997,,4,5,3.3306690738754696e-16,0.0,row_scaled_dual_lbfgsb
large_k,prox,gurobi,20,3,10,1200017,0,optimal,0.03011780000088038,0.022393100000044797,,12,,,,
large_k,prox,mosek,20,3,10,1200017,0,optimal,0.011547000001883134,0.010837800000444986,,10,,,,
large_k,prox,fista_dual_fista,20,3,10,1200018,1,converged,0.020082600000023376,0.020082600000023376,,16,0,3.1641918085689724e-08,7.075347989444324e-09,row_scaled_dual_fista
large_k,prox,fista_dual_lbfgs,20,3,10,1200018,1,converged,0.004986799998732749,0.004986799998732749,,4,5,5.551115123125783e-16,3.917952518495288e-16,row_scaled_dual_lbfgsb
large_k,prox,gurobi,20,3,10,1200018,1,optimal,0.029417800000373973,0.022905800000444287,,12,,,,
large_k,prox,mosek,20,3,10,1200018,1,optimal,0.013020000002143206,0.012291900002310285,,10,,,,
large_k,prox,fista_dual_fista,20,3,10,1200019,2,converged,0.017695399998046923,0.017695399998046923,,14,0,2.2288793699587472e-08,4.9839257915300184e-09,row_scaled_dual_fista
large_k,prox,fista_dual_lbfgs,20,3,10,1200019,2,converged,0.005707199998141732,0.005707199998141732,,4,5,1.3322676295501878e-15,3.6432772643752334e-16,row_scaled_dual_lbfgsb
large_k,prox,gurobi,20,3,10,1200019,2,optimal,0.03204830000322545,0.022246100001211744,,13,,,,
large_k,prox,mosek,20,3,10,1200019,2,optimal,0.012518100000306731,0.011464499999419786,,11,,,,
large_k,prox,fista_dual_fista,20,3,10,1200020,3,converged,0.017051599999831524,0.017051599999831524,,14,0,2.192618198115781e-08,4.902843377706965e-09,row_scaled_dual_fista
large_k,prox,fista_dual_lbfgs,20,3,10,1200020,3,converged,0.0044809999999415595,0.0044809999999415595,,4,5,1.4432899320127035e-15,3.639349112902594e-16,row_scaled_dual_lbfgsb
large_k,prox,gurobi,20,3,10,1200020,3,optimal,0.0323768000016571,0.023409999997966224,,16,,,,
large_k,prox,mosek,20,3,10,1200020,3,optimal,0.038255700001172954,0.03269600000203354,,10,,,,
large_k,prox,fista_dual_fista,20,3,10,1200021,4,converged,0.026813699998456286,0.026813699998456286,,14,0,2.2061649396221128e-08,4.933134732047074e-09,row_scaled_dual_fista
large_k,prox,fista_dual_lbfgs,20,3,10,1200021,4,converged,0.0052244999969843775,0.0052244999969843775,,4,5,6.661338147750939e-16,3.9359300079979684e-16,row_scaled_dual_lbfgsb
large_k,prox,gurobi,20,3,10,1200021,4,optimal,0.029181800000515068,0.023699499997746898,,12,,,,
large_k,prox,mosek,20,3,10,1200021,4,optimal,0.013539099996705772,0.012686699999903794,,11,,,,
large_k,prox,fista_dual_fista,20,3,10,1200022,5,converged,0.0462188999990758,0.0462188999990758,,38,0,7.324103767913925e-09,1.6377193916885914e-09,row_scaled_dual_fista
large_k,prox,fista_dual_lbfgs,20,3,10,1200022,5,converged,0.006154200000310084,0.006154200000310084,,4,5,1.3322676295501878e-15,4.822668474536447e-16,row_scaled_dual_lbfgsb
large_k,prox,gurobi,20,3,10,1200022,5,optimal,0.028533900000184076,0.022523700001329416,,12,,,,
large_k,prox,mosek,20,3,10,1200022,5,optimal,0.011405199998989701,0.010549899998295587,,10,,,,
large_k,prox,fista_dual_fista,20,3,10,1200023,6,converged,0.03428849999909289,0.03428849999909289,,28,0,7.487660491634074e-09,1.6742917652837874e-09,row_scaled_dual_fista
large_k,prox,fista_dual_lbfgs,20,3,10,1200023,6,converged,0.004689900000812486,0.004689900000812486,,4,5,1.1102230246251565e-16,0.0,row_scaled_dual_lbfgsb
large_k,prox,gurobi,20,3,10,1200023,6,optimal,0.030943400000978727,0.02271660000042175,,12,,,,
large_k,prox,mosek,20,3,10,1200023,6,optimal,0.01240219999817782,0.011672499997075647,,11,,,,
large_k,prox,fista_dual_fista,20,3,10,1200024,7,converged,0.01653720000103931,0.01653720000103931,,14,0,1.8540690760460166e-08,4.145824431685403e-09,row_scaled_dual_fista
large_k,prox,fista_dual_lbfgs,20,3,10,1200024,7,converged,0.004823600000236183,0.004823600000236183,,4,5,1.1102230246251565e-15,4.4314727855661534e-16,row_scaled_dual_lbfgsb
large_k,prox,gurobi,20,3,10,1200024,7,optimal,0.028637900002649985,0.020918000001984183,,10,,,,
large_k,prox,mosek,20,3,10,1200024,7,optimal,0.011302499999146676,0.01059230000100797,,9,,,,
large_k,prox,fista_dual_fista,20,3,10,1200025,8,converged,0.016908999998122454,0.016908999998122454,,14,0,2.4576769730444425e-08,5.495532758141112e-09,row_scaled_dual_fista
large_k,prox,fista_dual_lbfgs,20,3,10,1200025,8,converged,0.004731599998194724,0.004731599998194724,,4,5,4.440892098500626e-16,0.0,row_scaled_dual_lbfgsb
large_k,prox,gurobi,20,3,10,1200025,8,optimal,0.0332008000004862,0.02156730000206153,,13,,,,
large_k,prox,mosek,20,3,10,1200025,8,optimal,0.011133899999549612,0.010442500002682209,,10,,,,
large_k,prox,fista_dual_fista,20,3,10,1200026,9,converged,0.016845100002683466,0.016845100002683466,,14,0,1.8165241533196763e-08,4.061871434820912e-09,row_scaled_dual_fista
large_k,prox,fista_dual_lbfgs,20,3,10,1200026,9,converged,0.004547399999864865,0.004547399999864865,,4,5,1.1102230246251565e-16,0.0,row_scaled_dual_lbfgsb
large_k,prox,gurobi,20,3,10,1200026,9,optimal,0.036286399998061825,0.02098660000046948,,11,,,,
large_k,prox,mosek,20,3,10,1200026,9,optimal,0.01192109999828972,0.011063399997510714,,10,,,,
large_k,prox,fista_dual_fista,30,3,15,1300017,0,converged,0.03862389999994775,0.03862389999994775,,30,0,3.6011065462915326e-08,6.574690960185421e-09,row_scaled_dual_fista
large_k,prox,fista_dual_lbfgs,30,3,15,1300017,0,converged,0.005331399999704445,0.005331399999704445,,5,6,1.3322676295501878e-15,0.0,row_scaled_dual_lbfgsb
large_k,prox,gurobi,30,3,15,1300017,0,optimal,0.03916850000314298,0.02491350000127568,,13,,,,
large_k,prox,mosek,30,3,15,1300017,0,optimal,0.013195699997595511,0.012363299996650312,,11,,,,
large_k,prox,fista_dual_fista,30,3,15,1300018,1,converged,0.018239700002595782,0.018239700002595782,,15,0,2.7682643954918262e-09,5.054135991471675e-10,row_scaled_dual_fista
large_k,prox,fista_dual_lbfgs,30,3,15,1300018,1,converged,0.005775800000265008,0.005775800000265008,,5,6,1.9984014443252818e-15,4.4315543938801174e-16,row_scaled_dual_lbfgsb
large_k,prox,gurobi,30,3,15,1300018,1,optimal,0.03123349999805214,0.02315900000030524,,12,,,,
large_k,prox,mosek,30,3,15,1300018,1,optimal,0.01210200000059558,0.011324900002364302,,10,,,,
large_k,prox,fista_dual_fista,30,3,15,1300019,2,converged,0.018447999998898013,0.018447999998898013,,15,0,2.2205720817680685e-08,4.054191441284656e-09,row_scaled_dual_fista
large_k,prox,fista_dual_lbfgs,30,3,15,1300019,2,converged,0.005193200002395315,0.005193200002395315,,5,6,2.220446049250313e-15,4.1775605808050024e-16,row_scaled_dual_lbfgsb
large_k,prox,gurobi,30,3,15,1300019,2,optimal,0.031282399999327026,0.02517470000020694,,15,,,,
large_k,prox,mosek,30,3,15,1300019,2,optimal,0.012481699999625562,0.011753099999623373,,10,,,,
large_k,prox,fista_dual_fista,30,3,15,1300020,3,converged,0.019897199999832083,0.019897199999832083,,15,0,3.032653905776783e-08,5.536843212637173e-09,row_scaled_dual_fista
large_k,prox,fista_dual_lbfgs,30,3,15,1300020,3,converged,0.005827299999509705,0.005827299999509705,,4,5,3.256954261843248e-08,5.94635787072359e-09,row_scaled_dual_lbfgsb
large_k,prox,gurobi,30,3,15,1300020,3,optimal,0.028555400000186637,0.023770299998432165,,13,,,,
large_k,prox,mosek,30,3,15,1300020,3,optimal,0.013068399999610847,0.01235870000164141,,12,,,,
large_k,prox,fista_dual_fista,30,3,15,1300021,4,converged,0.01966589999938151,0.01966589999938151,,15,0,1.828898232858478e-08,3.3390960475029243e-09,row_scaled_dual_fista
large_k,prox,fista_dual_lbfgs,30,3,15,1300021,4,converged,0.005550400001084199,0.005550400001084199,,5,6,1.3322676295501878e-15,4.537767425197397e-16,row_scaled_dual_lbfgsb
large_k,prox,gurobi,30,3,15,1300021,4,optimal,0.03054310000152327,0.024523299998691073,,14,,,,
large_k,prox,mosek,30,3,15,1300021,4,optimal,0.011839200000395067,0.011149800000566756,,10,,,,
large_k,prox,fista_dual_fista,30,3,15,1300022,5,converged,0.10511730000143871,0.10511730000143871,,15,0,2.3981044705578825e-08,4.3783196938498515e-09,row_scaled_dual_fista
large_k,prox,fista_dual_lbfgs,30,3,15,1300022,5,converged,0.005683600000338629,0.005683600000338629,,5,6,1.3322676295501878e-15,0.0,row_scaled_dual_lbfgsb
large_k,prox,gurobi,30,3,15,1300022,5,optimal,0.02681519999896409,0.0260987000001478,,12,,,,
large_k,prox,mosek,30,3,15,1300022,5,optimal,0.013182899998355424,0.01245559999733814,,11,,,,
large_k,prox,fista_dual_fista,30,3,15,1300023,6,converged,0.019318099999509286,0.019318099999509286,,15,0,3.510291812780508e-08,6.408886740793181e-09,row_scaled_dual_fista
large_k,prox,fista_dual_lbfgs,30,3,15,1300023,6,converged,0.006886600000143517,0.006886600000143517,,5,6,1.3322676295501878e-15,0.0,row_scaled_dual_lbfgsb
large_k,prox,gurobi,30,3,15,1300023,6,optimal,0.041331099997478304,0.02531230000022333,,13,,,,
large_k,prox,mosek,30,3,15,1300023,6,optimal,0.013392400000157068,0.012678799997956958,,11,,,,
large_k,prox,fista_dual_fista,30,3,15,1300024,7,converged,0.0206839000020409,0.0206839000020409,,15,0,3.8171087624050415e-08,6.969055260445239e-09,row_scaled_dual_fista
large_k,prox,fista_dual_lbfgs,30,3,15,1300024,7,converged,0.005230599999777041,0.005230599999777041,,4,5,6.661338147750939e-16,0.0,row_scaled_dual_lbfgsb
large_k,prox,gurobi,30,3,15,1300024,7,optimal,0.04016409999894677,0.025833200001216028,,14,,,,
large_k,prox,mosek,30,3,15,1300024,7,optimal,0.012345999999524793,0.011647600000287639,,10,,,,
large_k,prox,fista_dual_fista,30,3,15,1300025,8,converged,0.01816519999920274,0.01816519999920274,,15,0,1.539663907479394e-08,2.8110288598537374e-09,row_scaled_dual_fista
large_k,prox,fista_dual_lbfgs,30,3,15,1300025,8,converged,0.004765500001667533,0.004765500001667533,,4,5,1.7763568394002505e-15,7.212644880842111e-16,row_scaled_dual_lbfgsb
large_k,prox,gurobi,30,3,15,1300025,8,optimal,0.03188439999939874,0.024315299997397233,,13,,,,
large_k,prox,mosek,30,3,15,1300025,8,optimal,0.01310879999800818,0.012389600000460632,,10,,,,
large_k,prox,fista_dual_fista,30,3,15,1300026,9,converged,0.016044200001488207,0.016044200001488207,,13,0,3.152946126405709e-08,5.756465749139395e-09,row_scaled_dual_fista
large_k,prox,fista_dual_lbfgs,30,3,15,1300026,9,converged,0.005891499997233041,0.005891499997233041,,5,6,2.3314683517128287e-15,4.70312237850954e-16,row_scaled_dual_lbfgsb
large_k,prox,gurobi,30,3,15,1300026,9,optimal,0.03258510000159731,0.023341200001596007,,12,,,,
large_k,prox,mosek,30,3,15,1300026,9,optimal,0.01217259999975795,0.011440399997809436,,10,,,,
large_k,prox,fista_dual_fista,50,3,25,1500017,0,converged,0.0205485000005865,0.0205485000005865,,16,0,5.210104170316754e-08,7.368199964234589e-09,row_scaled_dual_fista
large_k,prox,fista_dual_lbfgs,50,3,25,1500017,0,converged,0.006848500001069624,0.006848500001069624,,5,7,1.887379141862766e-15,0.0,row_scaled_dual_lbfgsb
large_k,prox,gurobi,50,3,25,1500017,0,optimal,0.03922140000213403,0.03292429999783053,,13,,,,
large_k,prox,mosek,50,3,25,1500017,0,optimal,0.016270399999484653,0.015534199999819975,,12,,,,
large_k,prox,fista_dual_fista,50,3,25,1500018,1,converged,0.02734720000080415,0.02734720000080415,,21,0,1.5417070953205325e-08,2.180303078023788e-09,row_scaled_dual_fista
large_k,prox,fista_dual_lbfgs,50,3,25,1500018,1,converged,0.006034699999872828,0.006034699999872828,,5,7,2.220446049250313e-16,0.0,row_scaled_dual_lbfgsb
large_k,prox,gurobi,50,3,25,1500018,1,optimal,0.0504560000008496,0.034098400003131246,,15,,,,
large_k,prox,mosek,50,3,25,1500018,1,optimal,0.01664629999868339,0.015132500000618165,,11,,,,
large_k,prox,fista_dual_fista,50,3,25,1500019,2,converged,0.021433199999592034,0.021433199999592034,,16,0,2.5221654764706614e-09,3.5668806309592417e-10,row_scaled_dual_fista
large_k,prox,fista_dual_lbfgs,50,3,25,1500019,2,converged,0.006467600000178209,0.006467600000178209,,5,7,3.3306690738754696e-15,8.383545927057074e-16,row_scaled_dual_lbfgsb
large_k,prox,gurobi,50,3,25,1500019,2,optimal,0.032202099999267375,0.03062610000051791,,12,,,,
large_k,prox,mosek,50,3,25,1500019,2,optimal,0.01616210000065621,0.015430999999807682,,12,,,,
large_k,prox,fista_dual_fista,50,3,25,1500020,3,converged,0.025229700000636512,0.025229700000636512,,18,0,6.33889718493208e-10,8.964553800529245e-11,row_scaled_dual_fista
large_k,prox,fista_dual_lbfgs,50,3,25,1500020,3,converged,0.007044300000416115,0.007044300000416115,,5,7,2.6645352591003757e-15,0.0,row_scaled_dual_lbfgsb
large_k,prox,gurobi,50,3,25,1500020,3,optimal,0.04871799999818904,0.03265309999915189,,14,,,,
large_k,prox,mosek,50,3,25,1500020,3,optimal,0.01520390000223415,0.014440399998420617,,11,,,,
large_k,prox,fista_dual_fista,50,3,25,1500021,4,converged,0.03350499999942258,0.03350499999942258,,25,0,4.2224370888632734e-08,5.971427786849888e-09,row_scaled_dual_fista
large_k,prox,fista_dual_lbfgs,50,3,25,1500021,4,converged,0.00613349999912316,0.00613349999912316,,5,7,1.1102230246251565e-15,0.0,row_scaled_dual_lbfgsb
large_k,prox,gurobi,50,3,25,1500021,4,optimal,0.04393229999914183,0.03416130000186968,,15,,,,
large_k,prox,mosek,50,3,25,1500021,4,optimal,0.015249799998855451,0.01437889999942854,,12,,,,
large_k,prox,fista_dual_fista,50,3,25,1500022,5,converged,0.09525489999941783,0.09525489999941783,,16,0,3.0465485023611905e-08,4.3084701926033755e-09,row_scaled_dual_fista
large_k,prox,fista_dual_lbfgs,50,3,25,1500022,5,converged,0.006157800002256408,0.006157800002256408,,5,7,2.886579864025407e-15,0.0,row_scaled_dual_lbfgsb
large_k,prox,gurobi,50,3,25,1500022,5,optimal,0.036356100001285085,0.03236249999827123,,13,,,,
large_k,prox,mosek,50,3,25,1500022,5,optimal,0.017020199997205054,0.015983699999196688,,12,,,,
large_k,prox,fista_dual_fista,50,3,25,1500023,6,converged,0.02111979999972391,0.02111979999972391,,16,0,4.7833063065994e-08,6.764616657870948e-09,row_scaled_dual_fista
large_k,prox,fista_dual_lbfgs,50,3,25,1500023,6,converged,0.005883999998332001,0.005883999998332001,,5,7,1.3322676295501878e-15,0.0,row_scaled_dual_lbfgsb
large_k,prox,gurobi,50,3,25,1500023,6,optimal,0.03824189999795635,0.033709399998770095,,14,,,,
large_k,prox,mosek,50,3,25,1500023,6,optimal,0.016632700000627665,0.01587870000003022,,13,,,,
large_k,prox,fista_dual_fista,50,3,25,1500024,7,converged,0.033510799999930896,0.033510799999930896,,25,0,6.668355267969162e-08,9.430478454505387e-09,row_scaled_dual_fista
large_k,prox,fista_dual_lbfgs,50,3,25,1500024,7,converged,0.006990800000494346,0.006990800000494346,,6,8,9.992007221626409e-16,0.0,row_scaled_dual_lbfgsb
large_k,prox,gurobi,50,3,25,1500024,7,optimal,0.051192700000683544,0.041691399997944245,,19,,,,
large_k,prox,mosek,50,3,25,1500024,7,optimal,0.018094300001394004,0.01734260000012,,14,,,,
large_k,prox,fista_dual_fista,50,3,25,1500025,8,converged,0.02440800000113086,0.02440800000113086,,16,0,3.050423225126053e-08,4.313949878976542e-09,row_scaled_dual_fista
large_k,prox,fista_dual_lbfgs,50,3,25,1500025,8,converged,0.006476499998825602,0.006476499998825602,,5,7,2.7755575615628914e-15,0.0,row_scaled_dual_lbfgsb
large_k,prox,gurobi,50,3,25,1500025,8,optimal,0.04652129999885801,0.033055900003091665,,14,,,,
large_k,prox,mosek,50,3,25,1500025,8,optimal,0.015586500001518289,0.01487240000278689,,11,,,,
large_k,prox,fista_dual_fista,50,3,25,1500026,9,converged,0.02908479999678093,0.02908479999678093,,21,0,7.578252692042042e-09,1.0717267588298302e-09,row_scaled_dual_fista
large_k,prox,fista_dual_lbfgs,50,3,25,1500026,9,converged,0.006373299998813309,0.006373299998813309,,5,7,3.1086244689504383e-15,1.0044268698222174e-15,row_scaled_dual_lbfgsb
large_k,prox,gurobi,50,3,25,1500026,9,optimal,0.04621449999831384,0.031043300001329044,,12,,,,
large_k,prox,mosek,50,3,25,1500026,9,optimal,0.015439000002515968,0.014731800001754891,,10,,,,
large_k,prox,fista_dual_fista,100,5,50,2000017,0,converged,0.04215750000003027,0.04215750000003027,,27,0,8.063809708858116e-08,8.063809694917045e-09,row_scaled_dual_fista
large_k,prox,fista_dual_lbfgs,100,5,50,2000017,0,converged,0.007388699999864912,0.007388699999864912,,6,7,4.440892098500626e-16,0.0,row_scaled_dual_lbfgsb
large_k,prox,gurobi,100,5,50,2000017,0,optimal,0.07549369999833289,0.07053169999926467,,14,,,,
large_k,prox,mosek,100,5,50,2000017,0,optimal,0.02962870000192197,0.02882799999861163,,12,,,,
large_k,prox,fista_dual_fista,100,5,50,2000018,1,converged,0.03319740000006277,0.03319740000006277,,23,0,9.673466916382267e-09,9.673467113518292e-10,row_scaled_dual_fista
large_k,prox,fista_dual_lbfgs,100,5,50,2000018,1,converged,0.006541599999764003,0.006541599999764003,,6,7,2.55351295663786e-15,0.0,row_scaled_dual_lbfgsb
large_k,prox,gurobi,100,5,50,2000018,1,optimal,0.08602949999840348,0.0720264000010502,,15,,,,
large_k,prox,mosek,100,5,50,2000018,1,optimal,0.03645419999884325,0.03566370000044117,,14,,,,
large_k,prox,fista_dual_fista,100,5,50,2000019,2,converged,0.054153999997652136,0.054153999997652136,,37,0,2.7804409885590076e-08,2.780440990285024e-09,row_scaled_dual_fista
large_k,prox,fista_dual_lbfgs,100,5,50,2000019,2,converged,0.007480299998860573,0.007480299998860573,,5,6,2.220446049250313e-16,0.0,row_scaled_dual_lbfgsb
large_k,prox,gurobi,100,5,50,2000019,2,optimal,0.08802840000134893,0.08338939999885042,,14,,,,
large_k,prox,mosek,100,5,50,2000019,2,optimal,0.04126240000186954,0.040198299997427966,,12,,,,
large_k,prox,fista_dual_fista,100,5,50,2000020,3,converged,0.037539799999649404,0.037539799999649404,,23,0,1.5034899325527817e-08,1.5034899398669882e-09,row_scaled_dual_fista
large_k,prox,fista_dual_lbfgs,100,5,50,2000020,3,converged,0.007315999999264022,0.007315999999264022,,5,6,2.6645352591003757e-15,5.679335480820516e-16,row_scaled_dual_lbfgsb
large_k,prox,gurobi,100,5,50,2000020,3,optimal,0.08831060000011348,0.07493139999860432,,14,,,,
large_k,prox,mosek,100,5,50,2000020,3,optimal,0.033143399999971734,0.03234340000199154,,12,,,,
large_k,prox,fista_dual_fista,100,5,50,2000021,4,converged,0.15626549999797135,0.15626549999797135,,39,0,5.1264244849136276e-08,5.1264244884786566e-09,row_scaled_dual_fista
large_k,prox,fista_dual_lbfgs,100,5,50,2000021,4,converged,0.008581099998991704,0.008581099998991704,,5,6,3.3306690738754696e-15,0.0,row_scaled_dual_lbfgsb
large_k,prox,gurobi,100,5,50,2000021,4,optimal,0.07825189999857685,0.07309440000244649,,13,,,,
large_k,prox,mosek,100,5,50,2000021,4,optimal,0.03267520000008517,0.03181190000032075,,13,,,,
large_k,prox,fista_dual_fista,100,5,50,2000022,5,converged,0.021144300000742078,0.021144300000742078,,13,0,4.5554343963694066e-08,4.555434402862123e-09,row_scaled_dual_fista
large_k,prox,fista_dual_lbfgs,100,5,50,2000022,5,converged,0.00709370000186027,0.00709370000186027,,6,7,7.771561172376096e-16,0.0,row_scaled_dual_lbfgsb
large_k,prox,gurobi,100,5,50,2000022,5,optimal,0.10905019999700016,0.09976889999961713,,14,,,,
large_k,prox,mosek,100,5,50,2000022,5,optimal,0.03518970000004629,0.034406400001898874,,14,,,,
large_k,prox,fista_dual_fista,100,5,50,2000023,6,converged,0.03842599999916274,0.03842599999916274,,23,0,5.177383211041331e-08,5.177383202229354e-09,row_scaled_dual_fista
large_k,prox,fista_dual_lbfgs,100,5,50,2000023,6,converged,0.008394300002692034,0.008394300002692034,,6,7,1.1102230246251565e-16,0.0,row_scaled_dual_lbfgsb
large_k,prox,gurobi,100,5,50,2000023,6,optimal,0.08146649999980582,0.07931439999811118,,15,,,,
large_k,prox,mosek,100,5,50,2000023,6,optimal,0.03316280000217375,0.03240019999793731,,14,,,,
large_k,prox,fista_dual_fista,100,5,50,2000024,7,converged,0.03477719999864348,0.03477719999864348,,23,0,2.3607490406973852e-09,2.360749119404501e-10,row_scaled_dual_fista
large_k,prox,fista_dual_lbfgs,100,5,50,2000024,7,converged,0.0069728999988001306,0.0069728999988001306,,5,6,2.220446049250313e-16,0.0,row_scaled_dual_lbfgsb
large_k,prox,gurobi,100,5,50,2000024,7,optimal,0.08019649999914691,0.07276070000079926,,14,,,,
large_k,prox,mosek,100,5,50,2000024,7,optimal,0.03189369999745395,0.031142699997872114,,14,,,,
large_k,prox,fista_dual_fista,100,5,50,2000025,8,converged,0.04552010000043083,0.04552010000043083,,27,0,9.073206364007547e-08,9.073206370730035e-09,row_scaled_dual_fista
large_k,prox,fista_dual_lbfgs,100,5,50,2000025,8,converged,0.007551600003353087,0.007551600003353087,,6,7,3.828360306545875e-08,3.828360528182597e-09,row_scaled_dual_lbfgsb
large_k,prox,gurobi,100,5,50,2000025,8,optimal,0.08282260000123642,0.07061699999758275,,14,,,,
large_k,prox,mosek,100,5,50,2000025,8,optimal,0.032173100000363775,0.03141069999765023,,14,,,,
large_k,prox,fista_dual_fista,100,5,50,2000026,9,converged,0.038952499999140855,0.038952499999140855,,25,0,1.6997154128617353e-08,1.6997154196791938e-09,row_scaled_dual_fista
large_k,prox,fista_dual_lbfgs,100,5,50,2000026,9,converged,0.00688090000039665,0.00688090000039665,,6,7,3.774758283725532e-15,5.870047583209459e-16,row_scaled_dual_lbfgsb
large_k,prox,gurobi,100,5,50,2000026,9,optimal,0.07392519999848446,0.06881609999982174,,14,,,,
large_k,prox,mosek,100,5,50,2000026,9,optimal,0.02856640000027255,0.027641200002108235,,12,,,,
large_k,prox,fista_dual_fista,300,15,50,4000017,0,converged,0.027944599998591002,0.027944599998591002,,15,0,1.5720421142617624e-07,9.076189376530903e-09,row_scaled_dual_fista
large_k,prox,fista_dual_lbfgs,300,15,50,4000017,0,converged,0.0063473000009253155,0.0063473000009253155,,4,5,9.992007221626409e-16,9.278815783828413e-17,row_scaled_dual_lbfgsb
large_k,prox,gurobi,300,15,50,4000017,0,optimal,0.0852519999971264,0.06821689999924274,,13,,,,
large_k,prox,mosek,300,15,50,4000017,0,optimal,0.05951719999939087,0.05868160000318312,,19,,,,
large_k,prox,fista_dual_fista,300,15,50,4000018,1,converged,0.02475129999947967,0.02475129999947967,,15,0,1.1722117387868991e-07,6.76776762025293e-09,row_scaled_dual_fista
large_k,prox,fista_dual_lbfgs,300,15,50,4000018,1,converged,0.006640999999945052,0.006640999999945052,,4,5,4.440892098500626e-16,4.841656843893109e-17,row_scaled_dual_lbfgsb
large_k,prox,gurobi,300,15,50,4000018,1,optimal,0.1946234999995795,0.1804642999995849,,17,,,,
large_k,prox,mosek,300,15,50,4000018,1,optimal,0.06929540000055567,0.06844319999800064,,20,,,,
large_k,prox,fista_dual_fista,300,15,50,4000019,2,converged,0.030101699998340337,0.030101699998340337,,15,0,8.434955223179941e-08,4.869923665128263e-09,row_scaled_dual_fista
large_k,prox,fista_dual_lbfgs,300,15,50,4000019,2,converged,0.008419200003118021,0.008419200003118021,,4,5,3.3306690738754696e-16,0.0,row_scaled_dual_lbfgsb
large_k,prox,gurobi,300,15,50,4000019,2,optimal,0.10788239999965299,0.0936282000002393,,17,,,,
large_k,prox,mosek,300,15,50,4000019,2,optimal,0.07244899999932386,0.07135960000232444,,20,,,,
large_k,prox,fista_dual_fista,300,15,50,4000020,3,converged,0.028505099999165395,0.028505099999165395,,15,0,1.3966493983552652e-07,8.06355906609774e-09,row_scaled_dual_fista
large_k,prox,fista_dual_lbfgs,300,15,50,4000020,3,converged,0.007268800000019837,0.007268800000019837,,4,5,1.1102230246251565e-15,9.325426869880876e-17,row_scaled_dual_lbfgsb
large_k,prox,gurobi,300,15,50,4000020,3,optimal,0.09527829999933601,0.08480689999851165,,15,,,,
large_k,prox,mosek,300,15,50,4000020,3,optimal,0.07292969999980414,0.0718845000010333,,20,,,,
large_k,prox,fista_dual_fista,300,15,50,4000021,4,converged,0.029099600000336068,0.029099600000336068,,15,0,1.2404573901392268e-07,7.161784084268784e-09,row_scaled_dual_fista
large_k,prox,fista_dual_lbfgs,300,15,50,4000021,4,converged,0.006002099999022903,0.006002099999022903,,3,4,9.879867490791838e-08,5.704144132551295e-09,row_scaled_dual_lbfgsb
large_k,prox,gurobi,300,15,50,4000021,4,optimal,0.09475249999741209,0.07757999999739695,,15,,,,
large_k,prox,mosek,300,15,50,4000021,4,optimal,0.06758669999908307,0.06612180000229273,,19,,,,
large_k,prox,fista_dual_fista,300,15,50,4000022,5,converged,0.028550999999424675,0.028550999999424675,,15,0,1.2345808131364322e-07,7.127855655498863e-09,row_scaled_dual_fista
large_k,prox,fista_dual_lbfgs,300,15,50,4000022,5,converged,0.006141800000477815,0.006141800000477815,,4,5,1.3322676295501878e-15,9.146456466513434e-17,row_scaled_dual_lbfgsb
large_k,prox,gurobi,300,15,50,4000022,5,optimal,0.08715380000285222,0.07791589999760618,,15,,,,
large_k,prox,mosek,300,15,50,4000022,5,optimal,0.06298210000022664,0.06208160000096541,,20,,,,
large_k,prox,fista_dual_fista,300,15,50,4000023,6,converged,0.026714100000390317,0.026714100000390317,,15,0,8.572150589358785e-08,4.949133463010662e-09,row_scaled_dual_fista
large_k,prox,fista_dual_lbfgs,300,15,50,4000023,6,converged,0.006575100000191014,0.006575100000191014,,2,3,4.884981308350689e-15,2.8353087122261093e-16,row_scaled_dual_lbfgsb
large_k,prox,gurobi,300,15,50,4000023,6,optimal,0.08419820000199252,0.07015980000142008,,14,,,,
large_k,prox,mosek,300,15,50,4000023,6,optimal,0.057507299999997485,0.05672739999863552,,19,,,,
large_k,prox,fista_dual_fista,300,15,50,4000024,7,converged,0.0240111999992223,0.0240111999992223,,15,0,1.6123297208459064e-07,9.308789989823778e-09,row_scaled_dual_fista
large_k,prox,fista_dual_lbfgs,300,15,50,4000024,7,converged,0.006878100000903942,0.006878100000903942,,4,5,1.1102230246251565e-16,0.0,row_scaled_dual_lbfgsb
large_k,prox,gurobi,300,15,50,4000024,7,optimal,0.08078629999727127,0.07056830000146874,,14,,,,
large_k,prox,mosek,300,15,50,4000024,7,optimal,0.10850879999998142,0.10677639999994426,,19,,,,
large_k,prox,fista_dual_fista,300,15,50,4000025,8,converged,0.02866349999749218,0.02866349999749218,,15,0,1.20421574933971e-07,6.952542872235756e-09,row_scaled_dual_fista
large_k,prox,fista_dual_lbfgs,300,15,50,4000025,8,converged,0.005644100001518382,0.005644100001518382,,3,4,2.6873024028262193e-08,1.5515147222103357e-09,row_scaled_dual_lbfgsb
large_k,prox,gurobi,300,15,50,4000025,8,optimal,0.09730670000135433,0.08143769999878714,,16,,,,
large_k,prox,mosek,300,15,50,4000025,8,optimal,0.06297670000276412,0.0621543000015663,,19,,,,
large_k,prox,fista_dual_fista,300,15,50,4000026,9,converged,0.026405199998407625,0.026405199998407625,,14,0,6.338437152919596e-08,3.65949839943186e-09,row_scaled_dual_fista
large_k,prox,fista_dual_lbfgs,300,15,50,4000026,9,converged,0.008170299999619601,0.008170299999619601,,4,5,1.1102230246251565e-16,0.0,row_scaled_dual_lbfgsb
large_k,prox,gurobi,300,15,50,4000026,9,optimal,0.08370650000142632,0.07563730000038049,,16,,,,
large_k,prox,mosek,300,15,50,4000026,9,optimal,0.06197199999951408,0.061168399999587564,,20,,,,
large_k,prox,fista_dual_fista,1000,50,50,11000017,0,converged,0.05740910000167787,0.05740910000167787,,22,0,2.6185639190323684e-07,8.280626188300301e-09,row_scaled_dual_fista
large_k,prox,fista_dual_lbfgs,1000,50,50,11000017,0,converged,0.0074601999986043666,0.0074601999986043666,,4,5,1.2212453270876722e-15,0.0,row_scaled_dual_lbfgsb
large_k,prox,gurobi,1000,50,50,11000017,0,optimal,0.23389309999765828,0.2209216999981436,,14,,,,
large_k,prox,mosek,1000,50,50,11000017,0,optimal,0.24927039999965928,0.248045500000444,,19,,,,
large_k,prox,fista_dual_fista,1000,50,50,11000018,1,converged,0.06566549999843119,0.06566549999843119,,24,0,1.1045151215860471e-07,3.4927834990940175e-09,row_scaled_dual_fista
large_k,prox,fista_dual_lbfgs,1000,50,50,11000018,1,converged,0.00810319999800413,0.00810319999800413,,4,5,2.9000831824887996e-07,9.17086827468589e-09,row_scaled_dual_lbfgsb
large_k,prox,gurobi,1000,50,50,11000018,1,optimal,0.23901169999953709,0.22198840000055498,,17,,,,
large_k,prox,mosek,1000,50,50,11000018,1,optimal,0.1785730000010517,0.17734399999972084,,20,,,,
large_k,prox,fista_dual_fista,1000,50,50,11000019,2,converged,0.05568029999994906,0.05568029999994906,,22,0,2.721396736848902e-07,8.605812106954333e-09,row_scaled_dual_fista
large_k,prox,fista_dual_lbfgs,1000,50,50,11000019,2,converged,0.008145900003000861,0.008145900003000861,,4,5,1.563439222529439e-08,4.944028534212972e-10,row_scaled_dual_lbfgsb
large_k,prox,gurobi,1000,50,50,11000019,2,optimal,0.4887687000009464,0.4654285999968124,,18,,,,
large_k,prox,mosek,1000,50,50,11000019,2,optimal,0.2803267000017513,0.27801460000046063,,19,,,,
large_k,prox,fista_dual_fista,1000,50,50,11000020,3,converged,0.09902280000096653,0.09902280000096653,,22,0,4.648133677953581e-08,1.4698689365456276e-09,row_scaled_dual_fista
large_k,prox,fista_dual_lbfgs,1000,50,50,11000020,3,converged,0.012470500001654727,0.012470500001654727,,4,5,8.390870775976111e-08,2.653426214465592e-09,row_scaled_dual_lbfgsb
large_k,prox,gurobi,1000,50,50,11000020,3,optimal,0.33685800000239396,0.3285072999969998,,17,,,,
large_k,prox,mosek,1000,50,50,11000020,3,optimal,0.22229620000143768,0.2208279999977094,,19,,,,
large_k,prox,fista_dual_fista,1000,50,50,11000021,4,converged,0.063522100001137,0.063522100001137,,22,0,2.1187917931264622e-07,6.700207955581375e-09,row_scaled_dual_fista
large_k,prox,fista_dual_lbfgs,1000,50,50,11000021,4,converged,0.00881380000282661,0.00881380000282661,,4,5,3.9230621418084866e-08,1.240581183571872e-09,row_scaled_dual_lbfgsb
large_k,prox,gurobi,1000,50,50,11000021,4,optimal,0.2760043999987829,0.26261929999964195,,17,,,,
large_k,prox,mosek,1000,50,50,11000021,4,optimal,0.2070402000026661,0.20602019999932963,,20,,,,
large_k,prox,fista_dual_fista,1000,50,50,11000022,5,converged,0.059086900000693277,0.059086900000693277,,22,0,2.105377037153744e-07,6.657786771277004e-09,row_scaled_dual_fista
large_k,prox,fista_dual_lbfgs,1000,50,50,11000022,5,converged,0.00822399999742629,0.00822399999742629,,4,5,1.0774972114546699e-07,3.407345400117441e-09,row_scaled_dual_lbfgsb
large_k,prox,gurobi,1000,50,50,11000022,5,optimal,0.23971500000334345,0.22106129999883706,,14,,,,
large_k,prox,mosek,1000,50,50,11000022,5,optimal,0.1719286999978067,0.17100749999735854,,19,,,,
large_k,prox,fista_dual_fista,1000,50,50,11000023,6,converged,0.05210740000256919,0.05210740000256919,,22,0,1.8673818447112467e-07,5.905179889330021e-09,row_scaled_dual_fista
large_k,prox,fista_dual_lbfgs,1000,50,50,11000023,6,converged,0.007492200002161553,0.007492200002161553,,4,5,1.8224439735092801e-09,5.763074787208789e-11,row_scaled_dual_lbfgsb
large_k,prox,gurobi,1000,50,50,11000023,6,optimal,0.23256920000130776,0.2191449999991164,,17,,,,
large_k,prox,mosek,1000,50,50,11000023,6,optimal,0.18476160000136588,0.18381739999676938,,20,,,,
large_k,prox,fista_dual_fista,1000,50,50,11000024,7,converged,0.052615299999160925,0.052615299999160925,,22,0,1.454530345057492e-07,4.59962882260646e-09,row_scaled_dual_fista
large_k,prox,fista_dual_lbfgs,1000,50,50,11000024,7,converged,0.00867139999900246,0.00867139999900246,,4,5,1.24325459704977e-07,3.931516170348194e-09,row_scaled_dual_lbfgsb
large_k,prox,gurobi,1000,50,50,11000024,7,optimal,0.22147970000150963,0.204230400002416,,16,,,,
large_k,prox,mosek,1000,50,50,11000024,7,optimal,0.25118360000124085,0.25027679999766406,,20,,,,
large_k,prox,fista_dual_fista,1000,50,50,11000025,8,converged,0.05242270000235294,0.05242270000235294,,22,0,1.9129246875415618e-07,6.04919900771965e-09,row_scaled_dual_fista
large_k,prox,fista_dual_lbfgs,1000,50,50,11000025,8,converged,0.0075254000003042165,0.0075254000003042165,,4,5,2.1870001298829322e-07,6.91590163458678e-09,row_scaled_dual_lbfgsb
large_k,prox,gurobi,1000,50,50,11000025,8,optimal,0.23541360000308487,0.21668240000144579,,17,,,,
large_k,prox,mosek,1000,50,50,11000025,8,optimal,0.1789399000008416,0.17804579999938142,,20,,,,
large_k,prox,fista_dual_fista,1000,50,50,11000026,9,converged,0.052101700002822326,0.052101700002822326,,22,0,2.3415496874790165e-08,7.404630296506052e-10,row_scaled_dual_fista
large_k,prox,fista_dual_lbfgs,1000,50,50,11000026,9,converged,0.007778899998811539,0.007778899998811539,,4,5,8.796741912675543e-08,2.781774104317987e-09,row_scaled_dual_lbfgsb
large_k,prox,gurobi,1000,50,50,11000026,9,optimal,0.25895049999962794,0.2515291999989131,,19,,,,
large_k,prox,mosek,1000,50,50,11000026,9,optimal,0.17902390000017476,0.17811839999922086,,20,,,,
large_k,prox,fista_dual_fista,5000,50,50,51000017,0,converged,0.11482000000250991,0.11482000000250991,,26,0,5.156203159994988e-07,7.291972435905954e-09,row_scaled_dual_fista
large_k,prox,fista_dual_lbfgs,5000,50,50,51000017,0,converged,0.01651809999748366,0.01651809999748366,,4,5,1.1342797812119443e-09,1.6041127697130212e-11,row_scaled_dual_lbfgsb
large_k,prox,gurobi,5000,50,50,51000017,0,optimal,1.0943952000015997,1.0654031999984,,15,,,,
large_k,prox,mosek,5000,50,50,51000017,0,optimal,0.9585116999987804,0.9561245000004419,,24,,,,
large_k,prox,fista_dual_fista,5000,50,50,51000018,1,converged,0.11197080000056303,0.11197080000056303,,26,0,3.4460196651764363e-07,4.873407745300684e-09,row_scaled_dual_fista
large_k,prox,fista_dual_lbfgs,5000,50,50,51000018,1,converged,0.015030599999590777,0.015030599999590777,,4,5,2.488194872363181e-09,3.518836564534335e-11,row_scaled_dual_lbfgsb
large_k,prox,gurobi,5000,50,50,51000018,1,optimal,1.0595769000028668,1.0268729999988864,,15,,,,
large_k,prox,mosek,5000,50,50,51000018,1,optimal,1.037476699999388,1.0353211000001465,,23,,,,
large_k,prox,fista_dual_fista,5000,50,50,51000019,2,converged,0.12689689999751863,0.12689689999751863,,26,0,4.3923445502969116e-07,6.211713233393099e-09,row_scaled_dual_fista
large_k,prox,fista_dual_lbfgs,5000,50,50,51000019,2,converged,0.01791369999773451,0.01791369999773451,,4,5,7.408785807072604e-10,1.047757369157772e-11,row_scaled_dual_lbfgsb
large_k,prox,gurobi,5000,50,50,51000019,2,optimal,1.3869785999995656,1.3542703000020992,,15,,,,
large_k,prox,mosek,5000,50,50,51000019,2,optimal,0.9753157000013744,0.9734115999999631,,23,,,,
large_k,prox,fista_dual_fista,5000,50,50,51000020,3,converged,0.11724260000119102,0.11724260000119102,,26,0,3.61686306904474e-07,5.1150168038353646e-09,row_scaled_dual_fista
large_k,prox,fista_dual_lbfgs,5000,50,50,51000020,3,converged,0.015210000001388835,0.015210000001388835,,4,5,4.119673491231879e-10,5.826119766855909e-12,row_scaled_dual_lbfgsb
large_k,prox,gurobi,5000,50,50,51000020,3,optimal,1.2256320000014966,1.199652999999671,,18,,,,
large_k,prox,mosek,5000,50,50,51000020,3,optimal,1.0524326000013389,1.050416199999745,,22,,,,
large_k,prox,fista_dual_fista,5000,50,50,51000021,4,converged,0.1280092999986664,0.1280092999986664,,26,0,5.018448268057085e-07,7.097157602287305e-09,row_scaled_dual_fista
large_k,prox,fista_dual_lbfgs,5000,50,50,51000021,4,converged,0.018019600000116043,0.018019600000116043,,4,5,6.661338147750939e-16,0.0,row_scaled_dual_lbfgsb
large_k,prox,gurobi,5000,50,50,51000021,4,optimal,1.1813476999996055,1.1622586999983469,,16,,,,
large_k,prox,mosek,5000,50,50,51000021,4,optimal,0.9040783000018564,0.9023188000028313,,22,,,,
large_k,prox,fista_dual_fista,5000,50,50,51000022,5,converged,0.11105200000019977,0.11105200000019977,,26,0,2.625106705345104e-07,3.7124615038140676e-09,row_scaled_dual_fista
large_k,prox,fista_dual_lbfgs,5000,50,50,51000022,5,converged,0.015700300002208678,0.015700300002208678,,4,5,9.451864846354852e-10,1.3366970183570046e-11,row_scaled_dual_lbfgsb
large_k,prox,gurobi,5000,50,50,51000022,5,optimal,1.2276128999983484,1.1974286000004213,,15,,,,
large_k,prox,mosek,5000,50,50,51000022,5,optimal,0.9307386000000406,0.926905699998315,,24,,,,
large_k,prox,fista_dual_fista,5000,50,50,51000023,6,converged,0.1102009000023827,0.1102009000023827,,26,0,4.043531087738472e-07,5.718416504036831e-09,row_scaled_dual_fista
large_k,prox,fista_dual_lbfgs,5000,50,50,51000023,6,converged,0.015149099999689497,0.015149099999689497,,4,5,1.444490749236138e-09,2.042824740858297e-11,row_scaled_dual_lbfgsb
large_k,prox,gurobi,5000,50,50,51000023,6,optimal,1.208986099998583,1.1782931000016106,,17,,,,
large_k,prox,mosek,5000,50,50,51000023,6,optimal,0.9361032999986492,0.9341902999985905,,24,,,,
large_k,prox,fista_dual_fista,5000,50,50,51000024,7,converged,0.11488749999989523,0.11488749999989523,,26,0,3.6656972079995853e-07,5.184078706683099e-09,row_scaled_dual_fista
large_k,prox,fista_dual_lbfgs,5000,50,50,51000024,7,converged,0.016507000000274274,0.016507000000274274,,4,5,1.415558226192104e-09,2.0018989774974624e-11,row_scaled_dual_lbfgsb
large_k,prox,gurobi,5000,50,50,51000024,7,optimal,1.240419000001566,1.2172705000011774,,17,,,,
large_k,prox,mosek,5000,50,50,51000024,7,optimal,1.0022403000002669,1.000344899999618,,22,,,,
large_k,prox,fista_dual_fista,5000,50,50,51000025,8,converged,0.06189939999967464,0.06189939999967464,,14,0,1.7946340313823583e-07,2.537995787736672e-09,row_scaled_dual_fista
large_k,prox,fista_dual_lbfgs,5000,50,50,51000025,8,converged,0.01583319999917876,0.01583319999917876,,4,5,1.3322676295501878e-15,0.0,row_scaled_dual_lbfgsb
large_k,prox,gurobi,5000,50,50,51000025,8,optimal,1.3232996000006096,1.2915192000000388,,18,,,,
large_k,prox,mosek,5000,50,50,51000025,8,optimal,1.1733639000012772,1.170771599998261,,24,,,,
large_k,prox,fista_dual_fista,5000,50,50,51000026,9,converged,0.13511759999892092,0.13511759999892092,,26,0,3.939829746890666e-07,5.571760661504237e-09,row_scaled_dual_fista
large_k,prox,fista_dual_lbfgs,5000,50,50,51000026,9,converged,0.017453599997679703,0.017453599997679703,,4,5,9.764512531873493e-10,1.3809114308819703e-11,row_scaled_dual_lbfgsb
large_k,prox,gurobi,5000,50,50,51000026,9,optimal,1.363634200002707,1.3348131000020658,,16,,,,
large_k,prox,mosek,5000,50,50,51000026,9,optimal,0.9343336999991152,0.9324124999984633,,21,,,,
large_k,relaxation,fista_dual_fista,10,3,5,1100017,0,converged,0.11827089999860618,0.08361270000023069,-0.006703784054019544,10,0,1.1989707449089337e-08,4.5351678017172306e-09,row_scaled_dual_fista
large_k,relaxation,fista_dual_lbfgs,10,3,5,1100017,0,converged,0.057304499998281244,0.024011699999391567,-0.0067037840618805414,10,30,2.0872192862952943e-14,4.567777854547723e-09,row_scaled_dual_lbfgsb
large_k,relaxation,gurobi,10,3,5,1100017,0,optimal,0.02697690000059083,0.01831999999922118,-0.006703783773471513,10,,4.052249646946393e-10,,
large_k,relaxation,mosek,10,3,5,1100017,0,optimal,0.013221600001998013,0.010841999999684049,-0.006703493895820582,11,,3.607225074198084e-08,,
large_k,relaxation,fista_dual_fista,10,3,5,1100018,1,converged,0.0685946999983571,0.033170199996675365,-0.00706438945008282,8,0,2.538090448922503e-08,1.6680624209415226e-08,row_scaled_dual_fista
large_k,relaxation,fista_dual_lbfgs,10,3,5,1100018,1,converged,0.049227999999857275,0.014698299997689901,-0.007064389416342274,8,24,3.552713678800501e-15,1.5820713602009914e-08,row_scaled_dual_lbfgsb
large_k,relaxation,gurobi,10,3,5,1100018,1,optimal,0.023713999999017688,0.01840480000100797,-0.007064367702910573,9,,4.313516210885382e-10,,
large_k,relaxation,mosek,10,3,5,1100018,1,optimal,0.011615499999606982,0.00943129999723169,-0.007064143417276163,10,,3.441200935316857e-08,,
large_k,relaxation,fista_dual_fista,10,3,5,1100019,2,converged,0.1384609000015189,0.10360470000159694,-0.0068603113231034485,12,0,2.2203935579057088e-08,3.663081152868868e-08,row_scaled_dual_fista
large_k,relaxation,fista_dual_lbfgs,10,3,5,1100019,2,converged,0.06182979999721283,0.028009600002405932,-0.006860311345043605,12,36,2.220446049250313e-14,3.6524902187497155e-08,row_scaled_dual_lbfgsb
large_k,relaxation,gurobi,10,3,5,1100019,2,optimal,0.021462199998495635,0.017607800000405405,-0.0068602945430567275,8,,5.607181385869353e-11,,
large_k,relaxation,mosek,10,3,5,1100019,2,optimal,0.012459800000215182,0.010155900003155693,-0.006860297017423942,12,,2.1381402204312394e-09,,
large_k,relaxation,fista_dual_fista,10,3,5,1100020,3,converged,0.0667195999994874,0.03206560000398895,-0.006694285388407861,8,0,2.4053415481617435e-08,1.22688381869315e-08,row_scaled_dual_fista
large_k,relaxation,fista_dual_lbfgs,10,3,5,1100020,3,converged,0.04817239999829326,0.014278400001785485,-0.006694285372879673,8,24,6.8833827526759706e-15,1.2654228373644883e-08,row_scaled_dual_lbfgsb
large_k,relaxation,gurobi,10,3,5,1100020,3,optimal,0.026436699998157565,0.01772530000016559,-0.0066942584284762855,9,,3.991473818132363e-11,,
large_k,relaxation,mosek,10,3,5,1100020,3,optimal,0.01151939999908791,0.009252399999240879,-0.006693716751524023,10,,6.3543838413338e-08,,
large_k,relaxation,fista_dual_fista,10,3,5,1100021,4,converged,0.1497514999973646,0.05926800000088406,-0.00645131796357855,10,0,1.2764684642618818e-08,5.007167874397328e-08,row_scaled_dual_fista
large_k,relaxation,fista_dual_lbfgs,10,3,5,1100021,4,converged,0.052900999999110354,0.01787240000339807,-0.006451317961875549,10,30,8.881784197001252e-16,5.01595982975362e-08,row_scaled_dual_lbfgsb
large_k,relaxation,gurobi,10,3,5,1100021,4,optimal,0.02882310000131838,0.019094100000074832,-0.006451280214205049,10,,1.9987687061018278e-09,,
large_k,relaxation,mosek,10,3,5,1100021,4,optimal,0.011810899999545654,0.009219100000336766,-0.006451262107187773,11,,8.111310179081954e-09,,
large_k,relaxation,fista_dual_fista,10,3,5,1100022,5,converged,0.06817450000016834,0.03272240000296733,-0.00661355483880589,8,0,6.861173851291369e-09,6.007902931936087e-09,row_scaled_dual_fista
large_k,relaxation,fista_dual_lbfgs,10,3,5,1100022,5,converged,0.04885859999922104,0.013833000000886386,-0.006613554842062821,7,21,5.995204332975845e-15,8.90813920250095e-08,row_scaled_dual_lbfgsb
large_k,relaxation,gurobi,10,3,5,1100022,5,optimal,0.021230300000752322,0.018536800002038945,-0.006613540146989624,9,,2.3797297465932843e-11,,
large_k,relaxation,mosek,10,3,5,1100022,5,optimal,0.01150440000128583,0.009328199997980846,-0.006613542459929387,11,,1.3477320370824941e-09,,
large_k,relaxation,fista_dual_fista,10,3,5,1100023,6,converged,0.06078960000013467,0.02588599999944563,-0.006831679761995709,7,0,4.116196050674148e-08,8.946046195300057e-08,row_scaled_dual_fista
large_k,relaxation,fista_dual_lbfgs,10,3,5,1100023,6,converged,0.055337199999485165,0.015444299999217037,-0.006831679724257718,7,21,1.9984014443252818e-15,8.898303900852321e-08,row_scaled_dual_lbfgsb
large_k,relaxation,gurobi,10,3,5,1100023,6,optimal,0.021853399997780798,0.018847200000891462,-0.006831649604329463,8,,8.90465479130853e-12,,
large_k,relaxation,mosek,10,3,5,1100023,6,optimal,0.012319699999352451,0.009235800000169547,-0.006831621743718147,9,,7.491641973444985e-09,,
large_k,relaxation,fista_dual_fista,10,3,5,1100024,7,converged,0.08728619999965304,0.04977510000389884,-0.006844602289969474,7,0,3.0946637474826844e-08,7.077903219888413e-08,row_scaled_dual_fista
large_k,relaxation,fista_dual_lbfgs,10,3,5,1100024,7,converged,0.05056970000077854,0.014494799997919472,-0.006844602262174235,7,21,4.440892098500626e-16,7.057775406743888e-08,row_scaled_dual_lbfgsb
large_k,relaxation,gurobi,10,3,5,1100024,7,optimal,0.021526500000618398,0.019444300000031944,-0.006844568264323539,8,,3.2439828601127374e-11,,
large_k,relaxation,mosek,10,3,5,1100024,7,optimal,0.011378400002286071,0.009171599998808233,-0.006844564665367893,11,,4.1042582665795635e-09,,
large_k,relaxation,fista_dual_fista,10,3,5,1100025,8,converged,0.08207550000224728,0.04627759999857517,-0.005872983557152184,10,0,2.2448717995615652e-08,1.9812437790208295e-08,row_scaled_dual_fista
large_k,relaxation,fista_dual_lbfgs,10,3,5,1100025,8,converged,0.061266900000191526,0.024072000000160187,-0.0058729835426453445,10,30,2.220446049250313e-16,1.98910842651318e-08,row_scaled_dual_lbfgsb
large_k,relaxation,gurobi,10,3,5,1100025,8,optimal,0.022892199998750584,0.01868079999985639,-0.0058729384988130805,11,,6.093385795935546e-10,,
large_k,relaxation,mosek,10,3,5,1100025,8,optimal,0.012681000000156928,0.00961509999979171,-0.005872936921225358,11,,5.399672486916529e-09,,
large_k,relaxation,fista_dual_fista,10,3,5,1100026,9,converged,0.07051039999714703,0.03593409999666619,-0.006218765570243569,7,0,2.8798552875741734e-08,4.160562027481449e-08,row_scaled_dual_fista
large_k,relaxation,fista_dual_lbfgs,10,3,5,1100026,9,converged,0.049455200001830235,0.014203600003384054,-0.006218765561952106,7,21,4.884981308350689e-15,1.7857054056852623e-08,row_scaled_dual_lbfgsb
large_k,relaxation,gurobi,10,3,5,1100026,9,optimal,0.03068899999925634,0.018418500003463123,-0.006218708202183177,10,,4.090937588685506e-10,,
large_k,relaxation,mosek,10,3,5,1100026,9,optimal,0.013512199999240693,0.011359600001014769,-0.006218244801489895,10,,5.126518054510143e-08,,
large_k,relaxation,fista_dual_fista,20,3,10,1200017,0,converged,0.2975570000016887,0.2623462000010477,-0.005006446635949401,18,0,3.5899955896923075e-08,3.842424804617104e-08,row_scaled_dual_fista
large_k,relaxation,fista_dual_lbfgs,20,3,10,1200017,0,converged,0.0805452000022342,0.04509450000114157,-0.005006446751158079,18,54,5.773159728050814e-14,3.8313607724522216e-08,row_scaled_dual_lbfgsb
large_k,relaxation,gurobi,20,3,10,1200017,0,optimal,0.03814620000048308,0.02045929999803775,-0.005006426147827748,9,,3.480207233508281e-10,,
large_k,relaxation,mosek,20,3,10,1200017,0,optimal,0.013870399998268113,0.01165450000189594,-0.00500638833730799,10,,3.1963418578584424e-09,,
large_k,relaxation,fista_dual_fista,20,3,10,1200018,1,converged,0.29186879999906523,0.2305348000008962,-0.005071516848035785,15,0,3.9636427029421384e-08,5.454210894485489e-08,row_scaled_dual_fista
large_k,relaxation,fista_dual_lbfgs,20,3,10,1200018,1,converged,0.07900940000035916,0.04084379999767407,-0.005071516724168161,15,46,3.1530333899354446e-14,5.401458341637054e-08,row_scaled_dual_lbfgsb
large_k,relaxation,gurobi,20,3,10,1200018,1,optimal,0.025988100001995917,0.021251100002700696,-0.0050715154148466895,9,,4.2430237101598323e-10,,
large_k,relaxation,mosek,20,3,10,1200018,1,optimal,0.013615600000775885,0.011319799999910174,-0.005071432378112393,13,,4.555739008260673e-09,,
large_k,relaxation,fista_dual_fista,20,3,10,1200019,2,converged,0.19246099999872968,0.1565582000039285,-0.0052686703920700635,14,0,3.985778018744668e-08,7.98301660604803e-08,row_scaled_dual_fista
large_k,relaxation,fista_dual_lbfgs,20,3,10,1200019,2,converged,0.08279469999979483,0.03841359999569249,-0.005268670283198189,14,42,8.215650382226158e-14,8.027569885307596e-08,row_scaled_dual_lbfgsb
large_k,relaxation,gurobi,20,3,10,1200019,2,optimal,0.03214500000103726,0.021060500002931803,-0.005268669729286786,10,,1.190644027815324e-09,,
large_k,relaxation,mosek,20,3,10,1200019,2,optimal,0.013180400001147063,0.01069640000059735,-0.005268629397950062,11,,2.2788935183370995e-09,,
large_k,relaxation,fista_dual_fista,20,3,10,1200020,3,converged,0.19334190000154194,0.15824499999871477,-0.005285155016417997,14,0,4.084821370042846e-11,9.374663483526764e-08,row_scaled_dual_fista
large_k,relaxation,fista_dual_lbfgs,20,3,10,1200020,3,converged,0.08020680000117864,0.04539609999847016,-0.005285155016306945,14,43,7.815970093361102e-14,9.37175472522848e-08,row_scaled_dual_lbfgsb
large_k,relaxation,gurobi,20,3,10,1200020,3,optimal,0.03323879999879864,0.02037430000200402,-0.0052851337091665345,9,,1.7249104367067503e-09,,
large_k,relaxation,mosek,20,3,10,1200020,3,optimal,0.013592800001788419,0.010335200000554323,-0.005284787429031966,10,,1.9539047824146394e-08,,
large_k,relaxation,fista_dual_fista,20,3,10,1200021,4,converged,0.2520874999972875,0.2169095000026573,-0.0052709804229616715,14,0,1.7353567471900533e-09,5.128653382371378e-08,row_scaled_dual_fista
large_k,relaxation,fista_dual_lbfgs,20,3,10,1200021,4,converged,0.06904779999968014,0.03476800000134972,-0.0052709804276386465,14,42,5.950795411990839e-14,5.104415704881422e-08,row_scaled_dual_lbfgsb
large_k,relaxation,gurobi,20,3,10,1200021,4,optimal,0.03272530000322149,0.02010329999757232,-0.005270964556439278,12,,1.0238730974165833e-09,,
large_k,relaxation,mosek,20,3,10,1200021,4,optimal,0.013105600002745632,0.010192699999606702,-0.0052709365913812456,11,,2.350211025792248e-09,,
large_k,relaxation,fista_dual_fista,20,3,10,1200022,5,converged,0.09759860000121989,0.06370700000115903,-0.005138771158982056,10,0,8.444645871463763e-09,2.6971315715089032e-08,row_scaled_dual_fista
large_k,relaxation,fista_dual_lbfgs,20,3,10,1200022,5,converged,0.05396340000152122,0.019551000001229113,-0.005138771133336224,10,30,9.547918011776346e-15,2.601601420006463e-08,row_scaled_dual_lbfgsb
large_k,relaxation,gurobi,20,3,10,1200022,5,optimal,0.03208050000102958,0.0207760999983293,-0.005138762709392129,10,,6.76135814003942e-11,,
large_k,relaxation,mosek,20,3,10,1200022,5,optimal,0.01270460000159801,0.010272499999700813,-0.005138115717304832,12,,3.161456207934066e-08,,
large_k,relaxation,fista_dual_fista,20,3,10,1200023,6,converged,0.2595450000007986,0.22532520000459044,-0.004966169394989533,16,0,1.2276149874423936e-08,5.237431510306679e-08,row_scaled_dual_fista
large_k,relaxation,fista_dual_lbfgs,20,3,10,1200023,6,converged,0.07487380000020494,0.03993830000399612,-0.004966169354053142,16,49,5.0182080713057076e-14,5.2351708275659095e-08,row_scaled_dual_lbfgsb
large_k,relaxation,gurobi,20,3,10,1200023,6,optimal,0.03544510000210721,0.0222183000005316,-0.004966103882187391,9,,4.9848902783367066e-11,,
large_k,relaxation,mosek,20,3,10,1200023,6,optimal,0.012834400000429014,0.010204199999861885,-0.004965515287133593,12,,3.277239679633226e-08,,
large_k,relaxation,fista_dual_fista,20,3,10,1200024,7,converged,0.27409979999720235,0.2395297999973991,-0.004884918568840196,14,0,4.0810727242046596e-08,2.900009878612544e-08,row_scaled_dual_fista
large_k,relaxation,fista_dual_lbfgs,20,3,10,1200024,7,converged,0.07052610000027926,0.03609359999973094,-0.004884918428079033,14,42,1.0658141036401503e-14,2.8546977759574413e-08,row_scaled_dual_lbfgsb
large_k,relaxation,gurobi,20,3,10,1200024,7,optimal,0.03550360000008368,0.019982099998742342,-0.004884848857913617,8,,7.193845519282149e-11,,
large_k,relaxation,mosek,20,3,10,1200024,7,optimal,0.03495019999900251,0.03031349999946542,-0.004884914353405734,11,,2.2163004764763627e-10,,
large_k,relaxation,fista_dual_fista,20,3,10,1200025,8,converged,0.11536890000206768,0.06951560000379686,-0.005193944087007522,9,0,2.771589402428276e-08,1.9266852105404015e-08,row_scaled_dual_fista
large_k,relaxation,fista_dual_lbfgs,20,3,10,1200025,8,converged,0.055041999999957625,0.019368799999938346,-0.005193944005741703,9,27,3.9968028886505635e-15,1.934653141280122e-08,row_scaled_dual_lbfgsb
large_k,relaxation,gurobi,20,3,10,1200025,8,optimal,0.028071799999452196,0.02159609999944223,-0.005193928224198539,12,,1.6732142338327094e-09,,
large_k,relaxation,mosek,20,3,10,1200025,8,optimal,0.015020400001958478,0.012062800000421703,-0.005193942350026858,11,,8.200951029380121e-11,,
large_k,relaxation,fista_dual_fista,20,3,10,1200026,9,converged,0.40048120000210474,0.3622202999977162,-0.005177359445013203,21,0,1.1524946330609964e-08,5.03089504219488e-08,row_scaled_dual_fista
large_k,relaxation,fista_dual_lbfgs,20,3,10,1200026,9,converged,0.09342770000148448,0.05681370000093011,-0.005177359412386258,21,64,2.291500322826323e-13,5.024834351338609e-08,row_scaled_dual_lbfgsb
large_k,relaxation,gurobi,20,3,10,1200026,9,optimal,0.026325599999836413,0.022412900001654634,-0.00517733601752414,9,,7.321832029560937e-11,,
large_k,relaxation,mosek,20,3,10,1200026,9,optimal,0.017799299999751383,0.013877099998353515,-0.005177272144802391,12,,4.21695234287256e-09,,
large_k,relaxation,fista_dual_fista,30,3,15,1300017,0,converged,0.3189285000007658,0.26997649999611895,-0.003067478880276777,18,0,1.2328186471677327e-08,7.123374271814894e-08,row_scaled_dual_fista
large_k,relaxation,fista_dual_lbfgs,30,3,15,1300017,0,converged,0.08665190000101575,0.0501153000004706,-0.0030674787947409937,18,56,1.5898393712632242e-13,7.145508809454018e-08,row_scaled_dual_lbfgsb
large_k,relaxation,gurobi,30,3,15,1300017,0,optimal,0.03450909999810392,0.022684599996864563,-0.0030674578719969044,10,,4.253686292088332e-11,,
large_k,relaxation,mosek,30,3,15,1300017,0,optimal,0.014932099998986814,0.012689299997873604,-0.003067472312531301,12,,1.20858989482997e-10,,
large_k,relaxation,fista_dual_fista,30,3,15,1300018,1,converged,0.2532842000000528,0.21770150000156718,-0.003705374342911535,17,0,1.5167082256795084e-08,7.823769984340174e-08,row_scaled_dual_fista
large_k,relaxation,fista_dual_lbfgs,30,3,15,1300018,1,converged,0.08016499999939697,0.046273600000859005,-0.003705374250821073,17,52,5.0182080713057076e-14,7.81341270311589e-08,row_scaled_dual_lbfgsb
large_k,relaxation,gurobi,30,3,15,1300018,1,optimal,0.03174529999887454,0.0229613999981666,-0.0037053648061925754,11,,1.958383233358063e-09,,
large_k,relaxation,mosek,30,3,15,1300018,1,optimal,0.015326699998695403,0.0131693000002997,-0.003704947685159974,14,,7.018117864632245e-09,,
large_k,relaxation,fista_dual_fista,30,3,15,1300019,2,converged,0.21465710000120453,0.18077049999919836,-0.0034935942158874356,14,0,4.3920183045997874e-08,1.765518814725458e-08,row_scaled_dual_fista
large_k,relaxation,fista_dual_lbfgs,30,3,15,1300019,2,converged,0.06605649999983143,0.030957099996157922,-0.0034935944938360337,12,37,5.3734794391857577e-14,4.03429557525619e-08,row_scaled_dual_lbfgsb
large_k,relaxation,gurobi,30,3,15,1300019,2,optimal,0.03952230000140844,0.022580500000913162,-0.003493562759157926,10,,1.7968260213052645e-10,,
large_k,relaxation,mosek,30,3,15,1300019,2,optimal,0.015535800001089228,0.013312700000824407,-0.003492946912476775,14,,1.1112725961659464e-08,,
large_k,relaxation,fista_dual_fista,30,3,15,1300020,3,converged,0.2364765999991505,0.20081199999913224,-0.003616446872538627,14,0,4.563994737694088e-08,2.6771449284137367e-08,row_scaled_dual_fista
large_k,relaxation,fista_dual_lbfgs,30,3,15,1300020,3,converged,0.06905579999875044,0.035437399998045294,-0.0036164471496558034,14,43,2.930988785010413e-14,2.64986517028768e-08,row_scaled_dual_lbfgsb
large_k,relaxation,gurobi,30,3,15,1300020,3,optimal,0.03178199999820208,0.022250499998335727,-0.003616413886848146,10,,7.599849638495471e-10,,
large_k,relaxation,mosek,30,3,15,1300020,3,optimal,0.01468870000098832,0.012556599998788442,-0.0036152436680402644,14,,1.9825146413410266e-08,,
large_k,relaxation,fista_dual_fista,30,3,15,1300021,4,converged,0.3074120999990555,0.2742854000025545,-0.0032473862902452754,18,0,2.5362791422622877e-08,3.525423227263164e-08,row_scaled_dual_fista
large_k,relaxation,fista_dual_lbfgs,30,3,15,1300021,4,converged,0.07730240000091726,0.04423820000010892,-0.003247386118593029,18,55,5.1958437552457326e-14,3.5232150811857326e-08,row_scaled_dual_lbfgsb
large_k,relaxation,gurobi,30,3,15,1300021,4,optimal,0.03484450000178185,0.02111739999963902,-0.003247379745435642,9,,4.231726080661247e-12,,
large_k,relaxation,mosek,30,3,15,1300021,4,optimal,0.07011539999803063,0.06543360000068787,-0.003244942556474773,12,,4.484023574669038e-08,,
large_k,relaxation,fista_dual_fista,30,3,15,1300022,5,converged,0.24859879999712575,0.21396209999875282,-0.0039001654792161864,17,0,1.967269014357953e-08,3.611823332337332e-08,row_scaled_dual_fista
large_k,relaxation,fista_dual_lbfgs,30,3,15,1300022,5,converged,0.08125989999825833,0.045303600003535394,-0.0039001653678905866,17,53,7.549516567451064e-14,3.60790444010042e-08,row_scaled_dual_lbfgsb
large_k,relaxation,gurobi,30,3,15,1300022,5,optimal,0.032760699999926146,0.023332100001425715,-0.0039001547778175216,12,,1.9472417012167398e-09,,
large_k,relaxation,mosek,30,3,15,1300022,5,optimal,0.015607199999067234,0.01332890000048792,-0.0038995473631543553,15,,1.1082463835521139e-08,,
large_k,relaxation,fista_dual_fista,30,3,15,1300023,6,converged,0.2798403999986476,0.24379149999731453,-0.003848407220373667,15,0,1.9719859523092964e-08,3.33131353830067e-08,row_scaled_dual_fista
large_k,relaxation,fista_dual_lbfgs,30,3,15,1300023,6,converged,0.07564789999742061,0.03949749999810592,-0.003848407331630034,15,46,8.79296635503124e-14,3.352914746310566e-08,row_scaled_dual_lbfgsb
large_k,relaxation,gurobi,30,3,15,1300023,6,optimal,0.04009740000037709,0.023934000000735978,-0.0038483915673314228,13,,2.4671709120127616e-11,,
large_k,relaxation,mosek,30,3,15,1300023,6,optimal,0.014985500001785113,0.0125594999990426,-0.0038479097393738226,13,,9.264249589691076e-09,,
large_k,relaxation,fista_dual_fista,30,3,15,1300024,7,converged,0.1326757999995607,0.09822080000230926,-0.003705507505773902,11,0,2.0157727487202237e-08,8.110774840954048e-09,row_scaled_dual_fista
large_k,relaxation,fista_dual_lbfgs,30,3,15,1300024,7,converged,0.05808469999828958,0.023723599999357248,-0.003705507628806299,10,30,1.8207657603852567e-14,9.869194534173605e-08,row_scaled_dual_lbfgsb
large_k,relaxation,gurobi,30,3,15,1300024,7,optimal,0.035727200000110315,0.022651700001006247,-0.0037055028488043647,12,,4.316853541297405e-10,,
large_k,relaxation,mosek,30,3,15,1300024,7,optimal,0.015619199999491684,0.013452600000164239,-0.003705243761864421,14,,4.21326351585094e-09,,
large_k,relaxation,fista_dual_fista,30,3,15,1300025,8,converged,0.258178100000805,0.22389730000213603,-0.003665404173097556,17,0,7.1462364914509635e-09,8.496919018188098e-08,row_scaled_dual_fista
large_k,relaxation,fista_dual_lbfgs,30,3,15,1300025,8,converged,0.08060610000029556,0.04456919999938691,-0.003665404216662834,17,52,1.8074430840897548e-13,8.507051375994033e-08,row_scaled_dual_lbfgsb
large_k,relaxation,gurobi,30,3,15,1300025,8,optimal,0.024967600002128165,0.02233870000054594,-0.0036653982067374677,11,,8.208722590552497e-11,,
large_k,relaxation,mosek,30,3,15,1300025,8,optimal,0.015048199999000644,0.012900399997306522,-0.003662934600060159,13,,4.492542637901664e-08,,
large_k,relaxation,fista_dual_fista,30,3,15,1300026,9,converged,0.33394209999823943,0.29927690000477014,-0.0035508127891584074,19,0,9.566197611832195e-09,1.8046361328662496e-08,row_scaled_dual_fista
large_k,relaxation,fista_dual_lbfgs,30,3,15,1300026,9,converged,0.08235940000304254,0.04871619999903487,-0.00355081272939645,19,59,1.829647544582258e-13,1.8037840497528976e-08,row_scaled_dual_lbfgsb
large_k,relaxation,gurobi,30,3,15,1300026,9,optimal,0.025975000000471482,0.023581499997817446,-0.003550802597475677,10,,8.086087355252403e-11,,
large_k,relaxation,mosek,30,3,15,1300026,9,optimal,0.014779400000406895,0.01249889999962761,-0.003550786774986159,12,,4.455047442064597e-10,,
large_k,relaxation,fista_dual_fista,50,3,25,1500017,0,converged,0.41195970000262605,0.37558150000404567,-0.0013170958856047518,23,0,1.4282704796642065e-08,2.5237321127267563e-08,row_scaled_dual_fista
large_k,relaxation,fista_dual_lbfgs,50,3,25,1500017,0,converged,0.125457500002085,0.0841720999997051,-0.0013170960405895823,23,72,8.117950756059145e-13,2.5228949568568918e-08,row_scaled_dual_lbfgsb
large_k,relaxation,gurobi,50,3,25,1500017,0,optimal,0.05405850000170176,0.036878700000670506,-0.0013170743769133856,11,,7.373468502436253e-10,,
large_k,relaxation,mosek,50,3,25,1500017,0,optimal,0.04269690000000992,0.0374870000014198,-0.0013156925960824024,12,,1.6023797178021937e-08,,
large_k,relaxation,fista_dual_fista,50,3,25,1500018,1,converged,0.3535087999989628,0.3116199999967648,-0.0013495918559971974,19,0,1.7677224128931357e-08,9.549749010872572e-08,row_scaled_dual_fista
large_k,relaxation,fista_dual_lbfgs,50,3,25,1500018,1,converged,0.09457480000128271,0.056503299998439616,-0.0013495916635571873,19,58,2.184918912462308e-13,9.493042323822253e-08,row_scaled_dual_lbfgsb
large_k,relaxation,gurobi,50,3,25,1500018,1,optimal,0.04422369999883813,0.031248800001776544,-0.0013495725796778997,12,,1.0263363492413191e-09,,
large_k,relaxation,mosek,50,3,25,1500018,1,optimal,0.02220569999917643,0.0194816000002902,-0.0013495552987676743,11,,3.820448402080956e-10,,
large_k,relaxation,fista_dual_fista,50,3,25,1500019,2,converged,0.3045918999996502,0.2671293000021251,-0.0013886225250379792,18,0,9.121566613146115e-09,5.868046152090098e-09,row_scaled_dual_fista
large_k,relaxation,fista_dual_lbfgs,50,3,25,1500019,2,converged,0.08574919999955455,0.05077609999716515,-0.001388622623318318,18,56,2.460254222569347e-13,5.688423254403308e-09,row_scaled_dual_lbfgsb
large_k,relaxation,gurobi,50,3,25,1500019,2,optimal,0.03955380000115838,0.027759500000684056,-0.0013886055749163587,10,,5.872280439689348e-11,,
large_k,relaxation,mosek,50,3,25,1500019,2,optimal,0.018488599998818245,0.016212000002269633,-0.001387624291134022,11,,1.0792050808561271e-08,,
large_k,relaxation,fista_dual_fista,50,3,25,1500020,3,converged,0.39354500000263215,0.35926809999727993,-0.0011579781102853577,25,0,9.707537884651174e-09,7.28973536484917e-08,row_scaled_dual_fista
large_k,relaxation,fista_dual_lbfgs,50,3,25,1500020,3,converged,0.10408689999894705,0.06799519999913173,-0.0011579780008681428,25,82,6.838973831690964e-13,7.361850442225031e-08,row_scaled_dual_lbfgsb
large_k,relaxation,gurobi,50,3,25,1500020,3,optimal,0.04494600000180071,0.02834190000066883,-0.0011579746722564024,11,,2.46023812433549e-09,,
large_k,relaxation,mosek,50,3,25,1500020,3,optimal,0.01806650000071386,0.015902700000879122,-0.0011557554551630909,11,,2.5099198386335786e-08,,
large_k,relaxation,fista_dual_fista,50,3,25,1500021,4,converged,0.41460259999803384,0.379363200001535,-0.0014214859341098417,25,0,1.3508627993985556e-08,8.196103769493878e-08,row_scaled_dual_fista
large_k,relaxation,fista_dual_lbfgs,50,3,25,1500021,4,converged,0.1746069999971951,0.10381179999967571,-0.0014214860786548218,25,77,8.890665981198254e-13,8.19217306678868e-08,row_scaled_dual_lbfgsb
large_k,relaxation,gurobi,50,3,25,1500021,4,optimal,0.03955829999904381,0.03368459999910556,-0.0014214650455647484,11,,1.653706060977811e-10,,
large_k,relaxation,mosek,50,3,25,1500021,4,optimal,0.02638900000238209,0.023554999999760184,-0.0014202897493450634,12,,1.289918971636439e-08,,
large_k,relaxation,fista_dual_fista,50,3,25,1500022,5,converged,0.38434830000187503,0.34426860000166926,-0.0010590664756340365,21,0,7.11884950987951e-09,4.964309232258734e-08,row_scaled_dual_fista
large_k,relaxation,fista_dual_lbfgs,50,3,25,1500022,5,converged,0.09897690000070725,0.06233120000251802,-0.0010590665560756933,21,65,8.064660050877137e-13,4.707665531855707e-08,row_scaled_dual_lbfgsb
large_k,relaxation,gurobi,50,3,25,1500022,5,optimal,0.04550220000237459,0.0290869999989809,-0.0010590644923803832,11,,1.3021926870138145e-09,,
large_k,relaxation,mosek,50,3,25,1500022,5,optimal,0.019971699999587145,0.017498200002592057,-0.0010588083008531458,12,,2.7342044184308634e-09,,
large_k,relaxation,fista_dual_fista,50,3,25,1500023,6,converged,0.3322240999987116,0.29491849999976694,-0.0014333886280414754,19,0,4.5671066928321125e-09,1.8516261693877772e-08,row_scaled_dual_fista
large_k,relaxation,fista_dual_lbfgs,50,3,25,1500023,6,converged,0.09239080000043032,0.0559294000013324,-0.001433388677050701,19,57,3.4994229736184934e-13,1.848801309395561e-08,row_scaled_dual_lbfgsb
large_k,relaxation,gurobi,50,3,25,1500023,6,optimal,0.04149139999935869,0.03222670000104699,-0.0014333832072889793,12,,3.5922409491462304e-10,,
large_k,relaxation,mosek,50,3,25,1500023,6,optimal,0.01881669999784208,0.01656869999715127,-0.001433295035070361,11,,1.0459862975764622e-09,,
large_k,relaxation,fista_dual_fista,50,3,25,1500024,7,converged,0.4189263000007486,0.384138500001427,-0.0012396848029557657,25,0,4.815444931693946e-09,8.262008242750667e-08,row_scaled_dual_fista
large_k,relaxation,fista_dual_lbfgs,50,3,25,1500024,7,converged,0.10065740000209189,0.06587930000023334,-0.0012396848560707607,25,78,1.1510792319313623e-12,8.268682162308427e-08,row_scaled_dual_lbfgsb
large_k,relaxation,gurobi,50,3,25,1500024,7,optimal,0.13279319999855943,0.11618970000199624,-0.0012396824782355109,12,,2.787989838992644e-10,,
large_k,relaxation,mosek,50,3,25,1500024,7,optimal,0.018658199998753844,0.016335299998900155,-0.0012383666368248145,11,,1.4646223900349753e-08,,
large_k,relaxation,fista_dual_fista,50,3,25,1500025,8,converged,0.24089230000026873,0.20619010000154958,-0.0012363497959600317,16,0,5.7807669762155456e-09,6.436278946395645e-08,row_scaled_dual_fista
large_k,relaxation,fista_dual_lbfgs,50,3,25,1500025,8,converged,0.0790168999992602,0.04174630000125035,-0.0012363498602898995,16,49,1.127986593019159e-13,6.45353395938086e-08,row_scaled_dual_lbfgsb
large_k,relaxation,gurobi,50,3,25,1500025,8,optimal,0.04231580000123358,0.027265900000202237,-0.0012363380505292336,10,,1.3455903058456897e-12,,
large_k,relaxation,mosek,50,3,25,1500025,8,optimal,0.01836120000007213,0.016109699998196447,-0.0012363372225206552,12,,1.2957734885077343e-10,,
large_k,relaxation,fista_dual_fista,50,3,25,1500026,9,converged,0.3567406999973173,0.3221424000003026,-0.0012260456765152174,23,0,9.779654419617145e-09,6.565554500682243e-08,row_scaled_dual_fista
large_k,relaxation,fista_dual_lbfgs,50,3,25,1500026,9,converged,0.09255729999858886,0.05863270000190823,-0.0012260457847300798,23,71,8.29558643999917e-13,6.534581023542652e-08,row_scaled_dual_lbfgsb
large_k,relaxation,gurobi,50,3,25,1500026,9,optimal,0.03425680000145803,0.02783400000043912,-0.0012260360541755909,10,,9.257927757744255e-12,,
large_k,relaxation,mosek,50,3,25,1500026,9,optimal,0.018285999998624902,0.016133900000568246,-0.001225854918702713,11,,2.0536187195219213e-09,,
large_k,relaxation,fista_dual_fista,100,5,50,2000017,0,converged,0.4397303000005195,0.4053292999997211,-0.0030927009897128745,26,0,4.077368220833932e-09,2.5658875796842766e-08,row_scaled_dual_fista
large_k,relaxation,fista_dual_lbfgs,100,5,50,2000017,0,converged,0.11429470000075526,0.08030190000135917,-0.003092700959895887,26,81,2.69562150378988e-13,2.6412381502511234e-08,row_scaled_dual_lbfgsb
large_k,relaxation,gurobi,100,5,50,2000017,0,optimal,0.06700180000188993,0.053408899999340065,-0.0030926998715819585,11,,8.693046282814976e-13,,
large_k,relaxation,mosek,100,5,50,2000017,0,optimal,0.0325325999983761,0.030087299997830996,-0.0030926962569158365,12,,2.1990520515657863e-11,,
large_k,relaxation,fista_dual_fista,100,5,50,2000018,1,converged,0.4326996000017971,0.39717120000204886,-0.0031256013662861754,26,0,7.0563688225888654e-09,5.890254870756806e-08,row_scaled_dual_fista
large_k,relaxation,fista_dual_lbfgs,100,5,50,2000018,1,converged,0.1159202999988338,0.08110880000094767,-0.0031256013150204494,26,81,2.5757174171303632e-14,5.939491081497047e-08,row_scaled_dual_lbfgsb
large_k,relaxation,gurobi,100,5,50,2000018,1,optimal,0.05509140000140178,0.05183420000321348,-0.003125596389393741,11,,6.320188816744121e-11,,
large_k,relaxation,mosek,100,5,50,2000018,1,optimal,0.03229800000190153,0.029833600001438754,-0.0031255978371085014,12,,1.9506507520361538e-11,,
large_k,relaxation,fista_dual_fista,100,5,50,2000019,2,converged,0.41710969999985537,0.3823946000011347,-0.00318254076117957,25,0,8.389717365275828e-09,4.6430014449158064e-08,row_scaled_dual_fista
large_k,relaxation,fista_dual_lbfgs,100,5,50,2000019,2,converged,0.10562930000014603,0.07105430000228807,-0.0031825407011555045,25,78,8.08242361927114e-13,4.642296168317447e-08,row_scaled_dual_lbfgsb
large_k,relaxation,gurobi,100,5,50,2000019,2,optimal,0.1383693999996467,0.13140580000253976,-0.0031824954007452326,12,,4.631172112468107e-10,,
large_k,relaxation,mosek,100,5,50,2000019,2,optimal,0.033978100000240374,0.031550800002150936,-0.0031814369290186096,12,,5.395934365992616e-09,,
large_k,relaxation,fista_dual_fista,100,5,50,2000020,3,converged,0.400435200001084,0.3635690000010072,-0.003222173532527177,25,0,3.098801260037476e-08,2.2416026801803345e-08,row_scaled_dual_fista
large_k,relaxation,fista_dual_lbfgs,100,5,50,2000020,3,converged,0.10426089999964461,0.07056970000485308,-0.0032221733105678874,25,78,1.6431300764452317e-14,2.2364353024464516e-08,row_scaled_dual_lbfgsb
large_k,relaxation,gurobi,100,5,50,2000020,3,optimal,0.06735910000134027,0.05508650000047055,-0.0032221611830185216,12,,3.2610996125725933e-09,,
large_k,relaxation,mosek,100,5,50,2000020,3,optimal,0.03185780000058003,0.029509700001653982,-0.0032216164649869795,12,,2.5071742459914503e-09,,
large_k,relaxation,fista_dual_fista,100,5,50,2000021,4,converged,0.42029729999921983,0.38654289999976754,-0.0031918323917082946,27,0,1.6231700428193108e-09,7.717712800821483e-08,row_scaled_dual_fista
large_k,relaxation,fista_dual_lbfgs,100,5,50,2000021,4,converged,0.11623830000098678,0.08226440000362345,-0.003191832403392214,27,89,9.85878045867139e-14,7.716578021125326e-08,row_scaled_dual_lbfgsb
large_k,relaxation,gurobi,100,5,50,2000021,4,optimal,0.06969030000254861,0.05533060000016121,-0.0031918285874022647,12,,9.481926355192627e-11,,
large_k,relaxation,mosek,100,5,50,2000021,4,optimal,0.03190259999973932,0.0296505000005709,-0.0031905844958422212,12,,5.9962728116147446e-09,,
large_k,relaxation,fista_dual_fista,100,5,50,2000022,5,converged,0.43683099999907427,0.4006187000013597,-0.003250325107133273,28,0,7.421743575264372e-08,7.530710353801617e-08,row_scaled_dual_fista
large_k,relaxation,fista_dual_lbfgs,100,5,50,2000022,5,converged,0.11911759999929927,0.08246569999755593,-0.0032503245777762025,28,89,1.4157564010019996e-12,7.529921573160579e-08,row_scaled_dual_lbfgsb
large_k,relaxation,gurobi,100,5,50,2000022,5,optimal,0.06781689999843366,0.056800599999405676,-0.0032503198397538825,11,,5.897673460708575e-10,,
large_k,relaxation,mosek,100,5,50,2000022,5,optimal,0.03380660000038915,0.03147570000146516,-0.0032487760662664837,12,,6.074867386907101e-09,,
large_k,relaxation,fista_dual_fista,100,5,50,2000023,6,converged,0.4280389000014111,0.39346549999754643,-0.0031201661973361116,27,0,3.507950552261718e-08,4.971573903161367e-08,row_scaled_dual_fista
large_k,relaxation,fista_dual_lbfgs,100,5,50,2000023,6,converged,0.11158810000051744,0.0778853000010713,-0.003120165939862281,27,85,6.812328479099961e-13,4.922029516653959e-08,row_scaled_dual_lbfgsb
large_k,relaxation,gurobi,100,5,50,2000023,6,optimal,0.062176600000384497,0.05227990000275895,-0.003120157789829603,11,,2.148331512685786e-10,,
large_k,relaxation,mosek,100,5,50,2000023,6,optimal,0.03086269999766955,0.02863920000163489,-0.003118127490102056,11,,9.069432538311162e-09,,
large_k,relaxation,fista_dual_fista,100,5,50,2000024,7,converged,0.34643270000015036,0.3118936999999278,-0.0032352626600555753,21,0,5.7324771152167386e-08,6.55222216633854e-08,row_scaled_dual_fista
large_k,relaxation,fista_dual_lbfgs,100,5,50,2000024,7,converged,0.09446169999864651,0.0600629000000481,-0.0032352622490366464,21,66,1.3633538742396922e-13,6.574684662360871e-08,row_scaled_dual_lbfgsb
large_k,relaxation,gurobi,100,5,50,2000024,7,optimal,0.11053619999802322,0.08788719999938621,-0.0032352608493684716,11,,6.21617202156699e-11,,
large_k,relaxation,mosek,100,5,50,2000024,7,optimal,0.034892699997726595,0.03204879999975674,-0.0032351913087282688,12,,3.6269942604860717e-10,,
large_k,relaxation,fista_dual_fista,100,5,50,2000025,8,converged,0.35729039999932866,0.322220499998366,-0.003272613064015833,23,0,4.571656830876236e-09,6.786739899199179e-08,row_scaled_dual_fista
large_k,relaxation,fista_dual_lbfgs,100,5,50,2000025,8,converged,0.10145940000074916,0.06768219999867142,-0.0032726130963798474,23,72,4.289901767151605e-13,6.80232668332445e-08,row_scaled_dual_lbfgsb
large_k,relaxation,gurobi,100,5,50,2000025,8,optimal,0.06175179999991087,0.057582400000683265,-0.0032725799573761344,13,,1.1567709012894056e-09,,
large_k,relaxation,mosek,100,5,50,2000025,8,optimal,0.03176040000107605,0.029552800002420554,-0.003271415251465428,12,,5.458733909335933e-09,,
large_k,relaxation,fista_dual_fista,100,5,50,2000026,9,converged,0.42638499999884516,0.3926924000006693,-0.003065476121863177,27,0,1.6742776054456954e-09,8.102788089818967e-08,row_scaled_dual_fista
large_k,relaxation,fista_dual_lbfgs,100,5,50,2000026,9,converged,0.11198199999853387,0.0781334000021161,-0.0030654761342868257,27,84,7.265299473147024e-13,8.098611358322011e-08,row_scaled_dual_lbfgsb
large_k,relaxation,gurobi,100,5,50,2000026,9,optimal,0.06478620000052615,0.05384520000006887,-0.0030654714446087666,12,,3.128268755148156e-10,,
large_k,relaxation,mosek,100,5,50,2000026,9,optimal,0.03214250000019092,0.02988259999983711,-0.0030654183986108113,12,,2.7336088948004544e-10,,
large_k,relaxation,fista_dual_fista,300,15,50,4000017,0,converged,0.5529824000004737,0.5166161999986798,-0.007537152471290941,32,0,4.1375936454812745e-08,6.790498900821054e-08,row_scaled_dual_fista
large_k,relaxation,fista_dual_lbfgs,300,15,50,4000017,0,converged,0.1412105999988853,0.1058227999965311,-0.00753715241072031,32,96,3.517186542012496e-13,6.842545503846816e-08,row_scaled_dual_lbfgsb
large_k,relaxation,gurobi,300,15,50,4000017,0,optimal,0.15668400000140537,0.14779940000153147,-0.007537137148086289,14,,3.930695768872283e-10,,
large_k,relaxation,mosek,300,15,50,4000017,0,optimal,0.06629679999969085,0.0638613000010082,-0.0075365956984042295,13,,1.5692364074837428e-09,,
large_k,relaxation,fista_dual_fista,300,15,50,4000018,1,converged,0.5474185999992187,0.5107651999969676,-0.007460679911082484,33,0,2.159369283383228e-08,4.7865281681847605e-08,row_scaled_dual_fista
large_k,relaxation,fista_dual_lbfgs,300,15,50,4000018,1,converged,0.13589040000078967,0.10171910000281059,-0.007460679882028651,33,100,3.5993430458347575e-13,4.788779479058294e-08,row_scaled_dual_lbfgsb
large_k,relaxation,gurobi,300,15,50,4000018,1,optimal,0.15265569999974105,0.1404158000004827,-0.0074606644692758696,13,,9.583289717340904e-11,,
large_k,relaxation,mosek,300,15,50,4000018,1,optimal,0.0633267999983218,0.060921000000234926,-0.007460169869078614,12,,1.4188742403220544e-09,,
large_k,relaxation,fista_dual_fista,300,15,50,4000019,2,converged,0.6613766000009491,0.5731170999970345,-0.007543647188719964,35,0,2.115164665639213e-08,9.92896712127218e-08,row_scaled_dual_fista
large_k,relaxation,fista_dual_lbfgs,300,15,50,4000019,2,converged,0.1465119999993476,0.11094329999832553,-0.007543647157175357,35,105,1.7030821197749901e-13,9.968835384123977e-08,row_scaled_dual_lbfgsb
large_k,relaxation,gurobi,300,15,50,4000019,2,optimal,0.16744670000116457,0.15367329999935464,-0.007543625449851361,12,,2.925364395167662e-10,,
large_k,relaxation,mosek,300,15,50,4000019,2,optimal,0.09330389999740873,0.0907136999994691,-0.007543208347157265,16,,1.2939230797925916e-09,,
large_k,relaxation,fista_dual_fista,300,15,50,4000020,3,converged,0.7540212000021711,0.7128926000004867,-0.007581803883636831,32,0,3.9972707366331406e-08,9.807229482469174e-08,row_scaled_dual_fista
large_k,relaxation,fista_dual_lbfgs,300,15,50,4000020,3,converged,0.17044139999779873,0.12849639999694773,-0.007581803821127045,32,96,5.551115123125783e-13,9.833766984839219e-08,row_scaled_dual_lbfgsb
large_k,relaxation,gurobi,300,15,50,4000020,3,optimal,0.16945159999886528,0.154663299999811,-0.007581776213942958,12,,3.3175684421848928e-12,,
large_k,relaxation,mosek,300,15,50,4000020,3,optimal,0.08073739999963436,0.07805250000092201,-0.0075812977952857625,15,,1.4092652600439237e-09,,
large_k,relaxation,fista_dual_fista,300,15,50,4000021,4,converged,0.6343278999993345,0.5947554999984277,-0.0075820726467267134,34,0,1.1260241405963711e-08,3.280253749477553e-08,row_scaled_dual_fista
large_k,relaxation,fista_dual_lbfgs,300,15,50,4000021,4,converged,0.16872979999970994,0.13055639999583946,-0.00758207263280491,34,112,2.2386250631001303e-09,3.324288376924905e-08,row_scaled_dual_lbfgsb
large_k,relaxation,gurobi,300,15,50,4000021,4,optimal,0.17104640000252402,0.15998229999968316,-0.007582066070454933,14,,8.431699782818214e-12,,
large_k,relaxation,mosek,300,15,50,4000021,4,optimal,0.07621709999875748,0.07366819999879226,-0.007581914113991192,15,,3.090218081425178e-10,,
large_k,relaxation,fista_dual_fista,300,15,50,4000022,5,converged,0.6253983999995398,0.5896317000006093,-0.007594480984559181,31,0,1.6275258696296646e-08,8.239304473372097e-08,row_scaled_dual_fista
large_k,relaxation,fista_dual_lbfgs,300,15,50,4000022,5,converged,0.1390694000001531,0.10213779999685357,-0.007594480958686867,31,93,4.880540416252188e-13,8.595075648074443e-08,row_scaled_dual_lbfgsb
large_k,relaxation,gurobi,300,15,50,4000022,5,optimal,0.16393090000201482,0.15012860000206274,-0.007594477707930605,14,,4.928946140125845e-12,,
large_k,relaxation,mosek,300,15,50,4000022,5,optimal,0.07561659999919357,0.07280670000181999,-0.0075942192758694516,15,,7.377456423540707e-10,,
large_k,relaxation,fista_dual_fista,300,15,50,4000023,6,converged,0.5355279000032169,0.4993623000009393,-0.007491841316864439,32,0,2.6014039811173006e-08,6.6432144238165e-08,row_scaled_dual_fista
large_k,relaxation,fista_dual_lbfgs,300,15,50,4000023,6,converged,0.1335828000010224,0.0999201999984507,-0.00749184128055985,32,96,4.565237077258644e-13,6.664104512964224e-08,row_scaled_dual_lbfgsb
large_k,relaxation,gurobi,300,15,50,4000023,6,optimal,0.17063680000137538,0.15388569999777246,-0.007491833238589568,14,,5.405937919533699e-10,,
large_k,relaxation,mosek,300,15,50,4000023,6,optimal,0.06983949999994365,0.06719320000047446,-0.0074918041928770185,14,,9.74895719707547e-11,,
large_k,relaxation,fista_dual_fista,300,15,50,4000024,7,converged,0.5920538999998826,0.5571787000008044,-0.007512220800969346,34,0,3.9755577496691785e-08,9.909800150652775e-08,row_scaled_dual_fista
large_k,relaxation,fista_dual_lbfgs,300,15,50,4000024,7,converged,0.1588776999997208,0.12228020000111428,-0.007512220744324665,34,102,7.58948459633757e-13,9.960034895265001e-08,row_scaled_dual_lbfgsb
large_k,relaxation,gurobi,300,15,50,4000024,7,optimal,0.15752280000015162,0.15306319999945117,-0.00751221811041577,13,,3.679945237422544e-12,,
large_k,relaxation,mosek,300,15,50,4000024,7,optimal,0.07308689999990747,0.07049620000179857,-0.007511472827768702,13,,2.259881060062696e-09,,
large_k,relaxation,fista_dual_fista,300,15,50,4000025,8,converged,0.5574401000012585,0.5194605000033334,-0.007568794189163282,31,0,1.9833019226922488e-08,3.483231289775287e-08,row_scaled_dual_fista
large_k,relaxation,fista_dual_lbfgs,300,15,50,4000025,8,converged,0.13616389999879175,0.10141339999972843,-0.007568794158704339,31,93,3.597122599785507e-14,3.5017436785316785e-08,row_scaled_dual_lbfgsb
large_k,relaxation,gurobi,300,15,50,4000025,8,optimal,0.18856049999885727,0.18402939999941736,-0.00756878953934172,16,,3.301459106097582e-11,,
large_k,relaxation,mosek,300,15,50,4000025,8,optimal,0.10650220000025001,0.10096859999976004,-0.007568683726679323,19,,2.564580769970348e-10,,
large_k,relaxation,fista_dual_fista,300,15,50,4000026,9,converged,0.7575809000009031,0.6992985999968369,-0.007558389629560863,33,0,1.6358587817677517e-09,5.18475199862968e-08,row_scaled_dual_fista
large_k,relaxation,fista_dual_lbfgs,300,15,50,4000026,9,converged,0.15990949999832083,0.12117170000055921,-0.007558389632016121,33,99,2.744471316873387e-13,5.097539852806811e-08,row_scaled_dual_lbfgsb
large_k,relaxation,gurobi,300,15,50,4000026,9,optimal,0.1711907999997493,0.16532079999888083,-0.007558343590820168,14,,8.86188900039997e-10,,
large_k,relaxation,mosek,300,15,50,4000026,9,optimal,0.08049340000070515,0.077902199998789,-0.007557976394988299,16,,1.142880123872203e-09,,
large_k,relaxation,fista_dual_fista,1000,50,50,11000017,0,converged,1.9642610000009881,1.9286661999976786,-0.010170237755341278,72,0,9.947977597235536e-08,9.498748351163705e-08,row_scaled_dual_fista
large_k,relaxation,fista_dual_lbfgs,1000,50,50,11000017,0,converged,0.2000451999992947,0.165695700001379,-0.010170238459992546,38,136,5.148030890467226e-09,7.278202294142484e-08,row_scaled_dual_lbfgsb
large_k,relaxation,gurobi,1000,50,50,11000017,0,optimal,0.5912278999967384,0.5720306999974127,-0.010170218529927968,18,,4.0598635564492724e-12,,
large_k,relaxation,mosek,1000,50,50,11000017,0,optimal,0.23348249999980908,0.2300487000029534,-0.010170206401534439,17,,1.995015264100175e-11,,
large_k,relaxation,fista_dual_fista,1000,50,50,11000018,1,converged,1.76893900000141,1.7348745000017516,-0.010135108347770474,68,0,3.0958320351714974e-09,8.373602413507847e-08,row_scaled_dual_fista
large_k,relaxation,fista_dual_lbfgs,1000,50,50,11000018,1,converged,0.21628440000131377,0.1812022000012803,-0.01013510833845193,40,144,1.7779331340506133e-09,8.308038259429253e-08,row_scaled_dual_lbfgsb
large_k,relaxation,gurobi,1000,50,50,11000018,1,optimal,0.4854502999987744,0.4676703000004636,-0.010135080389905888,15,,8.475886659198295e-12,,
large_k,relaxation,mosek,1000,50,50,11000018,1,optimal,0.22905810000156634,0.22588380000161123,-0.010135001395702836,16,,1.1033862712395148e-10,,
large_k,relaxation,fista_dual_fista,1000,50,50,11000019,2,time_limit,3.0584520999982487,3.0238270000008924,-0.010170998613425327,109,0,1.6793833323980323e-07,8.009518896705491e-09,row_scaled_dual_fista
large_k,relaxation,fista_dual_lbfgs,1000,50,50,11000019,2,converged,0.19575059999988298,0.16297339999800897,-0.010170997957219612,36,127,7.065939078287897e-08,6.765339255459053e-08,row_scaled_dual_lbfgsb
large_k,relaxation,gurobi,1000,50,50,11000019,2,optimal,0.5251677000014752,0.5136135000029753,-0.01017099178633799,16,,7.043210459301008e-11,,
large_k,relaxation,mosek,1000,50,50,11000019,2,optimal,0.34368979999999283,0.3404396999976598,-0.010170814131767417,17,,2.0933055289162894e-10,,
large_k,relaxation,fista_dual_fista,1000,50,50,11000020,3,converged,2.002032499996858,1.9658171000010043,-0.010191601437149677,69,0,1.535691573906206e-09,4.082592094357856e-08,row_scaled_dual_fista
large_k,relaxation,fista_dual_lbfgs,1000,50,50,11000020,3,converged,0.37047180000081426,0.3287227000000712,-0.01019160144693352,42,150,6.113998196610737e-13,8.737132191656923e-08,row_scaled_dual_lbfgsb
large_k,relaxation,gurobi,1000,50,50,11000020,3,optimal,0.602680900003179,0.5961526999999478,-0.010191597879817247,16,,1.0694778396214133e-12,,
large_k,relaxation,mosek,1000,50,50,11000020,3,optimal,0.26881460000004154,0.2653561000006448,-0.01019155323319997,18,,3.5984482060769096e-10,,
large_k,relaxation,fista_dual_fista,1000,50,50,11000021,4,time_limit,3.0431788000023516,3.0071135999969556,-0.010199434442152542,94,0,2.81292359627372e-07,1.66566340887663e-08,row_scaled_dual_fista
large_k,relaxation,fista_dual_lbfgs,1000,50,50,11000021,4,converged,0.20950420000008307,0.17604409999694326,-0.010199436375939364,40,144,3.6674452363882892e-09,7.835642010654313e-08,row_scaled_dual_lbfgsb
large_k,relaxation,gurobi,1000,50,50,11000021,4,optimal,0.5615245999979379,0.5498903000006976,-0.01019942701322744,17,,1.1010081735207677e-11,,
large_k,relaxation,mosek,1000,50,50,11000021,4,optimal,0.234553499998583,0.23125140000047395,-0.010199360352867731,17,,1.260362925137315e-10,,
large_k,relaxation,fista_dual_fista,1000,50,50,11000022,5,time_limit,3.0561799999995856,3.0219385999989754,-0.010179736465638328,108,0,1.5733036939913347e-07,7.458804479378269e-08,row_scaled_dual_fista
large_k,relaxation,fista_dual_lbfgs,1000,50,50,11000022,5,converged,0.2265194000028714,0.19253530000059982,-0.010179735404655454,42,151,3.5482283777810153e-10,4.1940809322591075e-08,row_scaled_dual_lbfgsb
large_k,relaxation,gurobi,1000,50,50,11000022,5,optimal,0.5522023999983503,0.5415948000008939,-0.010179728100622412,17,,9.29034627006331e-12,,
large_k,relaxation,mosek,1000,50,50,11000022,5,optimal,0.2359050999984902,0.23295730000245385,-0.010179649127283046,17,,6.562285159716907e-10,,
large_k,relaxation,fista_dual_fista,1000,50,50,11000023,6,converged,1.8484344000025885,1.760257800000545,-0.010121239348482473,67,0,9.388166910540008e-09,8.087509295259836e-08,row_scaled_dual_fista
large_k,relaxation,fista_dual_lbfgs,1000,50,50,11000023,6,converged,0.2127223999996204,0.17912000000069384,-0.010121239440564136,41,148,4.547060283854876e-09,9.139844602623581e-08,row_scaled_dual_lbfgsb
large_k,relaxation,gurobi,1000,50,50,11000023,6,optimal,0.5063675999990664,0.4900235999994038,-0.01012123090454625,16,,7.710554417172943e-11,,
large_k,relaxation,mosek,1000,50,50,11000023,6,optimal,0.22970369999893592,0.22681699999884586,-0.010121184161610718,17,,1.5187062718524658e-10,,
large_k,relaxation,fista_dual_fista,1000,50,50,11000024,7,time_limit,3.0617450999998255,3.026674400000047,-0.010190179985831976,102,0,2.4835949807844315e-07,1.7364541427082075e-08,row_scaled_dual_fista
large_k,relaxation,fista_dual_lbfgs,1000,50,50,11000024,7,converged,0.24951279999731923,0.214349999998376,-0.010190178305403894,45,164,2.6328494939775737e-10,6.397732800886633e-08,row_scaled_dual_lbfgsb
large_k,relaxation,gurobi,1000,50,50,11000024,7,optimal,0.7200204000000667,0.7040250000027299,-0.010190157859569324,17,,3.3866243143165775e-12,,
large_k,relaxation,mosek,1000,50,50,11000024,7,optimal,0.2863160999986576,0.28303710000182036,-0.010190089794299504,19,,8.493339365145403e-11,,
large_k,relaxation,fista_dual_fista,1000,50,50,11000025,8,converged,1.5164264000013645,1.4778063999983715,-0.01017481319987314,47,0,6.871012914189123e-08,7.574399415745703e-09,row_scaled_dual_fista
large_k,relaxation,fista_dual_lbfgs,1000,50,50,11000025,8,converged,0.25024869999833754,0.21251020000272547,-0.010174812735821673,42,146,2.6845192735436285e-13,7.068944421664515e-08,row_scaled_dual_lbfgsb
large_k,relaxation,gurobi,1000,50,50,11000025,8,optimal,0.6115970999999263,0.5907065999999759,-0.010174799653731557,17,,1.2979706198734675e-10,,
large_k,relaxation,mosek,1000,50,50,11000025,8,optimal,0.24942709999959334,0.24630480000269017,-0.010174562866206424,16,,3.1781799414432044e-10,,
large_k,relaxation,fista_dual_fista,1000,50,50,11000026,9,time_limit,3.0656127000002016,3.028139199999714,-0.010159189032944698,97,0,2.3525249215339272e-07,8.372409258297884e-10,row_scaled_dual_fista
large_k,relaxation,fista_dual_lbfgs,1000,50,50,11000026,9,converged,0.2527071000004071,0.2174825999973109,-0.010159187458956845,46,168,1.590372722404254e-09,8.758387957074987e-08,row_scaled_dual_lbfgsb
large_k,relaxation,gurobi,1000,50,50,11000026,9,optimal,0.6676059999990684,0.6495371999990311,-0.01015918006260466,14,,7.109202115884727e-12,,
large_k,relaxation,mosek,1000,50,50,11000026,9,optimal,0.2513111999978719,0.2480135000005248,-0.010159182152463656,17,,5.991285245698919e-11,,
large_k,relaxation,fista_dual_fista,5000,50,50,51000017,0,time_limit,3.0820697999988624,3.0427309999977297,-0.006529439318773448,73,0,3.9434961163209437e-07,1.1305022123242354e-08,row_scaled_dual_fista
large_k,relaxation,fista_dual_lbfgs,5000,50,50,51000017,0,converged,0.4240575000003446,0.38756540000031237,-0.006529439030323765,68,162,1.1924461418288956e-10,7.027074572377669e-08,row_scaled_dual_lbfgsb
large_k,relaxation,gurobi,5000,50,50,51000017,0,optimal,3.071037099998648,3.0499010999992606,-0.006529389929678002,24,,2.472666515984656e-11,,
large_k,relaxation,mosek,5000,50,50,51000017,0,optimal,1.5990222000000358,1.5921641000022646,-0.006529372174457542,25,,2.7293345361556476e-10,,
large_k,relaxation,fista_dual_fista,5000,50,50,51000018,1,converged,2.7850150000012945,2.744144600001164,-0.006544977030477356,66,0,7.912608346316574e-10,7.629223622670196e-08,row_scaled_dual_fista
large_k,relaxation,fista_dual_lbfgs,5000,50,50,51000018,1,converged,0.4163018999970518,0.3786368999972183,-0.0065449770303617275,66,156,1.8324897155252984e-11,8.980941096698749e-08,row_scaled_dual_lbfgsb
large_k,relaxation,gurobi,5000,50,50,51000018,1,optimal,3.248638299999584,3.2170740000001388,-0.006544914693775558,25,,3.185962604845827e-11,,
large_k,relaxation,mosek,5000,50,50,51000018,1,optimal,1.7258467000028759,1.709202699999878,-0.006544867646549229,23,,2.538171228749775e-09,,
large_k,relaxation,fista_dual_fista,5000,50,50,51000019,2,time_limit,3.0731446000027063,3.0266455999990285,-0.00651571113922908,68,0,4.044108625755882e-07,2.1835269542917493e-08,row_scaled_dual_fista
large_k,relaxation,fista_dual_lbfgs,5000,50,50,51000019,2,converged,0.39287250000052154,0.35645929999736836,-0.006515710834686435,63,149,6.056288803790721e-11,8.042892976861894e-08,row_scaled_dual_lbfgsb
large_k,relaxation,gurobi,5000,50,50,51000019,2,time_limit,3.3942295999986527,3.3730201999969722,,21,,,,
large_k,relaxation,mosek,5000,50,50,51000019,2,optimal,2.1166454999984126,2.106346399999893,-0.006515649841587893,24,,1.1793696019779532e-09,,
large_k,relaxation,fista_dual_fista,5000,50,50,51000020,3,time_limit,3.077062600001227,3.032086799998069,-0.006509686222003333,65,0,3.3809075983270986e-08,2.514556278147676e-07,row_scaled_dual_fista
large_k,relaxation,fista_dual_lbfgs,5000,50,50,51000020,3,converged,0.6271386999978859,0.5449851999983366,-0.006509686271824446,67,163,7.509726174248499e-11,9.96625876218851e-08,row_scaled_dual_lbfgsb
large_k,relaxation,gurobi,5000,50,50,51000020,3,optimal,3.0862285000002885,3.0634508000002825,-0.006509640946005161,22,,4.109845797017897e-11,,
large_k,relaxation,mosek,5000,50,50,51000020,3,optimal,1.5045823999971617,1.4977824999987206,-0.006509578227792424,23,,2.012323307987174e-09,,
large_k,relaxation,fista_dual_fista,5000,50,50,51000021,4,time_limit,3.0546251999985543,3.012099500003387,-0.0064987398444567865,72,0,4.257906036642112e-07,7.442846430718184e-10,row_scaled_dual_fista
large_k,relaxation,fista_dual_lbfgs,5000,50,50,51000021,4,converged,0.42844800000239047,0.38929470000221045,-0.006498739509325653,64,152,1.8270718271651276e-11,8.495168281094571e-08,row_scaled_dual_lbfgsb
large_k,relaxation,gurobi,5000,50,50,51000021,4,optimal,2.9829786000009335,2.9562557000026572,-0.006498669175008614,24,,1.750910527675842e-11,,
large_k,relaxation,mosek,5000,50,50,51000021,4,optimal,1.5775559000030626,1.5708983000004082,-0.0064986403139207375,25,,4.3182124542795464e-11,,
large_k,relaxation,fista_dual_fista,5000,50,50,51000022,5,converged,2.5870420999999624,2.5458073999980115,-0.006531934808380934,65,0,1.4461499553419799e-08,2.3140425678930127e-08,row_scaled_dual_fista
large_k,relaxation,fista_dual_lbfgs,5000,50,50,51000022,5,converged,0.41047420000177226,0.37247179999758373,-0.006531934796858556,61,141,2.4946711363327267e-11,8.327163025908428e-08,row_scaled_dual_lbfgsb
large_k,relaxation,gurobi,5000,50,50,51000022,5,optimal,3.362946199998987,3.3450247999971907,-0.006531857590419809,23,,8.337708301553448e-11,,
large_k,relaxation,mosek,5000,50,50,51000022,5,optimal,1.4851400999978068,1.4763793999991321,-0.006531868092652712,23,,4.742646275701645e-09,,
large_k,relaxation,fista_dual_fista,5000,50,50,51000023,6,time_limit,3.105575500001578,3.063325999999506,-0.006552450728638589,71,0,3.7723892543084503e-07,2.2373999878263557e-10,row_scaled_dual_fista
large_k,relaxation,fista_dual_lbfgs,5000,50,50,51000023,6,converged,0.4013922000012826,0.3637472999980673,-0.006552450464092384,61,141,2.0426549340868405e-11,7.028250731557051e-08,row_scaled_dual_lbfgsb
large_k,relaxation,gurobi,5000,50,50,51000023,6,optimal,2.7461345000010624,2.7174262999978964,-0.006552402800840081,21,,1.6423196136372553e-11,,
large_k,relaxation,mosek,5000,50,50,51000023,6,optimal,1.4519885000008799,1.4453921999993327,-0.006552373132295369,23,,3.400022263733149e-09,,
large_k,relaxation,fista_dual_fista,5000,50,50,51000024,7,converged,2.7241689000002225,2.6852416999972775,-0.006528293096910275,67,0,7.010487301783996e-09,5.4441119915394554e-08,row_scaled_dual_fista
large_k,relaxation,fista_dual_lbfgs,5000,50,50,51000024,7,converged,0.41887560000031954,0.38185449999946286,-0.0065282931023288755,67,159,3.0564040187641695e-10,5.4727643114018404e-08,row_scaled_dual_lbfgsb
large_k,relaxation,gurobi,5000,50,50,51000024,7,optimal,2.726972000000387,2.704388199999812,-0.0065282596812496416,21,,2.416833400076257e-11,,
large_k,relaxation,mosek,5000,50,50,51000024,7,optimal,1.6382128999975976,1.631090499999118,-0.0065281253589765395,26,,4.675535292264499e-09,,
large_k,relaxation,fista_dual_fista,5000,50,50,51000025,8,time_limit,3.0742977000008977,3.035813700003928,-0.006526094216188609,72,0,3.161680242058651e-07,2.84926285070215e-09,row_scaled_dual_fista
large_k,relaxation,fista_dual_lbfgs,5000,50,50,51000025,8,converged,0.43790440000157105,0.3987905999965733,-0.006526094448827186,65,153,1.0857537091624181e-11,9.486710425602581e-08,row_scaled_dual_lbfgsb
large_k,relaxation,gurobi,5000,50,50,51000025,8,optimal,2.9790502000032575,2.958266599998751,-0.006526067609874604,23,,3.907763002075626e-12,,
large_k,relaxation,mosek,5000,50,50,51000025,8,optimal,1.4979844999979832,1.4905417999980273,-0.006525984575565974,22,,2.7494004850581177e-09,,
large_k,relaxation,fista_dual_fista,5000,50,50,51000026,9,time_limit,3.092813400002342,3.0518162999978813,-0.0065408593087835825,72,0,3.859719583942933e-07,9.075972780102782e-09,row_scaled_dual_fista
large_k,relaxation,fista_dual_lbfgs,5000,50,50,51000026,9,converged,0.42358469999817316,0.3851038000029803,-0.006540859033310518,64,150,4.845235324069108e-11,9.686907169292045e-08,row_scaled_dual_lbfgsb
large_k,relaxation,gurobi,5000,50,50,51000026,9,optimal,3.0210871000017505,2.991070399999444,-0.0065408484528433845,24,,3.0053737276602988e-12,,
large_k,relaxation,mosek,5000,50,50,51000026,9,optimal,1.5028325999992376,1.4945404999998573,-0.006540800633975639,24,,3.1656899324161714e-11,,
small_k,bnb,fista_dual_fista,10,2,5,100017,0,gap_limit,0.3831973999986076,0.006740200002241181,-0.004020748135414219,0,0,,,initial_incumbent
small_k,bnb,fista_dual_lbfgs,10,2,5,100017,0,gap_limit,0.19250800000008894,0.004121099998883437,-0.004020748135414219,0,0,,,initial_incumbent
small_k,bnb,gurobi,10,2,5,100017,0,optimal,0.3392189000005601,0.16394919999947888,-0.004020748135414219,3.0,1,,,exact_binary_perspective_miqcp; warm_start=fista_dual_lbfgs
small_k,bnb,mosek,10,2,5,100017,0,optimal,0.3234895999994478,0.06850090000079945,-0.004020748135414219,3,1,,,exact_binary_perspective_misocp; warm_start=fista_dual_lbfgs
small_k,bnb,fista_dual_fista,10,2,5,100018,1,gap_limit,0.23413880000225618,0.004733900001156144,-0.004434191349181313,0,0,,,initial_incumbent
small_k,bnb,fista_dual_lbfgs,10,2,5,100018,1,gap_limit,0.19302039999820408,0.0036925999993400183,-0.004434191349181313,0,0,,,initial_incumbent
small_k,bnb,gurobi,10,2,5,100018,1,optimal,0.2722180999990087,0.040043100001639687,-0.004434191349181313,1.0,1,,,exact_binary_perspective_miqcp; warm_start=fista_dual_lbfgs
small_k,bnb,mosek,10,2,5,100018,1,optimal,0.20557199999893783,0.020114499999181135,-0.004434191349181313,0,1,,,exact_binary_perspective_misocp; warm_start=fista_dual_lbfgs
small_k,bnb,fista_dual_fista,10,2,5,100019,2,gap_limit,0.25552549999702023,0.0035663000016938895,-0.003899492946810426,0,0,,,initial_incumbent
small_k,bnb,fista_dual_lbfgs,10,2,5,100019,2,gap_limit,0.19193759999689064,0.00356380000084755,-0.003899492946810426,0,0,,,initial_incumbent
small_k,bnb,gurobi,10,2,5,100019,2,optimal,0.21661500000118394,0.048228999999992084,-0.003899492946810426,1.0,1,,,exact_binary_perspective_miqcp; warm_start=fista_dual_lbfgs
small_k,bnb,mosek,10,2,5,100019,2,optimal,0.17174599999998463,0.01743239999996149,-0.003899492946810426,0,2,,,exact_binary_perspective_misocp; warm_start=fista_dual_lbfgs
small_k,bnb,fista_dual_fista,10,2,5,100020,3,gap_limit,0.27795550000155345,0.0030404999997699633,-0.0033745497308099205,0,0,,,initial_incumbent
small_k,bnb,fista_dual_lbfgs,10,2,5,100020,3,gap_limit,0.1516501000005519,0.002846700001100544,-0.0033745497308099205,0,0,,,initial_incumbent
small_k,bnb,gurobi,10,2,5,100020,3,optimal,0.18799639999997453,0.040227399997093016,-0.0033745497308099205,1.0,1,,,exact_binary_perspective_miqcp; warm_start=fista_dual_lbfgs
small_k,bnb,mosek,10,2,5,100020,3,optimal,0.19167550000202027,0.05063960000188672,-0.0033745497308099205,3,1,,,exact_binary_perspective_misocp; warm_start=fista_dual_lbfgs
small_k,bnb,fista_dual_fista,10,2,5,100021,4,gap_limit,0.19558429999960936,0.002782299998216331,-0.0040645499057097665,0,0,,,initial_incumbent
small_k,bnb,fista_dual_lbfgs,10,2,5,100021,4,gap_limit,0.1514911000012944,0.004536099997494603,-0.0040645499057097665,0,0,,,initial_incumbent
small_k,bnb,gurobi,10,2,5,100021,4,optimal,0.2522687999990012,0.07001990000208025,-0.0040645499057097665,1.0,1,,,exact_binary_perspective_miqcp; warm_start=fista_dual_lbfgs
small_k,bnb,mosek,10,2,5,100021,4,optimal,0.19250509999983478,0.016686499999195803,-0.0040645499057097665,0,1,,,exact_binary_perspective_misocp; warm_start=fista_dual_lbfgs
small_k,bnb,fista_dual_fista,10,2,5,100022,5,optimal,0.24671309999757796,0.01704989999780082,-0.0045877498481301775,1,0,,,initial_incumbent
small_k,bnb,fista_dual_lbfgs,10,2,5,100022,5,optimal,0.1552588000013202,0.014658500000223285,-0.0045877498481301775,1,0,,,initial_incumbent
small_k,bnb,gurobi,10,2,5,100022,5,optimal,0.17954029999964405,0.04540459999770974,-0.0045877498481301775,3.0,1,,,exact_binary_perspective_miqcp; warm_start=fista_dual_lbfgs
small_k,bnb,mosek,10,2,5,100022,5,optimal,0.16480959999898914,0.03304500000012922,-0.0045877498481301775,3,1,,,exact_binary_perspective_misocp; warm_start=fista_dual_lbfgs
small_k,bnb,fista_dual_fista,10,2,5,100023,6,gap_limit,0.4052111999990302,0.0027065000031143427,-0.003849539150639186,0,0,,,initial_incumbent
small_k,bnb,fista_dual_lbfgs,10,2,5,100023,6,gap_limit,0.1680923999992956,0.0028172000020276755,-0.003849539150639186,0,0,,,initial_incumbent
small_k,bnb,gurobi,10,2,5,100023,6,optimal,0.2058673000028648,0.044616200000746176,-0.003849539150639186,3.0,1,,,exact_binary_perspective_miqcp; warm_start=fista_dual_lbfgs
small_k,bnb,mosek,10,2,5,100023,6,optimal,0.193688999999722,0.03133689999958733,-0.003849539150639186,3,2,,,exact_binary_perspective_misocp; warm_start=fista_dual_lbfgs
small_k,bnb,fista_dual_fista,10,2,5,100024,7,gap_limit,0.14953149999928428,0.002597899998363573,-0.004039172574566799,0,0,,,initial_incumbent
small_k,bnb,fista_dual_lbfgs,10,2,5,100024,7,gap_limit,0.11799649999738904,0.003055299999687122,-0.004039172574566799,0,0,,,initial_incumbent
small_k,bnb,gurobi,10,2,5,100024,7,optimal,0.1485343999993347,0.028319099998043384,-0.004039172574566799,1.0,1,,,exact_binary_perspective_miqcp; warm_start=fista_dual_lbfgs
small_k,bnb,mosek,10,2,5,100024,7,optimal,0.12866200000280514,0.0131111000009696,-0.004039172574566799,0,1,,,exact_binary_perspective_misocp; warm_start=fista_dual_lbfgs
small_k,bnb,fista_dual_fista,10,2,5,100025,8,gap_limit,0.21834189999935916,0.0030193999991752207,-0.002700887604115876,0,0,,,initial_incumbent
small_k,bnb,fista_dual_lbfgs,10,2,5,100025,8,gap_limit,0.13175929999852087,0.0025485000005573966,-0.002700887604115876,0,0,,,initial_incumbent
small_k,bnb,gurobi,10,2,5,100025,8,optimal,0.1745305999975244,0.04587560000072699,-0.002700887604115876,2.0,1,,,exact_binary_perspective_miqcp; warm_start=fista_dual_lbfgs
small_k,bnb,mosek,10,2,5,100025,8,optimal,0.2472477000010258,0.11460470000019995,-0.002700887604115876,5,1,,,exact_binary_perspective_misocp; warm_start=fista_dual_lbfgs
small_k,bnb,fista_dual_fista,10,2,5,100026,9,gap_limit,0.14542019999862532,0.0026932000000670087,-0.004593625622904654,0,0,,,initial_incumbent
small_k,bnb,fista_dual_lbfgs,10,2,5,100026,9,gap_limit,0.12165639999875566,0.0036681000019598287,-0.004593625622904654,0,0,,,initial_incumbent
small_k,bnb,gurobi,10,2,5,100026,9,optimal,0.1507741999994323,0.0324280999993789,-0.004593625622904654,1.0,1,,,exact_binary_perspective_miqcp; warm_start=fista_dual_lbfgs
small_k,bnb,mosek,10,2,5,100026,9,optimal,0.13263290000031702,0.014138999998976942,-0.004593625622904654,0,1,,,exact_binary_perspective_misocp; warm_start=fista_dual_lbfgs
small_k,bnb,fista_dual_fista,20,2,10,200017,0,gap_limit,0.2730303999996977,0.002591500000562519,-0.0015858170167381037,0,0,,,initial_incumbent
small_k,bnb,fista_dual_lbfgs,20,2,10,200017,0,gap_limit,0.13865679999798886,0.0025585000003047753,-0.0015858170167381037,0,0,,,initial_incumbent
small_k,bnb,gurobi,20,2,10,200017,0,optimal,0.20336259999749018,0.06872840000141878,-0.0015858170167381037,1.0,1,,,exact_binary_perspective_miqcp; warm_start=fista_dual_lbfgs
small_k,bnb,mosek,20,2,10,200017,0,optimal,0.18748059999779798,0.05377220000082161,-0.0015858170167381037,5,1,,,exact_binary_perspective_misocp; warm_start=fista_dual_lbfgs
small_k,bnb,fista_dual_fista,20,2,10,200018,1,optimal,0.4064791000018886,0.02165709999826504,-0.0012329394460631766,3,0,,,initial_incumbent
small_k,bnb,fista_dual_lbfgs,20,2,10,200018,1,optimal,0.24968339999759337,0.01935369999773684,-0.0012329394460631766,3,0,,,initial_incumbent
small_k,bnb,gurobi,20,2,10,200018,1,optimal,0.21962880000137375,0.06850259999919217,-0.0012329394460631766,3.0,1,,,exact_binary_perspective_miqcp; warm_start=fista_dual_lbfgs
small_k,bnb,mosek,20,2,10,200018,1,optimal,0.21282290000090143,0.06538360000195098,-0.0012329394460631766,9,2,,,exact_binary_perspective_misocp; warm_start=fista_dual_lbfgs
small_k,bnb,fista_dual_fista,20,2,10,200019,2,optimal,0.20043620000069495,0.0024814000025799032,-0.0017355197498318802,0,0,,,initial_incumbent
small_k,bnb,fista_dual_lbfgs,20,2,10,200019,2,optimal,0.1322450999978173,0.0027380000028642826,-0.0017355197498318802,0,0,,,initial_incumbent
small_k,bnb,gurobi,20,2,10,200019,2,optimal,0.26077300000179093,0.054577400002017384,-0.001735519748381818,1.0,1,,,exact_binary_perspective_miqcp; warm_start=fista_dual_lbfgs
small_k,bnb,mosek,20,2,10,200019,2,optimal,0.15012779999960912,0.01814569999987725,-0.001735519748381818,0,1,,,exact_binary_perspective_misocp; warm_start=fista_dual_lbfgs
small_k,bnb,fista_dual_fista,20,2,10,200020,3,gap_limit,0.2907163000018045,0.0025323000008938834,-0.0015489862765863827,0,0,,,initial_incumbent
small_k,bnb,fista_dual_lbfgs,20,2,10,200020,3,gap_limit,0.13726200000019162,0.00257689999853028,-0.0015489862765863827,0,0,,,initial_incumbent
small_k,bnb,gurobi,20,2,10,200020,3,optimal,0.20308030000160215,0.06641079999826616,-0.0015489862765863827,3.0,1,,,exact_binary_perspective_miqcp; warm_start=fista_dual_lbfgs
small_k,bnb,mosek,20,2,10,200020,3,optimal,0.18775100000129896,0.04978819999814732,-0.0015489862765863827,3,2,,,exact_binary_perspective_misocp; warm_start=fista_dual_lbfgs
small_k,bnb,fista_dual_fista,20,2,10,200021,4,gap_limit,0.30634529999952065,0.002557100000558421,-0.0015481651090172646,0,0,,,initial_incumbent
small_k,bnb,fista_dual_lbfgs,20,2,10,200021,4,gap_limit,0.14719469999909052,0.005796500001451932,-0.0015481651090172646,0,0,,,initial_incumbent
small_k,bnb,gurobi,20,2,10,200021,4,optimal,0.22167540000009467,0.08045490000222344,-0.0015481651090172646,3.0,1,,,exact_binary_perspective_miqcp; warm_start=fista_dual_lbfgs
small_k,bnb,mosek,20,2,10,200021,4,optimal,0.19079120000242256,0.05067419999977574,-0.0015481651090172646,3,1,,,exact_binary_perspective_misocp; warm_start=fista_dual_lbfgs
small_k,bnb,fista_dual_fista,20,2,10,200022,5,optimal,0.3400246999990486,0.019008499999472406,-0.0011090961848896075,3,0,,,initial_incumbent
small_k,bnb,fista_dual_lbfgs,20,2,10,200022,5,optimal,0.16719159999775002,0.019160899999405956,-0.0011090961848896075,3,0,,,initial_incumbent
small_k,bnb,gurobi,20,2,10,200022,5,optimal,0.20965269999942393,0.06496669999978621,-0.0011090961848896075,4.0,1,,,exact_binary_perspective_miqcp; warm_start=fista_dual_lbfgs
small_k,bnb,mosek,20,2,10,200022,5,optimal,0.19222489999810932,0.04341690000001108,-0.0011090961848896075,5,2,,,exact_binary_perspective_misocp; warm_start=fista_dual_lbfgs
small_k,bnb,fista_dual_fista,20,2,10,200023,6,gap_limit,0.3176786000003631,0.0025170000008074567,-0.0015084746681427053,0,0,,,initial_incumbent
small_k,bnb,fista_dual_lbfgs,20,2,10,200023,6,gap_limit,0.14277339999898686,0.0026670000006561168,-0.0015084746681427053,0,0,,,initial_incumbent
small_k,bnb,gurobi,20,2,10,200023,6,optimal,0.2029770000008284,0.06394189999991795,-0.0015084746681427053,3.0,1,,,exact_binary_perspective_miqcp; warm_start=fista_dual_lbfgs
small_k,bnb,mosek,20,2,10,200023,6,optimal,0.26933009999993374,0.1317142000007152,-0.0015084746681427053,3,2,,,exact_binary_perspective_misocp; warm_start=fista_dual_lbfgs
small_k,bnb,fista_dual_fista,20,2,10,200024,7,gap_limit,0.2876421000000846,0.021376900000177557,-0.0010346560542417605,4,0,,,initial_incumbent
small_k,bnb,fista_dual_lbfgs,20,2,10,200024,7,gap_limit,0.16394979999677162,0.021658699999534292,-0.0010346560542417605,4,0,,,initial_incumbent
small_k,bnb,gurobi,20,2,10,200024,7,optimal,0.21802179999940563,0.07664149999982328,-0.0010346560542417605,1.0,1,,,exact_binary_perspective_miqcp; warm_start=fista_dual_lbfgs
small_k,bnb,mosek,20,2,10,200024,7,optimal,0.18529969999872264,0.04585660000157077,-0.0010346560542417605,5,2,,,exact_binary_perspective_misocp; warm_start=fista_dual_lbfgs
small_k,bnb,fista_dual_fista,20,2,10,200025,8,optimal,0.41564179999841144,0.024108300000079907,-0.0009397438844758934,3,0,,,initial_incumbent
small_k,bnb,fista_dual_lbfgs,20,2,10,200025,8,optimal,0.1704139000030409,0.02280089999840129,-0.0009397438844758934,3,0,,,initial_incumbent
small_k,bnb,gurobi,20,2,10,200025,8,optimal,0.23224200000186102,0.08628160000080243,-0.0009397438844758934,3.0,1,,,exact_binary_perspective_miqcp; warm_start=fista_dual_lbfgs
small_k,bnb,mosek,20,2,10,200025,8,optimal,0.20284560000072815,0.054569899999478366,-0.0009397438844758934,5,1,,,exact_binary_perspective_misocp; warm_start=fista_dual_lbfgs
small_k,bnb,fista_dual_fista,20,2,10,200026,9,gap_limit,0.27870639999673585,0.0025314999984402675,-0.001419161657055721,0,0,,,initial_incumbent
small_k,bnb,fista_dual_lbfgs,20,2,10,200026,9,gap_limit,0.13965989999996964,0.002531400001316797,-0.001419161657055721,0,0,,,initial_incumbent
small_k,bnb,gurobi,20,2,10,200026,9,optimal,0.20195279999825289,0.06557539999994333,-0.001419161657055721,1.0,1,,,exact_binary_perspective_miqcp; warm_start=fista_dual_lbfgs
small_k,bnb,mosek,20,2,10,200026,9,optimal,0.1876107000025513,0.048581600000034086,-0.001419161657055721,3,1,,,exact_binary_perspective_misocp; warm_start=fista_dual_lbfgs
small_k,bnb,fista_dual_fista,30,2,15,300017,0,gap_limit,0.32599970000228495,0.018855999998777406,0.0006356625760701867,2,0,,,initial_incumbent
small_k,bnb,fista_dual_lbfgs,30,2,15,300017,0,gap_limit,0.15921389999857638,0.01847509999788599,0.0006356625760701867,2,0,,,initial_incumbent
small_k,bnb,gurobi,30,2,15,300017,0,optimal,0.33238669999991544,0.19653589999870746,0.0006356625760701867,2.0,1,,,exact_binary_perspective_miqcp; warm_start=fista_dual_lbfgs
small_k,bnb,mosek,30,2,15,300017,0,optimal,0.21716220000234898,0.07962579999730224,0.0006356625760701867,3,2,,,exact_binary_perspective_misocp; warm_start=fista_dual_lbfgs
small_k,bnb,fista_dual_fista,30,2,15,300018,1,gap_limit,0.3570719999988796,0.03425740000238875,0.000921690978975747,4,0,,,initial_incumbent
small_k,bnb,fista_dual_lbfgs,30,2,15,300018,1,gap_limit,0.1785130999996909,0.03282900000340305,0.000921690978975747,4,0,,,initial_incumbent
small_k,bnb,gurobi,30,2,15,300018,1,optimal,0.2713677000028838,0.12472080000225105,0.000921690978975747,8.0,1,,,exact_binary_perspective_miqcp; warm_start=fista_dual_lbfgs
small_k,bnb,mosek,30,2,15,300018,1,optimal,0.2500757000016165,0.10966759999791975,0.000921690978975747,7,1,,,exact_binary_perspective_misocp; warm_start=fista_dual_lbfgs
small_k,bnb,fista_dual_fista,30,2,15,300019,2,gap_limit,0.3621969999985595,0.0027500999967742246,0.00045792241853818624,0,0,,,initial_incumbent
small_k,bnb,fista_dual_lbfgs,30,2,15,300019,2,gap_limit,0.15403569999762112,0.002548600001318846,0.00045792241853818624,0,0,,,initial_incumbent
small_k,bnb,gurobi,30,2,15,300019,2,optimal,0.2790080999984639,0.13007419999848935,0.00045792241853818624,3.0,1,,,exact_binary_perspective_miqcp; warm_start=fista_dual_lbfgs
small_k,bnb,mosek,30,2,15,300019,2,optimal,0.2794205999998667,0.09271199999784585,0.00045792241853818624,3,1,,,exact_binary_perspective_misocp; warm_start=fista_dual_lbfgs
small_k,bnb,fista_dual_fista,30,2,15,300020,3,gap_limit,0.34850400000141235,0.020228099998348625,0.0008838684266859742,2,0,,,initial_incumbent
small_k,bnb,fista_dual_lbfgs,30,2,15,300020,3,gap_limit,0.1694121999971685,0.019889400002284674,0.0008838684266859742,2,0,,,initial_incumbent
small_k,bnb,gurobi,30,2,15,300020,3,optimal,0.2810322000004817,0.1214293999983056,0.0008838684266859742,1.0,1,,,exact_binary_perspective_miqcp; warm_start=fista_dual_lbfgs
small_k,bnb,mosek,30,2,15,300020,3,optimal,0.2124985000009474,0.06798960000014631,0.0008838684266859742,3,2,,,exact_binary_perspective_misocp; warm_start=fista_dual_lbfgs
small_k,bnb,fista_dual_fista,30,2,15,300021,4,gap_limit,0.33179000000018277,0.0025304000009782612,0.0007383840286762176,0,0,,,initial_incumbent
small_k,bnb,fista_dual_lbfgs,30,2,15,300021,4,gap_limit,0.15158380000139005,0.0027838000023621134,0.0007383840286762176,0,0,,,initial_incumbent
small_k,bnb,gurobi,30,2,15,300021,4,optimal,0.2614042999994126,0.10966860000189627,0.0007383840286762176,1.0,1,,,exact_binary_perspective_miqcp; warm_start=fista_dual_lbfgs
small_k,bnb,mosek,30,2,15,300021,4,optimal,0.3034845000001951,0.12985889999981737,0.0007383840286762176,3,2,,,exact_binary_perspective_misocp; warm_start=fista_dual_lbfgs
small_k,bnb,fista_dual_fista,30,2,15,300022,5,gap_limit,0.36257370000021183,0.051477700002578786,0.0015220906036180204,13,0,,,initial_incumbent
small_k,bnb,fista_dual_lbfgs,30,2,15,300022,5,gap_limit,0.19554609999977401,0.052818500000284985,0.0015220906036180204,13,0,,,initial_incumbent
small_k,bnb,gurobi,30,2,15,300022,5,optimal,0.29617030000008526,0.1513219999978901,0.0015220906036180204,12.0,1,,,exact_binary_perspective_miqcp; warm_start=fista_dual_lbfgs
small_k,bnb,mosek,30,2,15,300022,5,optimal,0.3268610000013723,0.11181619999842951,0.0015220906036180204,9,1,,,exact_binary_perspective_misocp; warm_start=fista_dual_lbfgs
small_k,bnb,fista_dual_fista,30,2,15,300023,6,gap_limit,0.3936476999988372,0.025344800000311807,0.0010611097941121972,4,0,,,initial_incumbent
small_k,bnb,fista_dual_lbfgs,30,2,15,300023,6,gap_limit,0.19114640000043437,0.025441599998885067,0.0010611097941121972,4,0,,,initial_incumbent
small_k,bnb,gurobi,30,2,15,300023,6,optimal,0.28304239999852143,0.11518989999967744,0.0010611097941121972,4.0,1,,,exact_binary_perspective_miqcp; warm_start=fista_dual_lbfgs
small_k,bnb,mosek,30,2,15,300023,6,optimal,0.2582717999976012,0.08979209999961313,0.0010611097941121972,7,2,,,exact_binary_perspective_misocp; warm_start=fista_dual_lbfgs
small_k,bnb,fista_dual_fista,30,2,15,300024,7,gap_limit,0.39515359999859356,0.0033328000026813243,0.0005546680445081362,0,0,,,initial_incumbent
small_k,bnb,fista_dual_lbfgs,30,2,15,300024,7,gap_limit,0.15072349999900325,0.00262279999878956,0.0005546680445081362,0,0,,,initial_incumbent
small_k,bnb,gurobi,30,2,15,300024,7,optimal,0.2852562999978545,0.12261349999971571,0.0005546680445081362,3.0,1,,,exact_binary_perspective_miqcp; warm_start=fista_dual_lbfgs
small_k,bnb,mosek,30,2,15,300024,7,optimal,0.22603090000120574,0.07294710000132909,0.0005546680445081362,3,2,,,exact_binary_perspective_misocp; warm_start=fista_dual_lbfgs
small_k,bnb,fista_dual_fista,30,2,15,300025,8,gap_limit,0.3241185000006226,0.0027100999977847096,0.0005643888754469986,0,0,,,initial_incumbent
small_k,bnb,fista_dual_lbfgs,30,2,15,300025,8,gap_limit,0.1466054999982589,0.002587900002254173,0.0005643888754469986,0,0,,,initial_incumbent
small_k,bnb,gurobi,30,2,15,300025,8,optimal,0.27025310000317404,0.10999580000134301,0.0005643888754469986,1.0,1,,,exact_binary_perspective_miqcp; warm_start=fista_dual_lbfgs
small_k,bnb,mosek,30,2,15,300025,8,optimal,0.24321779999809223,0.07703650000257767,0.0005643888754469986,3,2,,,exact_binary_perspective_misocp; warm_start=fista_dual_lbfgs
small_k,bnb,fista_dual_fista,30,2,15,300026,9,gap_limit,0.9104709999992338,0.007451499997841893,0.0007630624512427308,0,0,,,initial_incumbent
small_k,bnb,fista_dual_lbfgs,30,2,15,300026,9,gap_limit,0.43440080000073067,0.008645499998237938,0.0007630624512427308,0,0,,,initial_incumbent
small_k,bnb,gurobi,30,2,15,300026,9,optimal,0.4930705999977363,0.16905580000093323,0.0007630624512427308,1.0,1,,,exact_binary_perspective_miqcp; warm_start=fista_dual_lbfgs
small_k,bnb,mosek,30,2,15,300026,9,optimal,0.3435911999986274,0.10248769999816432,0.0007630624512427308,5,2,,,exact_binary_perspective_misocp; warm_start=fista_dual_lbfgs
small_k,bnb,fista_dual_fista,50,2,25,500017,0,gap_limit,0.6017503000002762,0.029796599999826867,0.004537638337632814,4,0,,,initial_incumbent
small_k,bnb,fista_dual_lbfgs,50,2,25,500017,0,gap_limit,0.21591849999822443,0.027612300000328105,0.004537638337632814,4,0,,,initial_incumbent
small_k,bnb,gurobi,50,2,25,500017,0,optimal,0.47313860000213026,0.29237559999819496,0.004537638337632814,8.0,1,,,exact_binary_perspective_miqcp; warm_start=fista_dual_lbfgs
small_k,bnb,mosek,50,2,25,500017,0,optimal,0.3601713000025484,0.1883984000014607,0.004537638337632814,9,1,,,exact_binary_perspective_misocp; warm_start=fista_dual_lbfgs
small_k,bnb,fista_dual_fista,50,2,25,500018,1,gap_limit,0.6707545999997819,0.10928680000142776,0.005368639731398738,23,0,,,initial_incumbent
small_k,bnb,fista_dual_lbfgs,50,2,25,500018,1,gap_limit,0.28802210000139894,0.10897969999859924,0.005368639731398738,23,0,,,initial_incumbent
small_k,bnb,gurobi,50,2,25,500018,1,optimal,0.4716091999980563,0.2953108000001521,0.005368639731398738,9.0,1,,,exact_binary_perspective_miqcp; warm_start=fista_dual_lbfgs
small_k,bnb,mosek,50,2,25,500018,1,optimal,0.402321600002324,0.22414389999903506,0.005368639731398738,13,1,,,exact_binary_perspective_misocp; warm_start=fista_dual_lbfgs
small_k,bnb,fista_dual_fista,50,2,25,500019,2,gap_limit,0.5045444000024872,0.002587299997685477,0.004805476154699411,0,0,,,initial_incumbent
small_k,bnb,fista_dual_lbfgs,50,2,25,500019,2,gap_limit,0.18104820000007749,0.005261700000119163,0.004805476154699411,0,0,,,initial_incumbent
small_k,bnb,gurobi,50,2,25,500019,2,optimal,0.5505063000018708,0.30246019999685814,0.004805476154699411,5.0,1,,,exact_binary_perspective_miqcp; warm_start=fista_dual_lbfgs
small_k,bnb,mosek,50,2,25,500019,2,optimal,0.3264331999998831,0.14401559999896563,0.004805476154699411,3,1,,,exact_binary_perspective_misocp; warm_start=fista_dual_lbfgs
small_k,bnb,fista_dual_fista,50,2,25,500020,3,gap_limit,0.49807420000070124,0.03337370000008377,0.004635874603012336,6,0,,,initial_incumbent
small_k,bnb,fista_dual_lbfgs,50,2,25,500020,3,gap_limit,0.20101979999890318,0.035579399998823646,0.004635874603012336,6,0,,,initial_incumbent
small_k,bnb,gurobi,50,2,25,500020,3,optimal,0.44227200000023004,0.2754711999987194,0.004635874603012336,3.0,1,,,exact_binary_perspective_miqcp; warm_start=fista_dual_lbfgs
small_k,bnb,mosek,50,2,25,500020,3,optimal,0.3546838000002026,0.1958612999987963,0.004635874603012336,9,1,,,exact_binary_perspective_misocp; warm_start=fista_dual_lbfgs
small_k,bnb,fista_dual_fista,50,2,25,500021,4,gap_limit,0.4090356000015163,0.0025753000008990057,0.0049493039085580105,0,0,,,initial_incumbent
small_k,bnb,fista_dual_lbfgs,50,2,25,500021,4,gap_limit,0.1667725999977847,0.0026553000025160145,0.0049493039085580105,0,0,,,initial_incumbent
small_k,bnb,gurobi,50,2,25,500021,4,optimal,0.4430138000025181,0.28638150000188034,0.0049493039085580105,2.0,1,,,exact_binary_perspective_miqcp; warm_start=fista_dual_lbfgs
small_k,bnb,mosek,50,2,25,500021,4,optimal,0.3283628999997745,0.1552196999982698,0.0049493039085580105,5,1,,,exact_binary_perspective_misocp; warm_start=fista_dual_lbfgs
small_k,bnb,fista_dual_fista,50,2,25,500022,5,optimal,0.5195261000008031,0.07753300000331365,0.004973391122942464,15,0,,,node_score_qp
small_k,bnb,fista_dual_lbfgs,50,2,25,500022,5,optimal,0.2470149999971909,0.07914000000164378,0.004973391122942464,15,0,,,node_score_qp
small_k,bnb,gurobi,50,2,25,500022,5,optimal,0.47123070000088774,0.3027799999981653,0.004973391124918999,12.0,2,,,exact_binary_perspective_miqcp; warm_start=fista_dual_lbfgs
small_k,bnb,mosek,50,2,25,500022,5,optimal,0.39844390000143903,0.22663079999983893,0.004973391124919006,13,3,,,exact_binary_perspective_misocp; warm_start=fista_dual_lbfgs
small_k,bnb,fista_dual_fista,50,2,25,500023,6,gap_limit,0.5961037000015494,0.11443830000280286,0.005056613672646081,19,0,,,initial_incumbent
small_k,bnb,fista_dual_lbfgs,50,2,25,500023,6,gap_limit,0.35695269999996526,0.12223870000161696,0.005056613672646081,19,0,,,initial_incumbent
small_k,bnb,gurobi,50,2,25,500023,6,optimal,0.4686394000018481,0.2976275999972131,0.005056613676449856,10.0,1,,,exact_binary_perspective_miqcp; warm_start=fista_dual_lbfgs
small_k,bnb,mosek,50,2,25,500023,6,optimal,0.37569059999805177,0.20798840000134078,0.005056613676449863,11,1,,,exact_binary_perspective_misocp; warm_start=fista_dual_lbfgs
small_k,bnb,fista_dual_fista,50,2,25,500024,7,gap_limit,0.41988779999883263,0.003751399999600835,0.004608269976878307,0,0,,,initial_incumbent
small_k,bnb,fista_dual_lbfgs,50,2,25,500024,7,gap_limit,0.16353979999985313,0.002774399999907473,0.004608269976878307,0,0,,,initial_incumbent
small_k,bnb,gurobi,50,2,25,500024,7,optimal,0.4235950000002049,0.26948909999919124,0.004608269976878307,2.0,1,,,exact_binary_perspective_miqcp; warm_start=fista_dual_lbfgs
small_k,bnb,mosek,50,2,25,500024,7,optimal,0.28979960000287974,0.133530700000847,0.004608269976878307,3,1,,,exact_binary_perspective_misocp; warm_start=fista_dual_lbfgs
small_k,bnb,fista_dual_fista,50,2,25,500025,8,gap_limit,0.45873500000016065,0.0033867999991343822,0.004566201087627,0,0,,,initial_incumbent
small_k,bnb,fista_dual_lbfgs,50,2,25,500025,8,gap_limit,0.1641538000003493,0.0025437000003876165,0.004566201087627,0,0,,,initial_incumbent
small_k,bnb,gurobi,50,2,25,500025,8,optimal,0.44962110000051325,0.2887282999981835,0.004566201087627,5.0,1,,,exact_binary_perspective_miqcp; warm_start=fista_dual_lbfgs
small_k,bnb,mosek,50,2,25,500025,8,optimal,0.3335479999987001,0.1576987000007648,0.004566201087627,5,1,,,exact_binary_perspective_misocp; warm_start=fista_dual_lbfgs
small_k,bnb,fista_dual_fista,50,2,25,500026,9,gap_limit,0.6222918999992544,0.05146290000266163,0.004882467597973433,8,0,,,initial_incumbent
small_k,bnb,fista_dual_lbfgs,50,2,25,500026,9,gap_limit,0.26242920000004233,0.04316109999854234,0.004882467597973433,8,0,,,initial_incumbent
small_k,bnb,gurobi,50,2,25,500026,9,optimal,0.46051750000333413,0.2710829999996349,0.004882467597973433,5.0,1,,,exact_binary_perspective_miqcp; warm_start=fista_dual_lbfgs
small_k,bnb,mosek,50,2,25,500026,9,optimal,0.3253588999978092,0.14686900000015157,0.004882467597973433,5,1,,,exact_binary_perspective_misocp; warm_start=fista_dual_lbfgs
small_k,bnb,fista_dual_fista,100,2,50,1000017,0,gap_limit,0.8566448999990826,0.05837880000035511,0.011905234347183803,7,0,,,initial_incumbent
small_k,bnb,fista_dual_lbfgs,100,2,50,1000017,0,gap_limit,0.27648520000002463,0.06972370000221417,0.011905234347183803,15,0,,,initial_incumbent
small_k,bnb,gurobi,100,2,50,1000017,0,optimal,1.3027207000013732,1.0992202999987057,0.011905234347183803,7.0,1,,,exact_binary_perspective_miqcp; warm_start=fista_dual_lbfgs
small_k,bnb,mosek,100,2,50,1000017,0,optimal,0.8671504999983881,0.6707599999972444,0.011905234347183803,7,1,,,exact_binary_perspective_misocp; warm_start=fista_dual_lbfgs
small_k,bnb,fista_dual_fista,100,2,50,1000018,1,gap_limit,0.6740992000013648,0.0027818999988085125,0.011752547734999988,0,0,,,initial_incumbent
small_k,bnb,fista_dual_lbfgs,100,2,50,1000018,1,gap_limit,0.2000064999992901,0.002683700000488898,0.011752547734999988,0,0,,,initial_incumbent
small_k,bnb,gurobi,100,2,50,1000018,1,optimal,1.2403880999991088,1.0477963000012096,0.011752547734999988,5.0,1,,,exact_binary_perspective_miqcp; warm_start=fista_dual_lbfgs
small_k,bnb,mosek,100,2,50,1000018,1,optimal,0.6904813000001013,0.5002222000002803,0.011752547734999988,5,1,,,exact_binary_perspective_misocp; warm_start=fista_dual_lbfgs
small_k,bnb,fista_dual_fista,100,2,50,1000019,2,gap_limit,0.6196013000007952,0.0033407999981136527,0.011745602714468839,0,0,,,initial_incumbent
small_k,bnb,fista_dual_lbfgs,100,2,50,1000019,2,gap_limit,0.19492199999876902,0.00269520000074408,0.011745602714468839,0,0,,,initial_incumbent
small_k,bnb,gurobi,100,2,50,1000019,2,optimal,1.2747304000004078,1.076807600002212,0.011745602719945153,7.0,1,,,exact_binary_perspective_miqcp; warm_start=fista_dual_lbfgs
small_k,bnb,mosek,100,2,50,1000019,2,optimal,0.7554872999971849,0.5523436999974365,0.011745602719945153,7,1,,,exact_binary_perspective_misocp; warm_start=fista_dual_lbfgs
small_k,bnb,fista_dual_fista,100,2,50,1000020,3,gap_limit,0.7366000000001804,0.052394999998796266,0.011738752662748164,8,0,,,initial_incumbent
small_k,bnb,fista_dual_lbfgs,100,2,50,1000020,3,gap_limit,0.2437599999975646,0.05001020000054268,0.011738752662748164,8,0,,,initial_incumbent
small_k,bnb,gurobi,100,2,50,1000020,3,optimal,1.2945355999981984,1.0988447000017914,0.011738752662748164,11.0,1,,,exact_binary_perspective_miqcp; warm_start=fista_dual_lbfgs
small_k,bnb,mosek,100,2,50,1000020,3,optimal,0.9894247000011092,0.7152327000003424,0.011738752662748164,13,1,,,exact_binary_perspective_misocp; warm_start=fista_dual_lbfgs
small_k,bnb,fista_dual_fista,100,2,50,1000021,4,gap_limit,0.6852299999991374,0.09190179999859538,0.012113064041268093,17,0,,,initial_incumbent
small_k,bnb,fista_dual_lbfgs,100,2,50,1000021,4,gap_limit,0.27583489999960875,0.09127509999962058,0.012113064041268093,17,0,,,initial_incumbent
small_k,bnb,gurobi,100,2,50,1000021,4,optimal,1.298123000000487,1.1016838000032294,0.012113064041268093,9.0,1,,,exact_binary_perspective_miqcp; warm_start=fista_dual_lbfgs
small_k,bnb,mosek,100,2,50,1000021,4,optimal,0.7790219000016805,0.5972088999988046,0.012113064041268093,9,2,,,exact_binary_perspective_misocp; warm_start=fista_dual_lbfgs
small_k,bnb,fista_dual_fista,100,2,50,1000022,5,gap_limit,0.706949600000371,0.06266550000145799,0.011872468036392157,12,0,,,initial_incumbent
small_k,bnb,fista_dual_lbfgs,100,2,50,1000022,5,gap_limit,0.255637399997795,0.0696118000014394,0.011872468036392157,12,0,,,initial_incumbent
small_k,bnb,gurobi,100,2,50,1000022,5,optimal,1.2227189000004728,1.0298207999985607,0.011872468036392157,10.0,1,,,exact_binary_perspective_miqcp; warm_start=fista_dual_lbfgs
small_k,bnb,mosek,100,2,50,1000022,5,optimal,0.8986568999971496,0.7156304000018281,0.011872468036392157,13,2,,,exact_binary_perspective_misocp; warm_start=fista_dual_lbfgs
small_k,bnb,fista_dual_fista,100,2,50,1000023,6,gap_limit,0.8021703000013076,0.11341729999912786,0.012115483793331815,20,0,,,initial_incumbent
small_k,bnb,fista_dual_lbfgs,100,2,50,1000023,6,gap_limit,0.3631515000015497,0.1259429000019736,0.012115483793331815,20,0,,,initial_incumbent
small_k,bnb,gurobi,100,2,50,1000023,6,optimal,1.4376084000032279,1.2076554999985092,0.012115483793331815,248.0,1,,,exact_binary_perspective_miqcp; warm_start=fista_dual_lbfgs
small_k,bnb,mosek,100,2,50,1000023,6,optimal,0.83031420000043,0.6266058000001067,0.012115483793331815,9,1,,,exact_binary_perspective_misocp; warm_start=fista_dual_lbfgs
small_k,bnb,fista_dual_fista,100,2,50,1000024,7,gap_limit,0.7423249999992549,0.06131190000087372,0.011789501366362424,10,0,,,initial_incumbent
small_k,bnb,fista_dual_lbfgs,100,2,50,1000024,7,gap_limit,0.26185330000225804,0.06253649999780464,0.011789501366362424,10,0,,,initial_incumbent
small_k,bnb,gurobi,100,2,50,1000024,7,optimal,1.2879802999996173,1.0888129999984812,0.011789501366362424,9.0,1,,,exact_binary_perspective_miqcp; warm_start=fista_dual_lbfgs
small_k,bnb,mosek,100,2,50,1000024,7,optimal,0.887523000001238,0.6276224000030197,0.011789501366362424,9,2,,,exact_binary_perspective_misocp; warm_start=fista_dual_lbfgs
small_k,bnb,fista_dual_fista,100,2,50,1000025,8,gap_limit,0.6595653000003949,0.03402469999855384,0.011753931432846018,5,0,,,initial_incumbent
small_k,bnb,fista_dual_lbfgs,100,2,50,1000025,8,gap_limit,0.21659189999991213,0.033240299999306444,0.011753931432846018,5,0,,,initial_incumbent
small_k,bnb,gurobi,100,2,50,1000025,8,optimal,1.455855000000156,1.265720200000942,0.011753931432846018,9.0,1,,,exact_binary_perspective_miqcp; warm_start=fista_dual_lbfgs
small_k,bnb,mosek,100,2,50,1000025,8,optimal,0.8956551000010222,0.6821886999969138,0.011753931432846018,9,2,,,exact_binary_perspective_misocp; warm_start=fista_dual_lbfgs
small_k,bnb,fista_dual_fista,100,2,50,1000026,9,gap_limit,0.8024353000000701,0.21142399999735062,0.012197496480334318,37,0,,,initial_incumbent
small_k,bnb,fista_dual_lbfgs,100,2,50,1000026,9,gap_limit,0.39888060000157566,0.21036260000255425,0.012197496480334318,37,0,,,initial_incumbent
small_k,bnb,gurobi,100,2,50,1000026,9,optimal,1.3677930000012566,1.1105968000010762,0.012197496480334318,137.0,1,,,exact_binary_perspective_miqcp; warm_start=fista_dual_lbfgs
small_k,bnb,mosek,100,2,50,1000026,9,optimal,0.9669067000031646,0.7722318999985873,0.012197496480334318,19,2,,,exact_binary_perspective_misocp; warm_start=fista_dual_lbfgs
small_k,bnb,fista_dual_fista,300,6,50,3000017,0,gap_limit,0.858800699999847,0.0032143999997060746,0.001051989053393626,0,0,,,initial_incumbent
small_k,bnb,fista_dual_lbfgs,300,6,50,3000017,0,gap_limit,0.2556547000021965,0.0031963000001269393,0.001051989053393626,0,0,,,initial_incumbent
small_k,bnb,gurobi,300,6,50,3000017,0,time_limit,1.7941169000005175,1.534620200000063,0.001051989053393626,1.0,1,,,exact_binary_perspective_miqcp; warm_start=fista_dual_lbfgs
small_k,bnb,mosek,300,6,50,3000017,0,time_limit,2.0335782000001927,1.7345558000015444,0.001051989053393626,0,1,,,exact_binary_perspective_misocp; warm_start=fista_dual_lbfgs
small_k,bnb,fista_dual_fista,300,6,50,3000018,1,gap_limit,1.3612524999989546,0.0037871999993512873,0.0009699559813471457,0,0,,,initial_incumbent
small_k,bnb,fista_dual_lbfgs,300,6,50,3000018,1,gap_limit,0.39807250000012573,0.004047599999466911,0.0009699559813471457,0,0,,,initial_incumbent
small_k,bnb,gurobi,300,6,50,3000018,1,time_limit,1.883139100002154,1.537791399998241,0.0009699559813471457,1.0,1,,,exact_binary_perspective_miqcp; warm_start=fista_dual_lbfgs
small_k,bnb,mosek,300,6,50,3000018,1,time_limit,2.6870900000030815,2.2292454000016733,0.0009699559813471457,0,1,,,exact_binary_perspective_misocp; warm_start=fista_dual_lbfgs
small_k,bnb,fista_dual_fista,300,6,50,3000019,2,gap_limit,2.370932099998754,0.01024659999893629,0.0010279133205152655,0,0,,,initial_incumbent
small_k,bnb,fista_dual_lbfgs,300,6,50,3000019,2,gap_limit,1.2129822000024433,0.011535000001458684,0.0010279133205152655,0,0,,,initial_incumbent
small_k,bnb,gurobi,300,6,50,3000019,2,time_limit,2.4665362000014284,1.583725799999229,0.0010279133205152655,1.0,1,,,exact_binary_perspective_miqcp; warm_start=fista_dual_lbfgs
small_k,bnb,mosek,300,6,50,3000019,2,time_limit,3.09309199999916,1.7326532999977644,0.0010279133205152655,0,1,,,exact_binary_perspective_misocp; warm_start=fista_dual_lbfgs
small_k,bnb,fista_dual_fista,300,6,50,3000020,3,gap_limit,1.3882070999970892,0.0040002999994612765,0.000923776314564282,0,0,,,initial_incumbent
small_k,bnb,fista_dual_lbfgs,300,6,50,3000020,3,gap_limit,0.36379480000323383,0.0037426999988383614,0.000923776314564282,0,0,,,initial_incumbent
small_k,bnb,gurobi,300,6,50,3000020,3,time_limit,1.8490233000011358,1.539581900000485,0.000923776314564282,1.0,1,,,exact_binary_perspective_miqcp; warm_start=fista_dual_lbfgs
small_k,bnb,mosek,300,6,50,3000020,3,optimal,1.792954099997587,1.509164499999315,0.000923776314564282,5,2,,,exact_binary_perspective_misocp; warm_start=fista_dual_lbfgs
small_k,bnb,fista_dual_fista,300,6,50,3000021,4,gap_limit,0.8900075999990804,0.0031066000010468997,0.0009718591463329998,0,0,,,initial_incumbent
small_k,bnb,fista_dual_lbfgs,300,6,50,3000021,4,gap_limit,0.2859329999992042,0.003332700001919875,0.0009718591463329998,0,0,,,initial_incumbent
small_k,bnb,gurobi,300,6,50,3000021,4,time_limit,1.8326952999996138,1.5560496999969473,0.0009718591463329998,1.0,1,,,exact_binary_perspective_miqcp; warm_start=fista_dual_lbfgs
small_k,bnb,mosek,300,6,50,3000021,4,time_limit,1.8003535000025295,1.5230377000007138,0.0009718591463329998,3,1,,,exact_binary_perspective_misocp; warm_start=fista_dual_lbfgs
small_k,bnb,fista_dual_fista,300,6,50,3000022,5,gap_limit,0.9583868000008806,0.004085600001417333,0.001002887774610172,0,0,,,initial_incumbent
small_k,bnb,fista_dual_lbfgs,300,6,50,3000022,5,gap_limit,0.3019709000000148,0.003715299997566035,0.001002887774610172,0,0,,,initial_incumbent
small_k,bnb,gurobi,300,6,50,3000022,5,time_limit,1.8875071000002208,1.5295158999979321,0.001002887774610172,1.0,1,,,exact_binary_perspective_miqcp; warm_start=fista_dual_lbfgs
small_k,bnb,mosek,300,6,50,3000022,5,time_limit,1.775599600001442,1.5213507000007667,0.001002887774610172,3,2,,,exact_binary_perspective_misocp; warm_start=fista_dual_lbfgs
small_k,bnb,fista_dual_fista,300,6,50,3000023,6,gap_limit,0.8601543000004312,0.0029383000000962056,0.0009325943550391302,0,0,,,initial_incumbent
small_k,bnb,fista_dual_lbfgs,300,6,50,3000023,6,gap_limit,0.2596044999991136,0.003526200001942925,0.0009325943550391302,0,0,,,initial_incumbent
small_k,bnb,gurobi,300,6,50,3000023,6,time_limit,1.7916165999995428,1.532752499999333,0.0009325943550391302,1.0,1,,,exact_binary_perspective_miqcp; warm_start=fista_dual_lbfgs
small_k,bnb,mosek,300,6,50,3000023,6,time_limit,1.85522470000069,1.588602699997864,0.0009325943550391302,0,2,,,exact_binary_perspective_misocp; warm_start=fista_dual_lbfgs
small_k,bnb,fista_dual_fista,300,6,50,3000024,7,gap_limit,0.8337778999994043,0.00300749999951222,0.0010530961647657287,0,0,,,initial_incumbent
small_k,bnb,fista_dual_lbfgs,300,6,50,3000024,7,gap_limit,0.28122480000092764,0.002993499998410698,0.0010530961647657287,0,0,,,initial_incumbent
small_k,bnb,gurobi,300,6,50,3000024,7,time_limit,1.793436500000098,1.524718100001337,0.0010530961647657287,1.0,1,,,exact_binary_perspective_miqcp; warm_start=fista_dual_lbfgs
small_k,bnb,mosek,300,6,50,3000024,7,time_limit,2.118854199998168,1.805603400000109,0.0010530961647657287,0,2,,,exact_binary_perspective_misocp; warm_start=fista_dual_lbfgs
small_k,bnb,fista_dual_fista,300,6,50,3000025,8,gap_limit,0.8675436999983503,0.0031832999993639532,0.0011326916772669438,0,0,,,initial_incumbent
small_k,bnb,fista_dual_lbfgs,300,6,50,3000025,8,gap_limit,0.2847523000018555,0.0034570999996503815,0.0011326916772669438,0,0,,,initial_incumbent
small_k,bnb,gurobi,300,6,50,3000025,8,time_limit,1.8064786000031745,1.5284568000024592,0.0011326916772669438,1.0,1,,,exact_binary_perspective_miqcp; warm_start=fista_dual_lbfgs
small_k,bnb,mosek,300,6,50,3000025,8,time_limit,1.8312670000013895,1.523592399997142,0.0011326916772669438,1,1,,,exact_binary_perspective_misocp; warm_start=fista_dual_lbfgs
small_k,bnb,fista_dual_fista,300,6,50,3000026,9,gap_limit,1.050983900000574,0.0031401999985973816,0.000965798316300559,0,0,,,initial_incumbent
small_k,bnb,fista_dual_lbfgs,300,6,50,3000026,9,gap_limit,0.40038389999972424,0.003364200001669815,0.000965798316300559,0,0,,,initial_incumbent
small_k,bnb,gurobi,300,6,50,3000026,9,time_limit,1.8667110999995202,1.532827199996973,0.000965798316300559,1.0,1,,,exact_binary_perspective_miqcp; warm_start=fista_dual_lbfgs
small_k,bnb,mosek,300,6,50,3000026,9,time_limit,2.5040459999981977,1.997559999999794,0.000965798316300559,0,2,,,exact_binary_perspective_misocp; warm_start=fista_dual_lbfgs
small_k,bnb,fista_dual_fista,1000,10,50,10000017,0,gap_limit,2.7489774000023317,0.004942100000334904,0.0022011838865661805,0,0,,,initial_incumbent
small_k,bnb,fista_dual_lbfgs,1000,10,50,10000017,0,gap_limit,0.4062744000002567,0.004406200001540128,0.0022011838865661805,0,0,,,initial_incumbent
small_k,bnb,gurobi,1000,10,50,10000017,0,time_limit,1.9535090000026685,1.5649851000016497,0.0022011838865661805,1.0,1,,,exact_binary_perspective_miqcp; warm_start=fista_dual_lbfgs
small_k,bnb,mosek,1000,10,50,10000017,0,time_limit,1.9121912000009615,1.5410531000015908,0.0022011838865661805,0,1,,,exact_binary_perspective_misocp; warm_start=fista_dual_lbfgs
small_k,bnb,fista_dual_fista,1000,10,50,10000018,1,gap_limit,1.6618958999970346,0.00444699999934528,0.0022451821413800675,0,0,,,initial_incumbent
small_k,bnb,fista_dual_lbfgs,1000,10,50,10000018,1,gap_limit,0.3696588000020711,0.004029899999295594,0.0022451821413800675,0,0,,,initial_incumbent
small_k,bnb,gurobi,1000,10,50,10000018,1,time_limit,1.9427977000013925,1.5606498000015563,0.0022451821413800675,1.0,1,,,exact_binary_perspective_miqcp; warm_start=fista_dual_lbfgs
small_k,bnb,mosek,1000,10,50,10000018,1,time_limit,1.9220800000002782,1.5550860000003013,0.0022451821413800675,0,2,,,exact_binary_perspective_misocp; warm_start=fista_dual_lbfgs
small_k,bnb,fista_dual_fista,1000,10,50,10000019,2,gap_limit,1.810228800000914,0.004134700000577141,0.002213305097487824,0,0,,,initial_incumbent
small_k,bnb,fista_dual_lbfgs,1000,10,50,10000019,2,gap_limit,0.3741828999991412,0.004973099999915576,0.002213305097487824,0,0,,,initial_incumbent
small_k,bnb,gurobi,1000,10,50,10000019,2,time_limit,2.034528100000898,1.5864164999984496,0.002213305097487824,1.0,1,,,exact_binary_perspective_miqcp; warm_start=fista_dual_lbfgs
small_k,bnb,mosek,1000,10,50,10000019,2,time_limit,1.8983740000003309,1.5423520000003919,0.002213305097487824,0,2,,,exact_binary_perspective_misocp; warm_start=fista_dual_lbfgs
small_k,bnb,fista_dual_fista,1000,10,50,10000020,3,gap_limit,2.1467068000019935,0.005531200000405079,0.002324462291596191,0,0,,,initial_incumbent
small_k,bnb,fista_dual_lbfgs,1000,10,50,10000020,3,gap_limit,0.4394060999984504,0.0073725000002013985,0.002324462291596191,0,0,,,initial_incumbent
small_k,bnb,gurobi,1000,10,50,10000020,3,time_limit,2.3443704999990587,1.8187766000010015,0.002324462291596191,1.0,1,,,exact_binary_perspective_miqcp; warm_start=fista_dual_lbfgs
small_k,bnb,mosek,1000,10,50,10000020,3,time_limit,2.2390622999992047,1.595009199998458,0.002324462291596191,0,2,,,exact_binary_perspective_misocp; warm_start=fista_dual_lbfgs
small_k,bnb,fista_dual_fista,1000,10,50,10000021,4,gap_limit,1.9630934000015259,0.004720000000816071,0.0022940103984158446,0,0,,,initial_incumbent
small_k,bnb,fista_dual_lbfgs,1000,10,50,10000021,4,gap_limit,0.3813698999983899,0.004789799997524824,0.0022940103984158446,0,0,,,initial_incumbent
small_k,bnb,gurobi,1000,10,50,10000021,4,time_limit,1.9388537999984692,1.5626961000016308,0.0022940103984158446,1.0,1,,,exact_binary_perspective_miqcp; warm_start=fista_dual_lbfgs
small_k,bnb,mosek,1000,10,50,10000021,4,time_limit,1.9116424999992887,1.5432433999994828,0.0022940103984158446,0,2,,,exact_binary_perspective_misocp; warm_start=fista_dual_lbfgs
small_k,bnb,fista_dual_fista,1000,10,50,10000022,5,gap_limit,1.9377795000000333,0.004133700000238605,0.0023812531689859466,0,0,,,initial_incumbent
small_k,bnb,fista_dual_lbfgs,1000,10,50,10000022,5,gap_limit,0.3891163999978744,0.004958599998644786,0.0023812531689859466,0,0,,,initial_incumbent
small_k,bnb,gurobi,1000,10,50,10000022,5,time_limit,1.949612000000343,1.5602876000011747,0.0023812531689859466,1.0,1,,,exact_binary_perspective_miqcp; warm_start=fista_dual_lbfgs
small_k,bnb,mosek,1000,10,50,10000022,5,time_limit,1.9361271000016131,1.5456758000000264,0.0023812531689859466,0,1,,,exact_binary_perspective_misocp; warm_start=fista_dual_lbfgs
small_k,bnb,fista_dual_fista,1000,10,50,10000023,6,gap_limit,1.927815399998508,0.004485599998588441,0.0022440273658852813,0,0,,,initial_incumbent
small_k,bnb,fista_dual_lbfgs,1000,10,50,10000023,6,gap_limit,0.40766749999966123,0.005404700001236051,0.0022440273658852813,0,0,,,initial_incumbent
small_k,bnb,gurobi,1000,10,50,10000023,6,time_limit,1.9812773000012385,1.5834652000012284,0.0022440273658852813,1.0,1,,,exact_binary_perspective_miqcp; warm_start=fista_dual_lbfgs
small_k,bnb,mosek,1000,10,50,10000023,6,time_limit,2.0655692999971507,1.5670092000000295,0.0022440273658852813,0,2,,,exact_binary_perspective_misocp; warm_start=fista_dual_lbfgs
small_k,bnb,fista_dual_fista,1000,10,50,10000024,7,gap_limit,2.286820000001171,0.0046285999997053295,0.002272230419546925,0,0,,,initial_incumbent
small_k,bnb,fista_dual_lbfgs,1000,10,50,10000024,7,gap_limit,0.38410750000184635,0.0042131000009248964,0.002272230419546925,0,0,,,initial_incumbent
small_k,bnb,gurobi,1000,10,50,10000024,7,time_limit,1.9652041000008467,1.5900132999995549,0.002272230419546925,1.0,1,,,exact_binary_perspective_miqcp; warm_start=fista_dual_lbfgs
small_k,bnb,mosek,1000,10,50,10000024,7,time_limit,3.075681700000132,2.6586664999995264,0.002272230419546925,0,1,,,exact_binary_perspective_misocp; warm_start=fista_dual_lbfgs
small_k,bnb,fista_dual_fista,1000,10,50,10000025,8,gap_limit,1.8014519999996992,0.0043391999970481265,0.0022494804054659437,0,0,,,initial_incumbent
small_k,bnb,fista_dual_lbfgs,1000,10,50,10000025,8,gap_limit,0.3837057000018831,0.004156200000579702,0.0022494804054659437,0,0,,,initial_incumbent
small_k,bnb,gurobi,1000,10,50,10000025,8,time_limit,1.9365290000023379,1.5604640999990806,0.0022494804054659437,1.0,1,,,exact_binary_perspective_miqcp; warm_start=fista_dual_lbfgs
small_k,bnb,mosek,1000,10,50,10000025,8,time_limit,2.9683536999982607,2.6108533999977226,0.0022494804054659437,0,1,,,exact_binary_perspective_misocp; warm_start=fista_dual_lbfgs
small_k,bnb,fista_dual_fista,1000,10,50,10000026,9,gap_limit,1.6543883999984246,0.004859199998463737,0.002329683005153422,0,0,,,initial_incumbent
small_k,bnb,fista_dual_lbfgs,1000,10,50,10000026,9,gap_limit,0.33956860000034794,0.004908099999738624,0.002329683005153422,0,0,,,initial_incumbent
small_k,bnb,gurobi,1000,10,50,10000026,9,time_limit,1.9153470000019297,1.5614480999975058,0.002329683005153422,1.0,1,,,exact_binary_perspective_miqcp; warm_start=fista_dual_lbfgs
small_k,bnb,mosek,1000,10,50,10000026,9,time_limit,1.9771685000014259,1.6407447999990836,0.002329683005153422,0,1,,,exact_binary_perspective_misocp; warm_start=fista_dual_lbfgs
small_k,bnb,fista_dual_fista,5000,10,50,50000017,0,gap_limit,3.2697724999998172,0.015447699999640463,0.021691669312243256,0,0,,,initial_incumbent
small_k,bnb,fista_dual_lbfgs,5000,10,50,50000017,0,gap_limit,0.7089990999993461,0.015422000000398839,0.021691669312243256,0,0,,,initial_incumbent
small_k,bnb,gurobi,5000,10,50,50000017,0,time_limit,2.490327299998171,1.7932867999988957,0.021691669312243256,0.0,1,,,exact_binary_perspective_miqcp; warm_start=fista_dual_lbfgs
small_k,bnb,mosek,5000,10,50,50000017,0,time_limit,4.7915834000014,4.1005695999992895,0.021691669312243256,0,1,,,exact_binary_perspective_misocp; warm_start=fista_dual_lbfgs
small_k,bnb,fista_dual_fista,5000,10,50,50000018,1,gap_limit,3.2625615000033577,0.01592220000020461,0.02169843897572349,0,0,,,initial_incumbent
small_k,bnb,fista_dual_lbfgs,5000,10,50,50000018,1,gap_limit,0.7457259000002523,0.016185000000405125,0.02169843897572349,0,0,,,initial_incumbent
small_k,bnb,gurobi,5000,10,50,50000018,1,time_limit,2.573229400000855,1.8089827000003424,0.02169843897572349,0.0,1,,,exact_binary_perspective_miqcp; warm_start=fista_dual_lbfgs
small_k,bnb,mosek,5000,10,50,50000018,1,time_limit,4.568650000001071,3.832057100000384,0.02169843897572349,0,1,,,exact_binary_perspective_misocp; warm_start=fista_dual_lbfgs
small_k,bnb,fista_dual_fista,5000,10,50,50000019,2,gap_limit,3.254287200001272,0.015457299999980023,0.02171501057923763,0,0,,,initial_incumbent
small_k,bnb,fista_dual_lbfgs,5000,10,50,50000019,2,gap_limit,0.7914721999986796,0.016351499998563668,0.02171501057923763,0,0,,,initial_incumbent
small_k,bnb,gurobi,5000,10,50,50000019,2,time_limit,2.4930889999995998,1.8046384000008402,0.02171501057923763,0.0,1,,,exact_binary_perspective_miqcp; warm_start=fista_dual_lbfgs
small_k,bnb,mosek,5000,10,50,50000019,2,time_limit,4.480519700002333,3.805913899999723,0.02171501057923763,0,1,,,exact_binary_perspective_misocp; warm_start=fista_dual_lbfgs
small_k,bnb,fista_dual_fista,5000,10,50,50000020,3,gap_limit,3.2841499999994994,0.015199599998595659,0.021679304196965198,0,0,,,initial_incumbent
small_k,bnb,fista_dual_lbfgs,5000,10,50,50000020,3,gap_limit,0.730427000002237,0.015473700001166435,0.021675608122062005,0,0,,,initial_incumbent
small_k,bnb,gurobi,5000,10,50,50000020,3,time_limit,2.625218400000449,1.8024806000030367,0.021675608122062005,0.0,1,,,exact_binary_perspective_miqcp; warm_start=fista_dual_lbfgs
small_k,bnb,mosek,5000,10,50,50000020,3,time_limit,4.524148000000423,3.8039177999999083,0.021675608122062005,0,1,,,exact_binary_perspective_misocp; warm_start=fista_dual_lbfgs
small_k,bnb,fista_dual_fista,5000,10,50,50000021,4,gap_limit,3.331506400001672,0.016743399999540998,0.021704075230822212,0,0,,,initial_incumbent
small_k,bnb,fista_dual_lbfgs,5000,10,50,50000021,4,gap_limit,0.8283723999993526,0.015797399999428308,0.021704075230822212,0,0,,,initial_incumbent
small_k,bnb,gurobi,5000,10,50,50000021,4,time_limit,2.540109100002155,1.7837550999975065,0.021704075230822212,0.0,1,,,exact_binary_perspective_miqcp; warm_start=fista_dual_lbfgs
small_k,bnb,mosek,5000,10,50,50000021,4,time_limit,4.613217099999019,3.887851600000431,0.021704075230822212,0,1,,,exact_binary_perspective_misocp; warm_start=fista_dual_lbfgs
small_k,bnb,fista_dual_fista,5000,10,50,50000022,5,gap_limit,3.3612544999996317,0.016516700001375284,0.02167916449682154,0,0,,,initial_incumbent
small_k,bnb,fista_dual_lbfgs,5000,10,50,50000022,5,gap_limit,0.7949625000001106,0.016069500001322012,0.02167916449682154,0,0,,,initial_incumbent
small_k,bnb,gurobi,5000,10,50,50000022,5,time_limit,2.722044400001323,1.8121673999994528,0.02167916449682154,0.0,1,,,exact_binary_perspective_miqcp; warm_start=fista_dual_lbfgs
small_k,bnb,mosek,5000,10,50,50000022,5,time_limit,4.502812800001266,3.7812296000010974,0.02167916449682154,0,1,,,exact_binary_perspective_misocp; warm_start=fista_dual_lbfgs
small_k,bnb,fista_dual_fista,5000,10,50,50000023,6,gap_limit,3.2693583000000217,0.0148287000010896,0.02167401504527583,0,0,,,initial_incumbent
small_k,bnb,fista_dual_lbfgs,5000,10,50,50000023,6,gap_limit,0.7706625999999233,0.022112299997388618,0.02167401504527583,0,0,,,initial_incumbent
small_k,bnb,gurobi,5000,10,50,50000023,6,time_limit,2.5478106000009575,1.7680524999996123,0.02167401504527583,0.0,1,,,exact_binary_perspective_miqcp; warm_start=fista_dual_lbfgs
small_k,bnb,mosek,5000,10,50,50000023,6,time_limit,4.536632200000895,3.782914700001129,0.02167401504527583,0,1,,,exact_binary_perspective_misocp; warm_start=fista_dual_lbfgs
small_k,bnb,fista_dual_fista,5000,10,50,50000024,7,gap_limit,3.2667720999997982,0.015585199998895405,0.021705732370881616,0,0,,,initial_incumbent
small_k,bnb,fista_dual_lbfgs,5000,10,50,50000024,7,gap_limit,0.7706030000008468,0.01570730000094045,0.021705732370881616,0,0,,,initial_incumbent
small_k,bnb,gurobi,5000,10,50,50000024,7,time_limit,2.5966948000022967,1.8041201999985788,0.021705732370881616,0.0,1,,,exact_binary_perspective_miqcp; warm_start=fista_dual_lbfgs
small_k,bnb,mosek,5000,10,50,50000024,7,time_limit,4.634997299999668,3.8975662000011653,0.021705732370881616,0,1,,,exact_binary_perspective_misocp; warm_start=fista_dual_lbfgs
small_k,bnb,fista_dual_fista,5000,10,50,50000025,8,gap_limit,3.275659999999334,0.015967999999702442,0.021721063841704327,0,0,,,initial_incumbent
small_k,bnb,fista_dual_lbfgs,5000,10,50,50000025,8,gap_limit,0.8433881999990263,0.016286800000671064,0.02172196520874227,0,0,,,initial_incumbent
small_k,bnb,gurobi,5000,10,50,50000025,8,time_limit,2.6325089000019943,1.8352177999986452,0.02172196520874227,0.0,1,,,exact_binary_perspective_miqcp; warm_start=fista_dual_lbfgs
small_k,bnb,mosek,5000,10,50,50000025,8,time_limit,4.591558800002531,3.8775185999984387,0.02172196520874227,0,1,,,exact_binary_perspective_misocp; warm_start=fista_dual_lbfgs
small_k,bnb,fista_dual_fista,5000,10,50,50000026,9,gap_limit,3.2868063999994774,0.016312700001435587,0.02169036247622181,0,0,,,initial_incumbent
small_k,bnb,fista_dual_lbfgs,5000,10,50,50000026,9,gap_limit,0.764332499999,0.016611499999271473,0.02169036247622181,0,0,,,initial_incumbent
small_k,bnb,gurobi,5000,10,50,50000026,9,time_limit,2.564516000002186,1.7883062000000791,0.02169036247622181,0.0,1,,,exact_binary_perspective_miqcp; warm_start=fista_dual_lbfgs
small_k,bnb,mosek,5000,10,50,50000026,9,time_limit,4.54329670000152,3.810730799999874,0.02169036247622181,0,1,,,exact_binary_perspective_misocp; warm_start=fista_dual_lbfgs
small_k,prox,fista_dual_fista,10,2,5,100017,0,converged,0.03601619999972172,0.03601619999972172,,14,0,1.672580451916872e-08,5.289163843883735e-09,row_scaled_dual_fista
small_k,prox,fista_dual_lbfgs,10,2,5,100017,0,converged,0.01317410000046948,0.01317410000046948,,4,5,2.220446049250313e-16,0.0,row_scaled_dual_lbfgsb
small_k,prox,gurobi,10,2,5,100017,0,optimal,0.5784631000024092,0.5588061999987985,,11,,,,
small_k,prox,mosek,10,2,5,100017,0,optimal,0.22872780000034254,0.22219830000176444,,11,,,,
small_k,prox,fista_dual_fista,10,2,5,100018,1,converged,0.027474499998788815,0.027474499998788815,,18,0,4.635790418205943e-09,1.465965640785071e-09,row_scaled_dual_fista
small_k,prox,fista_dual_lbfgs,10,2,5,100018,1,converged,0.005281900001136819,0.005281900001136819,,4,5,0.0,0.0,row_scaled_dual_lbfgsb
small_k,prox,gurobi,10,2,5,100018,1,optimal,0.05021910000141361,0.042743699999846285,,13,,,,
small_k,prox,mosek,10,2,5,100018,1,optimal,0.014551299998856848,0.013268800001242198,,11,,,,
small_k,prox,fista_dual_fista,10,2,5,100019,2,converged,0.15346859999772278,0.15346859999772278,,94,0,8.879049051557786e-09,2.807801811206276e-09,row_scaled_dual_fista
small_k,prox,fista_dual_lbfgs,10,2,5,100019,2,converged,0.0074234000021533575,0.0074234000021533575,,4,5,2.220446049250313e-16,0.0,row_scaled_dual_lbfgsb
small_k,prox,gurobi,10,2,5,100019,2,optimal,0.0416929999992135,0.02578899999934947,,12,,,,
small_k,prox,mosek,10,2,5,100019,2,optimal,0.014956700000766432,0.013201199999457458,,14,,,,
small_k,prox,fista_dual_fista,10,2,5,100020,3,converged,0.029267300000356045,0.029267300000356045,,19,0,2.5856593977025e-08,8.176572973815602e-09,row_scaled_dual_fista
small_k,prox,fista_dual_lbfgs,10,2,5,100020,3,converged,0.005556599997362355,0.005556599997362355,,4,5,4.440892098500626e-16,0.0,row_scaled_dual_lbfgsb
small_k,prox,gurobi,10,2,5,100020,3,optimal,0.027050900000176625,0.026417400000354974,,14,,,,
small_k,prox,mosek,10,2,5,100020,3,optimal,0.013043700000707759,0.012188200002128724,,10,,,,
small_k,prox,fista_dual_fista,10,2,5,100021,4,converged,0.053055500000482425,0.053055500000482425,,36,0,2.200539617192021e-08,6.958717280422269e-09,row_scaled_dual_fista
small_k,prox,fista_dual_lbfgs,10,2,5,100021,4,converged,0.006121400001575239,0.006121400001575239,,4,5,8.881784197001252e-16,2.7066138985027715e-16,row_scaled_dual_lbfgsb
small_k,prox,gurobi,10,2,5,100021,4,optimal,0.03961729999718955,0.024810200000501936,,13,,,,
small_k,prox,mosek,10,2,5,100021,4,optimal,0.012297699999180622,0.011357999999745516,,11,,,,
small_k,prox,fista_dual_fista,10,2,5,100022,5,converged,0.02041020000251592,0.02041020000251592,,15,0,2.319944891748804e-08,7.336309952097592e-09,row_scaled_dual_fista
small_k,prox,fista_dual_lbfgs,10,2,5,100022,5,converged,0.006250500002352055,0.006250500002352055,,4,5,6.661338147750939e-16,2.4593277611021516e-16,row_scaled_dual_lbfgsb
small_k,prox,gurobi,10,2,5,100022,5,optimal,0.039274300001125084,0.02465700000175275,,13,,,,
small_k,prox,mosek,10,2,5,100022,5,optimal,0.012973699998838129,0.012104000001272652,,11,,,,
small_k,prox,fista_dual_fista,10,2,5,100023,6,converged,0.034125599999242695,0.034125599999242695,,21,0,1.6170131789117193e-08,5.113444692973387e-09,row_scaled_dual_fista
small_k,prox,fista_dual_lbfgs,10,2,5,100023,6,converged,0.007256100001541199,0.007256100001541199,,5,6,9.992007221626409e-16,4.172824985792958e-16,row_scaled_dual_lbfgsb
small_k,prox,gurobi,10,2,5,100023,6,optimal,0.035966899999039015,0.02469360000031884,,14,,,,
small_k,prox,mosek,10,2,5,100023,6,optimal,0.011925399998290231,0.01109809999979916,,11,,,,
small_k,prox,fista_dual_fista,10,2,5,100024,7,converged,0.02907219999906374,0.02907219999906374,,19,0,1.1306145686340585e-08,3.575317214625981e-09,row_scaled_dual_fista
small_k,prox,fista_dual_lbfgs,10,2,5,100024,7,converged,0.005562000002100831,0.005562000002100831,,4,5,4.440892098500626e-16,3.718515670302942e-16,row_scaled_dual_lbfgsb
small_k,prox,gurobi,10,2,5,100024,7,optimal,0.02967999999964377,0.023354799999651732,,14,,,,
small_k,prox,mosek,10,2,5,100024,7,optimal,0.012753899998642737,0.011929799999052193,,13,,,,
small_k,prox,fista_dual_fista,10,2,5,100025,8,converged,0.017358299999614246,0.017358299999614246,,12,0,5.823763138401716e-09,1.8416356409493549e-09,row_scaled_dual_fista
small_k,prox,fista_dual_lbfgs,10,2,5,100025,8,converged,0.005641499999910593,0.005641499999910593,,4,5,2.220446049250313e-16,0.0,row_scaled_dual_lbfgsb
small_k,prox,gurobi,10,2,5,100025,8,optimal,0.02942590000020573,0.026116500001080567,,11,,,,
small_k,prox,mosek,10,2,5,100025,8,optimal,0.012463300001400057,0.011636499999440275,,11,,,,
small_k,prox,fista_dual_fista,10,2,5,100026,9,converged,0.03560809999908088,0.03560809999908088,,28,0,2.547872024472042e-08,8.05707875669881e-09,row_scaled_dual_fista
small_k,prox,fista_dual_lbfgs,10,2,5,100026,9,converged,0.007429999997839332,0.007429999997839332,,4,5,8.881784197001252e-16,5.623223191532785e-16,row_scaled_dual_lbfgsb
small_k,prox,gurobi,10,2,5,100026,9,optimal,0.025422999999136664,0.022033699999155942,,13,,,,
small_k,prox,mosek,10,2,5,100026,9,optimal,0.010721999999077525,0.009982199997466523,,10,,,,
small_k,prox,fista_dual_fista,20,2,10,200017,0,converged,0.08132380000097328,0.08132380000097328,,20,0,2.4130006215372646e-08,5.395633412623568e-09,row_scaled_dual_fista
small_k,prox,fista_dual_lbfgs,20,2,10,200017,0,converged,0.0119087999992189,0.0119087999992189,,5,7,1.3322676295501878e-15,7.312628445946648e-16,row_scaled_dual_lbfgsb
small_k,prox,gurobi,20,2,10,200017,0,optimal,0.04463250000117114,0.033948700001928955,,12,,,,
small_k,prox,mosek,20,2,10,200017,0,optimal,0.019820800000161398,0.018935200001578778,,10,,,,
small_k,prox,fista_dual_fista,20,2,10,200018,1,converged,0.10134449999895878,0.10134449999895878,,62,0,4.45766565881911e-08,9.967643388082126e-09,row_scaled_dual_fista
small_k,prox,fista_dual_lbfgs,20,2,10,200018,1,converged,0.007202000000688713,0.007202000000688713,,5,7,1.4432899320127035e-15,0.0,row_scaled_dual_lbfgsb
small_k,prox,gurobi,20,2,10,200018,1,optimal,0.028512200002296595,0.026837000001251,,11,,,,
small_k,prox,mosek,20,2,10,200018,1,optimal,0.014253400000598049,0.013406099998974241,,11,,,,
small_k,prox,fista_dual_fista,20,2,10,200019,2,converged,0.04498489999969024,0.04498489999969024,,32,0,1.536801330637161e-08,3.4363922602744094e-09,row_scaled_dual_fista
small_k,prox,fista_dual_lbfgs,20,2,10,200019,2,converged,0.007944099997985177,0.007944099997985177,,5,7,3.774758283725532e-15,9.20181348961848e-16,row_scaled_dual_lbfgsb
small_k,prox,gurobi,20,2,10,200019,2,optimal,0.027645599999232218,0.025357700000313343,,13,,,,
small_k,prox,mosek,20,2,10,200019,2,optimal,0.013383299999986775,0.012508399999205722,,12,,,,
small_k,prox,fista_dual_fista,20,2,10,200020,3,converged,0.021294699999998556,0.021294699999998556,,15,0,1.8726154404902218e-08,4.187295440472388e-09,row_scaled_dual_fista
small_k,prox,fista_dual_lbfgs,20,2,10,200020,3,converged,0.008500500000081956,0.008500500000081956,,6,7,6.661338147750939e-16,0.0,row_scaled_dual_lbfgsb
small_k,prox,gurobi,20,2,10,200020,3,optimal,0.03202699999746983,0.026000999998359475,,11,,,,
small_k,prox,mosek,20,2,10,200020,3,optimal,0.013837399998010369,0.013006000001041684,,11,,,,
small_k,prox,fista_dual_fista,20,2,10,200021,4,converged,0.023728899999696296,0.023728899999696296,,16,0,4.235309480904448e-08,9.470439900052726e-09,row_scaled_dual_fista
small_k,prox,fista_dual_lbfgs,20,2,10,200021,4,converged,0.006513899999845307,0.006513899999845307,,5,7,1.7763568394002505e-15,8.565114626647911e-16,row_scaled_dual_lbfgsb
small_k,prox,gurobi,20,2,10,200021,4,optimal,0.03346320000127889,0.02621039999939967,,12,,,,
small_k,prox,mosek,20,2,10,200021,4,optimal,0.0130819000005431,0.011956899998040171,,11,,,,
small_k,prox,fista_dual_fista,20,2,10,200022,5,converged,0.019754599998123012,0.019754599998123012,,15,0,4.179362589340485e-08,9.345338859271568e-09,row_scaled_dual_fista
small_k,prox,fista_dual_lbfgs,20,2,10,200022,5,converged,0.006936800000403309,0.006936800000403309,,5,7,1.1102230246251565e-15,7.287969465431947e-16,row_scaled_dual_lbfgsb
small_k,prox,gurobi,20,2,10,200022,5,optimal,0.025275299998611445,0.023997800002689473,,13,,,,
small_k,prox,mosek,20,2,10,200022,5,optimal,0.014993000000686152,0.014090799999394221,,11,,,,
small_k,prox,fista_dual_fista,20,2,10,200023,6,converged,0.019349899997905595,0.019349899997905595,,15,0,2.5609816045601974e-08,5.726528931850701e-09,row_scaled_dual_fista
small_k,prox,fista_dual_lbfgs,20,2,10,200023,6,converged,0.007565100000647362,0.007565100000647362,,5,7,5.773159728050814e-15,1.520320660466087e-15,row_scaled_dual_lbfgsb
small_k,prox,gurobi,20,2,10,200023,6,optimal,0.03461499999684747,0.024287399999593617,,12,,,,
small_k,prox,mosek,20,2,10,200023,6,optimal,0.013031999998929678,0.01225729999714531,,10,,,,
small_k,prox,fista_dual_fista,20,2,10,200024,7,converged,0.016847399998368928,0.016847399998368928,,13,0,1.5099935968265754e-08,3.3764483395163073e-09,row_scaled_dual_fista
small_k,prox,fista_dual_lbfgs,20,2,10,200024,7,converged,0.007239300000946969,0.007239300000946969,,5,7,2.220446049250313e-15,0.0,row_scaled_dual_lbfgsb
small_k,prox,gurobi,20,2,10,200024,7,optimal,0.040420899997116067,0.025730200002726633,,11,,,,
small_k,prox,mosek,20,2,10,200024,7,optimal,0.013576800000009825,0.012643800000660121,,10,,,,
small_k,prox,fista_dual_fista,20,2,10,200025,8,converged,0.020082400002138456,0.020082400002138456,,15,0,9.944261081251682e-09,2.223604406647145e-09,row_scaled_dual_fista
small_k,prox,fista_dual_lbfgs,20,2,10,200025,8,converged,0.007600699998874916,0.007600699998874916,,5,7,1.5543122344752192e-15,0.0,row_scaled_dual_lbfgsb
small_k,prox,gurobi,20,2,10,200025,8,optimal,0.03405109999948763,0.027396500001486856,,16,,,,
small_k,prox,mosek,20,2,10,200025,8,optimal,0.01294910000069649,0.01217019999967306,,10,,,,
small_k,prox,fista_dual_fista,20,2,10,200026,9,converged,0.08025270000143792,0.08025270000143792,,61,0,8.762823133778852e-09,1.9594268527600825e-09,row_scaled_dual_fista
small_k,prox,fista_dual_lbfgs,20,2,10,200026,9,converged,0.007677400000829948,0.007677400000829948,,6,8,2.4424906541753444e-15,0.0,row_scaled_dual_lbfgsb
small_k,prox,gurobi,20,2,10,200026,9,optimal,0.02536369999870658,0.023740500000712927,,11,,,,
small_k,prox,mosek,20,2,10,200026,9,optimal,0.01180240000030608,0.011064700000133598,,10,,,,
small_k,prox,fista_dual_fista,30,2,15,300017,0,converged,0.07453110000278684,0.07453110000278684,,50,0,2.9262938294749574e-08,5.342657160269571e-09,row_scaled_dual_fista
small_k,prox,fista_dual_lbfgs,30,2,15,300017,0,converged,0.007065900001180125,0.007065900001180125,,6,8,3.9968028886505635e-15,1.4754137828637798e-15,row_scaled_dual_lbfgsb
small_k,prox,gurobi,30,2,15,300017,0,optimal,0.04111639999973704,0.030292700001155026,,15,,,,
small_k,prox,mosek,30,2,15,300017,0,optimal,0.014450599999690894,0.013645299997733673,,10,,,,
small_k,prox,fista_dual_fista,30,2,15,300018,1,converged,0.04609399999753805,0.04609399999753805,,31,0,2.2074693184492844e-08,4.030269140146009e-09,row_scaled_dual_fista
small_k,prox,fista_dual_lbfgs,30,2,15,300018,1,converged,0.007942699998238822,0.007942699998238822,,6,8,2.4424906541753444e-15,0.0,row_scaled_dual_lbfgsb
small_k,prox,gurobi,30,2,15,300018,1,optimal,0.03998679999858723,0.02596089999860851,,13,,,,
small_k,prox,mosek,30,2,15,300018,1,optimal,0.013852799998858245,0.012963900000613648,,10,,,,
small_k,prox,fista_dual_fista,30,2,15,300019,2,converged,0.021142599998711376,0.021142599998711376,,16,0,3.273322268793066e-08,5.976241483100308e-09,row_scaled_dual_fista
small_k,prox,fista_dual_lbfgs,30,2,15,300019,2,converged,0.0073178999991796445,0.0073178999991796445,,6,8,1.5543122344752192e-15,9.712833454288343e-16,row_scaled_dual_lbfgsb
small_k,prox,gurobi,30,2,15,300019,2,optimal,0.036100199999054894,0.026281999998900574,,13,,,,
small_k,prox,mosek,30,2,15,300019,2,optimal,0.014043199997104239,0.013275400000566151,,10,,,,
small_k,prox,fista_dual_fista,30,2,15,300020,3,converged,0.030547000002115965,0.030547000002115965,,21,0,3.656384106598409e-08,6.675613553306163e-09,row_scaled_dual_fista
small_k,prox,fista_dual_lbfgs,30,2,15,300020,3,converged,0.00790200000119512,0.00790200000119512,,6,8,2.220446049250313e-15,0.0,row_scaled_dual_lbfgsb
small_k,prox,gurobi,30,2,15,300020,3,optimal,0.03883950000090408,0.026886600000580074,,14,,,,
small_k,prox,mosek,30,2,15,300020,3,optimal,0.012461300000722986,0.011565699998755008,,10,,,,
small_k,prox,fista_dual_fista,30,2,15,300021,4,converged,0.025524199998471886,0.025524199998471886,,19,0,3.447409158141568e-08,6.2940792469289005e-09,row_scaled_dual_fista
small_k,prox,fista_dual_lbfgs,30,2,15,300021,4,converged,0.006916899998032022,0.006916899998032022,,6,8,1.9984014443252818e-15,8.427691362101822e-16,row_scaled_dual_lbfgsb
small_k,prox,gurobi,30,2,15,300021,4,optimal,0.02962639999896055,0.02743440000267583,,13,,,,
small_k,prox,mosek,30,2,15,300021,4,optimal,0.014389699997991556,0.013623300001199823,,11,,,,
small_k,prox,fista_dual_fista,30,2,15,300022,5,converged,0.07434550000107265,0.07434550000107265,,36,0,3.684696170402901e-08,6.727304060437369e-09,row_scaled_dual_fista
small_k,prox,fista_dual_lbfgs,30,2,15,300022,5,converged,0.015628899996954715,0.015628899996954715,,6,8,2.886579864025407e-15,9.004250338455078e-16,row_scaled_dual_lbfgsb
small_k,prox,gurobi,30,2,15,300022,5,optimal,0.11883709999892744,0.1049654999987979,,12,,,,
small_k,prox,mosek,30,2,15,300022,5,optimal,0.05197239999688463,0.04958950000218465,,10,,,,
small_k,prox,fista_dual_fista,30,2,15,300023,6,converged,0.1456752999984019,0.1456752999984019,,43,0,4.0106870491385394e-08,7.3224792202984455e-09,row_scaled_dual_fista
small_k,prox,fista_dual_lbfgs,30,2,15,300023,6,converged,0.013473200000589713,0.013473200000589713,,6,8,4.440892098500626e-16,0.0,row_scaled_dual_lbfgsb
small_k,prox,gurobi,30,2,15,300023,6,optimal,0.055264200000237906,0.048983799999405164,,13,,,,
small_k,prox,mosek,30,2,15,300023,6,optimal,0.03707129999747849,0.03493880000314675,,12,,,,
small_k,prox,fista_dual_fista,30,2,15,300024,7,converged,0.11819189999732771,0.11819189999732771,,23,0,3.4430509554539412e-09,6.286122054620888e-10,row_scaled_dual_fista
small_k,prox,fista_dual_lbfgs,30,2,15,300024,7,converged,0.019337400000949856,0.019337400000949856,,6,8,2.4424906541753444e-15,0.0,row_scaled_dual_lbfgsb
small_k,prox,gurobi,30,2,15,300024,7,optimal,0.08957899999950314,0.07455389999813633,,14,,,,
small_k,prox,mosek,30,2,15,300024,7,optimal,0.06753699999899254,0.06463960000110092,,11,,,,
small_k,prox,fista_dual_fista,30,2,15,300025,8,converged,0.05871090000073309,0.05871090000073309,,16,0,8.79487793703504e-09,1.60571767509209e-09,row_scaled_dual_fista
small_k,prox,fista_dual_lbfgs,30,2,15,300025,8,converged,0.0143426000031468,0.0143426000031468,,6,8,2.3314683517128287e-15,0.0,row_scaled_dual_lbfgsb
small_k,prox,gurobi,30,2,15,300025,8,optimal,0.0776746000010462,0.07404940000196802,,13,,,,
small_k,prox,mosek,30,2,15,300025,8,optimal,0.029344499998842366,0.027972899999440415,,11,,,,
small_k,prox,fista_dual_fista,30,2,15,300026,9,converged,0.12373260000094888,0.12373260000094888,,23,0,7.59572160724531e-09,1.3867827030866967e-09,row_scaled_dual_fista
small_k,prox,fista_dual_lbfgs,30,2,15,300026,9,converged,0.026896600000327453,0.026896600000327453,,6,8,1.5543122344752192e-15,0.0,row_scaled_dual_lbfgsb
small_k,prox,gurobi,30,2,15,300026,9,optimal,0.11962059999859775,0.10359220000100322,,16,,,,
small_k,prox,mosek,30,2,15,300026,9,optimal,0.07646189999650232,0.07136929999978747,,13,,,,
small_k,prox,fista_dual_fista,50,2,25,500017,0,converged,0.23135850000107894,0.23135850000107894,,29,0,9.679078538660235e-09,1.3688284056115873e-09,row_scaled_dual_fista
small_k,prox,fista_dual_lbfgs,50,2,25,500017,0,converged,0.0359219000019948,0.0359219000019948,,6,8,4.3298697960381105e-15,2.0730662377289245e-15,row_scaled_dual_lbfgsb
small_k,prox,gurobi,50,2,25,500017,0,optimal,0.18604120000236435,0.17243120000057388,,12,,,,
small_k,prox,mosek,50,2,25,500017,0,optimal,0.07966419999866048,0.07712639999954263,,12,,,,
small_k,prox,fista_dual_fista,50,2,25,500018,1,converged,0.1752426999992167,0.1752426999992167,,17,0,2.618951677746395e-08,3.7037569695607758e-09,row_scaled_dual_fista
small_k,prox,fista_dual_lbfgs,50,2,25,500018,1,converged,0.04848839999976917,0.04848839999976917,,6,8,2.886579864025407e-15,2.042380181904769e-15,row_scaled_dual_lbfgsb
small_k,prox,gurobi,50,2,25,500018,1,optimal,0.3548783000005642,0.33826890000273124,,14,,,,
small_k,prox,mosek,50,2,25,500018,1,optimal,0.08479959999749553,0.08104680000178632,,14,,,,
small_k,prox,fista_dual_fista,50,2,25,500019,2,converged,0.3876888000013423,0.3876888000013423,,34,0,2.5847808560186536e-08,3.6554321521621454e-09,row_scaled_dual_fista
small_k,prox,fista_dual_lbfgs,50,2,25,500019,2,converged,0.06927880000148434,0.06927880000148434,,7,9,6.321099199624314e-09,8.939375989114618e-10,row_scaled_dual_lbfgsb
small_k,prox,gurobi,50,2,25,500019,2,optimal,0.26820429999861517,0.24250790000223788,,15,,,,
small_k,prox,mosek,50,2,25,500019,2,optimal,0.10910789999979897,0.105763499999739,,14,,,,
small_k,prox,fista_dual_fista,50,2,25,500020,3,converged,0.30023540000183857,0.30023540000183857,,34,0,1.3671667575820834e-08,1.9334657673463623e-09,row_scaled_dual_fista
small_k,prox,fista_dual_lbfgs,50,2,25,500020,3,converged,0.06513310000082129,0.06513310000082129,,6,8,6.217248937900877e-15,1.7743048820493703e-15,row_scaled_dual_lbfgsb
small_k,prox,gurobi,50,2,25,500020,3,optimal,0.5759579999976268,0.5635375999991084,,13,,,,
small_k,prox,mosek,50,2,25,500020,3,optimal,0.16644860000087647,0.16386319999946863,,13,,,,
small_k,prox,fista_dual_fista,50,2,25,500021,4,converged,0.18428879999919445,0.18428879999919445,,20,0,6.801412855139688e-08,9.618650288858836e-09,row_scaled_dual_fista
small_k,prox,fista_dual_lbfgs,50,2,25,500021,4,converged,0.08416009999928065,0.08416009999928065,,6,8,0.0,0.0,row_scaled_dual_lbfgsb
small_k,prox,gurobi,50,2,25,500021,4,optimal,0.3249993999997969,0.2747702000015124,,14,,,,
small_k,prox,mosek,50,2,25,500021,4,optimal,0.12496749999991152,0.09446770000067772,,12,,,,
small_k,prox,fista_dual_fista,50,2,25,500022,5,converged,0.33003480000115815,0.33003480000115815,,29,0,1.62959956639952e-08,2.3046018262685996e-09,row_scaled_dual_fista
small_k,prox,fista_dual_lbfgs,50,2,25,500022,5,converged,0.09009629999854951,0.09009629999854951,,6,8,0.0,0.0,row_scaled_dual_lbfgsb
small_k,prox,gurobi,50,2,25,500022,5,optimal,0.3587669000007736,0.3376982000008866,,12,,,,
small_k,prox,mosek,50,2,25,500022,5,optimal,0.07414150000113295,0.07011670000065351,,11,,,,
small_k,prox,fista_dual_fista,50,2,25,500023,6,converged,0.16882609999811393,0.16882609999811393,,24,0,8.528624917403249e-09,1.2061297105403816e-09,row_scaled_dual_fista
small_k,prox,fista_dual_lbfgs,50,2,25,500023,6,converged,0.037116299998160684,0.037116299998160684,,6,8,2.4424906541753444e-15,0.0,row_scaled_dual_lbfgsb
small_k,prox,gurobi,50,2,25,500023,6,optimal,0.23601659999985714,0.2245613000013691,,14,,,,
small_k,prox,mosek,50,2,25,500023,6,optimal,0.11132279999947059,0.1080772999994224,,13,,,,
small_k,prox,fista_dual_fista,50,2,25,500024,7,converged,0.2865806000008888,0.2865806000008888,,34,0,1.687316997234234e-08,2.3862266001569303e-09,row_scaled_dual_fista
small_k,prox,fista_dual_lbfgs,50,2,25,500024,7,converged,0.035291500000312226,0.035291500000312226,,6,8,3.774758283725532e-15,0.0,row_scaled_dual_lbfgsb
small_k,prox,gurobi,50,2,25,500024,7,optimal,0.1212852999997267,0.11031799999909708,,13,,,,
small_k,prox,mosek,50,2,25,500024,7,optimal,0.061383500000374625,0.059902799999690615,,12,,,,
small_k,prox,fista_dual_fista,50,2,25,500025,8,converged,0.22424219999811612,0.22424219999811612,,32,0,7.030145665609666e-08,9.942127349297173e-09,row_scaled_dual_fista
small_k,prox,fista_dual_lbfgs,50,2,25,500025,8,converged,0.03676439999981085,0.03676439999981085,,7,10,1.887379141862766e-15,0.0,row_scaled_dual_lbfgsb
small_k,prox,gurobi,50,2,25,500025,8,optimal,0.17756639999788604,0.16406360000109999,,11,,,,
small_k,prox,mosek,50,2,25,500025,8,optimal,0.05833879999772762,0.055649100002483465,,11,,,,
small_k,prox,fista_dual_fista,50,2,25,500026,9,converged,0.24416239999845857,0.24416239999845857,,27,0,1.8108911259417937e-08,2.560986782271188e-09,row_scaled_dual_fista
small_k,prox,fista_dual_lbfgs,50,2,25,500026,9,converged,0.021271400000841822,0.021271400000841822,,6,8,2.7755575615628914e-15,1.0851082754262788e-15,row_scaled_dual_lbfgsb
small_k,prox,gurobi,50,2,25,500026,9,optimal,0.09845660000064527,0.09339579999868874,,14,,,,
small_k,prox,mosek,50,2,25,500026,9,optimal,0.05148600000029546,0.04911569999967469,,15,,,,
small_k,prox,fista_dual_fista,100,2,50,1000017,0,converged,0.3508719999990717,0.3508719999990717,,20,0,2.936426102273515e-08,2.936426092484216e-09,row_scaled_dual_fista
small_k,prox,fista_dual_lbfgs,100,2,50,1000017,0,converged,0.049966000002314104,0.049966000002314104,,7,10,3.774758283725532e-15,0.0,row_scaled_dual_lbfgsb
small_k,prox,gurobi,100,2,50,1000017,0,optimal,0.3521913000004133,0.3502861999986635,,16,,,,
small_k,prox,mosek,100,2,50,1000017,0,optimal,0.1223444000024756,0.11222999999881722,,14,,,,
small_k,prox,fista_dual_fista,100,2,50,1000018,1,converged,0.1956504000008863,0.1956504000008863,,20,0,2.2483561235020488e-08,2.248356126134673e-09,row_scaled_dual_fista
small_k,prox,fista_dual_lbfgs,100,2,50,1000018,1,converged,0.04138800000146148,0.04138800000146148,,7,10,2.312623004208092e-08,2.3126225428343277e-09,row_scaled_dual_lbfgsb
small_k,prox,gurobi,100,2,50,1000018,1,optimal,0.36103539999749046,0.3543448999989778,,14,,,,
small_k,prox,mosek,100,2,50,1000018,1,optimal,0.13362929999857442,0.130131199999596,,15,,,,
small_k,prox,fista_dual_fista,100,2,50,1000019,2,converged,0.23766629999954603,0.23766629999954603,,20,0,1.1855108450475882e-08,1.1855108585976107e-09,row_scaled_dual_fista
small_k,prox,fista_dual_lbfgs,100,2,50,1000019,2,converged,0.09484860000156914,0.09484860000156914,,8,11,2.9976021664879227e-15,2.22279830726999e-15,row_scaled_dual_lbfgsb
small_k,prox,gurobi,100,2,50,1000019,2,optimal,0.43623200000001816,0.42134270000315155,,15,,,,
small_k,prox,mosek,100,2,50,1000019,2,optimal,0.19829250000111642,0.1924641999976302,,13,,,,
small_k,prox,fista_dual_fista,100,2,50,1000020,3,converged,0.2340438000028371,0.2340438000028371,,20,0,3.1423535329366814e-08,3.1423535240306075e-09,row_scaled_dual_fista
small_k,prox,fista_dual_lbfgs,100,2,50,1000020,3,converged,0.04990810000163037,0.04990810000163037,,7,10,1.9984014443252818e-15,0.0,row_scaled_dual_lbfgsb
small_k,prox,gurobi,100,2,50,1000020,3,optimal,0.4224358999999822,0.39431409999815514,,15,,,,
small_k,prox,mosek,100,2,50,1000020,3,optimal,0.20965129999967758,0.20324869999967632,,13,,,,
small_k,prox,fista_dual_fista,100,2,50,1000021,4,converged,0.19028830000024755,0.19028830000024755,,21,0,6.676922637005589e-08,6.676922619661934e-09,row_scaled_dual_fista
small_k,prox,fista_dual_lbfgs,100,2,50,1000021,4,converged,0.055175299999973504,0.055175299999973504,,7,10,2.220446049250313e-16,0.0,row_scaled_dual_lbfgsb
small_k,prox,gurobi,100,2,50,1000021,4,optimal,0.2740064000026905,0.262163799998234,,14,,,,
small_k,prox,mosek,100,2,50,1000021,4,optimal,0.16316340000048513,0.1590316999972856,,14,,,,
small_k,prox,fista_dual_fista,100,2,50,1000022,5,converged,0.11782449999736855,0.11782449999736855,,20,0,4.356815530570657e-08,4.356815536785139e-09,row_scaled_dual_fista
small_k,prox,fista_dual_lbfgs,100,2,50,1000022,5,converged,0.01994600000034552,0.01994600000034552,,6,8,5.551115123125783e-15,0.0,row_scaled_dual_lbfgsb
small_k,prox,gurobi,100,2,50,1000022,5,optimal,0.19265919999816106,0.18497719999868423,,16,,,,
small_k,prox,mosek,100,2,50,1000022,5,optimal,0.07408620000205701,0.07193330000154674,,14,,,,
small_k,prox,fista_dual_fista,100,2,50,1000023,6,converged,0.07230680000066059,0.07230680000066059,,20,0,7.875937713119896e-08,7.87593771909071e-09,row_scaled_dual_fista
small_k,prox,fista_dual_lbfgs,100,2,50,1000023,6,converged,0.01858370000263676,0.01858370000263676,,7,10,2.220446049250313e-15,0.0,row_scaled_dual_lbfgsb
small_k,prox,gurobi,100,2,50,1000023,6,optimal,0.15751129999989644,0.1507010999994236,,15,,,,
small_k,prox,mosek,100,2,50,1000023,6,optimal,0.07305079999787267,0.07168979999914882,,15,,,,
small_k,prox,fista_dual_fista,100,2,50,1000024,7,converged,0.06773590000011609,0.06773590000011609,,20,0,1.204878097293971e-08,1.2048780898305138e-09,row_scaled_dual_fista
small_k,prox,fista_dual_lbfgs,100,2,50,1000024,7,converged,0.01713940000263392,0.01713940000263392,,7,10,1.3322676295501878e-15,0.0,row_scaled_dual_lbfgsb
small_k,prox,gurobi,100,2,50,1000024,7,optimal,0.16925180000180262,0.16078819999893312,,15,,,,
small_k,prox,mosek,100,2,50,1000024,7,optimal,0.06765119999909075,0.06567400000130874,,14,,,,
small_k,prox,fista_dual_fista,100,2,50,1000025,8,converged,0.06779459999961546,0.06779459999961546,,20,0,2.199638360345091e-08,2.199638347685396e-09,row_scaled_dual_fista
small_k,prox,fista_dual_lbfgs,100,2,50,1000025,8,converged,0.02238289999877452,0.02238289999877452,,7,10,5.218048215738236e-15,0.0,row_scaled_dual_lbfgsb
small_k,prox,gurobi,100,2,50,1000025,8,optimal,0.16699919999882695,0.1531407999973453,,18,,,,
small_k,prox,mosek,100,2,50,1000025,8,optimal,0.06508499999836204,0.0628389999983483,,14,,,,
small_k,prox,fista_dual_fista,100,2,50,1000026,9,converged,0.07353759999750764,0.07353759999750764,,21,0,6.097234184210265e-08,6.097234195449384e-09,row_scaled_dual_fista
small_k,prox,fista_dual_lbfgs,100,2,50,1000026,9,converged,0.018593199998576893,0.018593199998576893,,7,10,5.662137425588298e-15,2.1010112402558496e-15,row_scaled_dual_lbfgsb
small_k,prox,gurobi,100,2,50,1000026,9,optimal,0.12501980000160984,0.12235489999875426,,12,,,,
small_k,prox,mosek,100,2,50,1000026,9,optimal,0.048639900000125635,0.047548599999572616,,13,,,,
small_k,prox,fista_dual_fista,300,6,50,3000017,0,converged,0.0587612999988778,0.0587612999988778,,18,0,5.4890978873345375e-08,3.1691321538465045e-09,row_scaled_dual_fista
small_k,prox,fista_dual_lbfgs,300,6,50,3000017,0,converged,0.020931400002154987,0.020931400002154987,,7,9,3.3306690738754696e-15,0.0,row_scaled_dual_lbfgsb
small_k,prox,gurobi,300,6,50,3000017,0,optimal,0.1638448999983666,0.14701550000245334,,16,,,,
small_k,prox,mosek,300,6,50,3000017,0,optimal,0.11166419999790378,0.10960210000121151,,19,,,,
small_k,prox,fista_dual_fista,300,6,50,3000018,1,converged,0.07261080000171205,0.07261080000171205,,18,0,6.383696882217293e-08,3.68562910919001e-09,row_scaled_dual_fista
small_k,prox,fista_dual_lbfgs,300,6,50,3000018,1,converged,0.018544599999586353,0.018544599999586353,,7,9,7.771561172376096e-16,0.0,row_scaled_dual_lbfgsb
small_k,prox,gurobi,300,6,50,3000018,1,optimal,0.1509489999989455,0.14305049999893527,,15,,,,
small_k,prox,mosek,300,6,50,3000018,1,optimal,0.1132690000013099,0.11135070000091218,,19,,,,
small_k,prox,fista_dual_fista,300,6,50,3000019,2,converged,0.07272740000189515,0.07272740000189515,,18,0,3.380510582573493e-08,1.951738692369907e-09,row_scaled_dual_fista
small_k,prox,fista_dual_lbfgs,300,6,50,3000019,2,converged,0.015679600001021754,0.015679600001021754,,6,8,1.3322676295501878e-15,7.513270204385867e-16,row_scaled_dual_lbfgsb
small_k,prox,gurobi,300,6,50,3000019,2,optimal,0.1508888999996998,0.14701939999940805,,17,,,,
small_k,prox,mosek,300,6,50,3000019,2,optimal,0.10675930000070366,0.10515210000085062,,18,,,,
small_k,prox,fista_dual_fista,300,6,50,3000020,3,converged,0.0661067999972147,0.0661067999972147,,18,0,3.707049356371783e-08,2.140265953256089e-09,row_scaled_dual_fista
small_k,prox,fista_dual_lbfgs,300,6,50,3000020,3,converged,0.02215289999730885,0.02215289999730885,,7,9,1.6848389350343496e-10,9.727362594264251e-12,row_scaled_dual_lbfgsb
small_k,prox,gurobi,300,6,50,3000020,3,optimal,0.1637866999990365,0.15358539999942877,,16,,,,
small_k,prox,mosek,300,6,50,3000020,3,optimal,0.10935280000194325,0.10793239999838988,,19,,,,
small_k,prox,fista_dual_fista,300,6,50,3000021,4,converged,0.05564749999757623,0.05564749999757623,,18,0,6.311661948643632e-08,3.644039732398924e-09,row_scaled_dual_fista
small_k,prox,fista_dual_lbfgs,300,6,50,3000021,4,converged,0.01704539999991539,0.01704539999991539,,6,8,8.659739592076221e-15,7.310494808773078e-16,row_scaled_dual_lbfgsb
small_k,prox,gurobi,300,6,50,3000021,4,optimal,0.17827399999805493,0.1684901999979047,,15,,,,
small_k,prox,mosek,300,6,50,3000021,4,optimal,0.10938420000093174,0.10797889999957988,,19,,,,
small_k,prox,fista_dual_fista,300,6,50,3000022,5,converged,0.13945349999994505,0.13945349999994505,,40,0,5.7132644060153837e-08,3.2985547403287873e-09,row_scaled_dual_fista
small_k,prox,fista_dual_lbfgs,300,6,50,3000022,5,converged,0.016620899998088134,0.016620899998088134,,7,9,1.7763568394002505e-15,0.0,row_scaled_dual_lbfgsb
small_k,prox,gurobi,300,6,50,3000022,5,optimal,0.16612639999948442,0.16179410000040662,,17,,,,
small_k,prox,mosek,300,6,50,3000022,5,optimal,0.0994855999997526,0.0981216999971366,,19,,,,
small_k,prox,fista_dual_fista,300,6,50,3000023,6,converged,0.06771349999689846,0.06771349999689846,,18,0,5.4113932224097994e-08,3.124269341817976e-09,row_scaled_dual_fista
small_k,prox,fista_dual_lbfgs,300,6,50,3000023,6,converged,0.016417200000432786,0.016417200000432786,,7,9,4.1707992615158673e-10,2.4080050315985378e-11,row_scaled_dual_lbfgsb
small_k,prox,gurobi,300,6,50,3000023,6,optimal,0.1425173999996332,0.13401709999743616,,17,,,,
small_k,prox,mosek,300,6,50,3000023,6,optimal,0.11036200000307872,0.10926789999939501,,20,,,,
small_k,prox,fista_dual_fista,300,6,50,3000024,7,converged,0.10113890000138781,0.10113890000138781,,18,0,4.795580776928432e-08,2.7687298571413072e-09,row_scaled_dual_fista
small_k,prox,fista_dual_lbfgs,300,6,50,3000024,7,converged,0.022080700000515208,0.022080700000515208,,7,9,2.8900792869990255e-10,1.6685527246795274e-11,row_scaled_dual_lbfgsb
small_k,prox,gurobi,300,6,50,3000024,7,optimal,0.1297389999999723,0.12432930000068154,,17,,,,
small_k,prox,mosek,300,6,50,3000024,7,optimal,0.1143480000027921,0.11254769999868586,,19,,,,
small_k,prox,fista_dual_fista,300,6,50,3000025,8,converged,0.05031720000260975,0.05031720000260975,,18,0,5.696008220645865e-08,3.288591887780325e-09,row_scaled_dual_fista
small_k,prox,fista_dual_lbfgs,300,6,50,3000025,8,converged,0.011728500001481734,0.011728500001481734,,6,8,3.3306690738754696e-15,0.0,row_scaled_dual_lbfgsb
small_k,prox,gurobi,300,6,50,3000025,8,optimal,0.11805339999773423,0.1040233999992779,,16,,,,
small_k,prox,mosek,300,6,50,3000025,8,optimal,0.07996790000106557,0.07899769999858108,,18,,,,
small_k,prox,fista_dual_fista,300,6,50,3000026,9,converged,0.041171299999405164,0.041171299999405164,,18,0,6.029000410023855e-08,3.4808450133951623e-09,row_scaled_dual_fista
small_k,prox,fista_dual_lbfgs,300,6,50,3000026,9,converged,0.01100360000054934,0.01100360000054934,,6,8,3.552713678800501e-15,0.0,row_scaled_dual_lbfgsb
small_k,prox,gurobi,300,6,50,3000026,9,optimal,0.09820399999807705,0.09064520000174525,,14,,,,
small_k,prox,mosek,300,6,50,3000026,9,optimal,0.08154669999930775,0.08059349999894039,,18,,,,
small_k,prox,fista_dual_fista,1000,10,50,10000017,0,converged,0.05300530000022263,0.05300530000022263,,19,0,2.595523567183733e-07,8.20776619193585e-09,row_scaled_dual_fista
small_k,prox,fista_dual_lbfgs,1000,10,50,10000017,0,converged,0.014026000000740169,0.014026000000740169,,7,9,1.069004884612923e-10,3.380461784919071e-12,row_scaled_dual_lbfgsb
small_k,prox,gurobi,1000,10,50,10000017,0,optimal,0.25547809999989113,0.24668240000028163,,15,,,,
small_k,prox,mosek,1000,10,50,10000017,0,optimal,0.19942770000125165,0.19835629999943194,,19,,,,
small_k,prox,fista_dual_fista,1000,10,50,10000018,1,converged,0.04561370000010356,0.04561370000010356,,19,0,2.0564111036236454e-07,6.502942895243653e-09,row_scaled_dual_fista
small_k,prox,fista_dual_lbfgs,1000,10,50,10000018,1,converged,0.012990799998078728,0.012990799998078728,,7,9,1.1673595423644656e-10,3.69191814707853e-12,row_scaled_dual_lbfgsb
small_k,prox,gurobi,1000,10,50,10000018,1,optimal,0.2632300999975996,0.25478259999727015,,14,,,,
small_k,prox,mosek,1000,10,50,10000018,1,optimal,0.22411140000258456,0.2228426000001491,,20,,,,
small_k,prox,fista_dual_fista,1000,10,50,10000019,2,converged,0.06478879999849596,0.06478879999849596,,22,0,2.791685644876196e-07,8.828085144719838e-09,row_scaled_dual_fista
small_k,prox,fista_dual_lbfgs,1000,10,50,10000019,2,converged,0.01413709999906132,0.01413709999906132,,7,9,2.595079706679826e-11,8.203787209478524e-13,row_scaled_dual_lbfgsb
small_k,prox,gurobi,1000,10,50,10000019,2,optimal,0.28873659999953816,0.27826550000099814,,16,,,,
small_k,prox,mosek,1000,10,50,10000019,2,optimal,0.1995466000007582,0.19847959999970044,,19,,,,
small_k,prox,fista_dual_fista,1000,10,50,10000020,3,converged,0.05763890000162064,0.05763890000162064,,19,0,3.050091883505246e-07,9.645237427822886e-09,row_scaled_dual_fista
small_k,prox,fista_dual_lbfgs,1000,10,50,10000020,3,converged,0.022018700001353864,0.022018700001353864,,6,8,2.6645352591003757e-15,0.0,row_scaled_dual_lbfgsb
small_k,prox,gurobi,1000,10,50,10000020,3,optimal,0.28506560000096215,0.27879159999793046,,16,,,,
small_k,prox,mosek,1000,10,50,10000020,3,optimal,0.24871669999993173,0.24741639999774634,,19,,,,
small_k,prox,fista_dual_fista,1000,10,50,10000021,4,converged,0.11536830000113696,0.11536830000113696,,29,0,1.6496065935456272e-07,5.21651407753679e-09,row_scaled_dual_fista
small_k,prox,fista_dual_lbfgs,1000,10,50,10000021,4,converged,0.020569100001011975,0.020569100001011975,,7,9,8.17548251319522e-11,2.585112428629482e-12,row_scaled_dual_lbfgsb
small_k,prox,gurobi,1000,10,50,10000021,4,optimal,0.3380116000007547,0.322216100001242,,14,,,,
small_k,prox,mosek,1000,10,50,10000021,4,optimal,0.2934324000016204,0.2916971000013291,,19,,,,
small_k,prox,fista_dual_fista,1000,10,50,10000022,5,converged,0.09568779999972321,0.09568779999972321,,19,0,3.02394020934571e-07,9.562538569080688e-09,row_scaled_dual_fista
small_k,prox,fista_dual_lbfgs,1000,10,50,10000022,5,converged,0.028546999998070532,0.028546999998070532,,7,9,8.788481054011754e-11,2.779351153312183e-12,row_scaled_dual_lbfgsb
small_k,prox,gurobi,1000,10,50,10000022,5,optimal,0.40411780000067665,0.391271799999231,,16,,,,
small_k,prox,mosek,1000,10,50,10000022,5,optimal,0.26036970000131987,0.2588601000024937,,20,,,,
small_k,prox,fista_dual_fista,1000,10,50,10000023,6,converged,0.053147000002354616,0.053147000002354616,,19,0,3.0866942646312623e-07,9.760984318759553e-09,row_scaled_dual_fista
small_k,prox,fista_dual_lbfgs,1000,10,50,10000023,6,converged,0.014810100001341198,0.014810100001341198,,7,9,1.5543122344752192e-15,0.0,row_scaled_dual_lbfgsb
small_k,prox,gurobi,1000,10,50,10000023,6,optimal,0.318966900002124,0.3062408999976469,,16,,,,
small_k,prox,mosek,1000,10,50,10000023,6,optimal,0.2894579999992857,0.2879489000006288,,19,,,,
small_k,prox,fista_dual_fista,1000,10,50,10000024,7,converged,0.12234969999917666,0.12234969999917666,,33,0,2.3042364305503327e-07,7.286635384168195e-09,row_scaled_dual_fista
small_k,prox,fista_dual_lbfgs,1000,10,50,10000024,7,converged,0.016740999999456108,0.016740999999456108,,7,9,5.551115123125783e-15,0.0,row_scaled_dual_lbfgsb
small_k,prox,gurobi,1000,10,50,10000024,7,optimal,0.31246350000219536,0.2966039999992063,,15,,,,
small_k,prox,mosek,1000,10,50,10000024,7,optimal,0.20974899999782792,0.20853279999937513,,19,,,,
small_k,prox,fista_dual_fista,1000,10,50,10000025,8,converged,0.04782049999994342,0.04782049999994342,,19,0,1.7790163231445888e-07,5.625743585147215e-09,row_scaled_dual_fista
small_k,prox,fista_dual_lbfgs,1000,10,50,10000025,8,converged,0.014119600000412902,0.014119600000412902,,7,9,1.8348877972584887e-11,5.807137162599217e-13,row_scaled_dual_lbfgsb
small_k,prox,gurobi,1000,10,50,10000025,8,optimal,0.292248900001141,0.2843600000014703,,15,,,,
small_k,prox,mosek,1000,10,50,10000025,8,optimal,0.19625999999698251,0.19517509999786853,,19,,,,
small_k,prox,fista_dual_fista,1000,10,50,10000026,9,converged,0.0742634000016551,0.0742634000016551,,29,0,4.295733335712981e-08,1.3584301519791166e-09,row_scaled_dual_fista
small_k,prox,fista_dual_lbfgs,1000,10,50,10000026,9,converged,0.0136144999996759,0.0136144999996759,,7,9,2.2679680355963683e-10,7.171447199711729e-12,row_scaled_dual_lbfgsb
small_k,prox,gurobi,1000,10,50,10000026,9,optimal,0.267193399999087,0.2562165000017558,,17,,,,
small_k,prox,mosek,1000,10,50,10000026,9,optimal,0.2010933000019577,0.198511900001904,,20,,,,
small_k,prox,fista_dual_fista,5000,10,50,50000017,0,converged,0.10459970000010799,0.10459970000010799,,23,0,6.028675516578375e-07,8.525834680033511e-09,row_scaled_dual_fista
small_k,prox,fista_dual_lbfgs,5000,10,50,50000017,0,converged,0.027416799999627983,0.027416799999627983,,7,10,3.4371059332016785e-09,4.860816531548809e-11,row_scaled_dual_lbfgsb
small_k,prox,gurobi,5000,10,50,50000017,0,optimal,1.3120267000012973,1.2798228999999992,,16,,,,
small_k,prox,mosek,5000,10,50,50000017,0,optimal,1.4068253000004916,1.4017604999971809,,23,,,,
small_k,prox,fista_dual_fista,5000,10,50,50000018,1,converged,0.2020967999997083,0.2020967999997083,,23,0,6.03176200542066e-07,8.530199634275686e-09,row_scaled_dual_fista
small_k,prox,fista_dual_lbfgs,5000,10,50,50000018,1,converged,0.048146000000997446,0.048146000000997446,,7,10,5.5997608772173635e-09,7.919261662319406e-11,row_scaled_dual_lbfgsb
small_k,prox,gurobi,5000,10,50,50000018,1,optimal,1.7192105000031006,1.683888299998216,,14,,,,
small_k,prox,mosek,5000,10,50,50000018,1,optimal,1.332056700000976,1.328385900000285,,23,,,,
small_k,prox,fista_dual_fista,5000,10,50,50000019,2,converged,0.13706180000008317,0.13706180000008317,,23,0,5.662039976872535e-07,8.007333727929757e-09,row_scaled_dual_fista
small_k,prox,fista_dual_lbfgs,5000,10,50,50000019,2,converged,0.051405300000624266,0.051405300000624266,,7,10,7.336077412212205e-09,1.0374762001819005e-10,row_scaled_dual_lbfgsb
small_k,prox,gurobi,5000,10,50,50000019,2,optimal,1.655363199999556,1.6283621000002313,,16,,,,
small_k,prox,mosek,5000,10,50,50000019,2,optimal,1.227131300001929,1.2239697000004526,,23,,,,
small_k,prox,fista_dual_fista,5000,10,50,50000020,3,converged,0.10754049999741255,0.10754049999741255,,23,0,6.786349838749928e-07,9.59734798177589e-09,row_scaled_dual_fista
small_k,prox,fista_dual_lbfgs,5000,10,50,50000020,3,converged,0.04756730000008247,0.04756730000008247,,7,10,3.969214068533233e-09,5.6133497954265896e-11,row_scaled_dual_lbfgsb
small_k,prox,gurobi,5000,10,50,50000020,3,optimal,1.961602600000333,1.9325725000016973,,16,,,,
small_k,prox,mosek,5000,10,50,50000020,3,optimal,1.3705488000014157,1.3656356999999844,,21,,,,
small_k,prox,fista_dual_fista,5000,10,50,50000021,4,converged,0.15591760000097565,0.15591760000097565,,23,0,7.030953227404879e-07,9.943269410933126e-09,row_scaled_dual_fista
small_k,prox,fista_dual_lbfgs,5000,10,50,50000021,4,converged,0.04189079999923706,0.04189079999923706,,7,10,2.387736008913066e-09,3.376764604527483e-11,row_scaled_dual_lbfgsb
small_k,prox,gurobi,5000,10,50,50000021,4,optimal,1.8297210999990057,1.8068716000016138,,19,,,,
small_k,prox,mosek,5000,10,50,50000021,4,optimal,1.342160899999726,1.3382947999998578,,21,,,,
small_k,prox,fista_dual_fista,5000,10,50,50000022,5,converged,0.1541743999987375,0.1541743999987375,,23,0,5.414099382150539e-07,7.656692773692237e-09,row_scaled_dual_fista
small_k,prox,fista_dual_lbfgs,5000,10,50,50000022,5,converged,0.03862440000011702,0.03862440000011702,,7,10,1.4525994851410928e-09,2.0542387322284142e-11,row_scaled_dual_lbfgsb
small_k,prox,gurobi,5000,10,50,50000022,5,optimal,1.6813193999987561,1.6471661999967182,,16,,,,
small_k,prox,mosek,5000,10,50,50000022,5,optimal,1.0688350000018545,1.0656880000024103,,23,,,,
small_k,prox,fista_dual_fista,5000,10,50,50000023,6,converged,0.09983469999860972,0.09983469999860972,,23,0,4.797107889809027e-07,6.784135037609548e-09,row_scaled_dual_fista
small_k,prox,fista_dual_lbfgs,5000,10,50,50000023,6,converged,0.026150999998208135,0.026150999998208135,,7,10,4.877271364556179e-09,6.897563090296663e-11,row_scaled_dual_lbfgsb
small_k,prox,gurobi,5000,10,50,50000023,6,optimal,1.2673304000018106,1.2491626999981236,,17,,,,
small_k,prox,mosek,5000,10,50,50000023,6,optimal,0.9386070000000473,0.9353283000018564,,22,,,,
small_k,prox,fista_dual_fista,5000,10,50,50000024,7,converged,0.10344230000191601,0.10344230000191601,,24,0,4.758266485271889e-07,6.72920499434932e-09,row_scaled_dual_fista
small_k,prox,fista_dual_lbfgs,5000,10,50,50000024,7,converged,0.026061100001243176,0.026061100001243176,,7,10,1.3534929288461228e-08,1.9141325319516468e-10,row_scaled_dual_lbfgsb
small_k,prox,gurobi,5000,10,50,50000024,7,optimal,1.7841427999992447,1.7469689999998081,,18,,,,
small_k,prox,mosek,5000,10,50,50000024,7,optimal,1.161144500001683,1.157849899998837,,24,,,,
small_k,prox,fista_dual_fista,5000,10,50,50000025,8,converged,0.10377249999874039,0.10377249999874039,,23,0,5.825552942262391e-07,8.238575980561549e-09,row_scaled_dual_fista
small_k,prox,fista_dual_lbfgs,5000,10,50,50000025,8,converged,0.028182800000649877,0.028182800000649877,,7,10,5.201654884601226e-09,7.356301248259682e-11,row_scaled_dual_lbfgsb
small_k,prox,gurobi,5000,10,50,50000025,8,optimal,1.228415399997175,1.206882799997402,,18,,,,
small_k,prox,mosek,5000,10,50,50000025,8,optimal,1.0303600999977789,1.027371399999538,,24,,,,
small_k,prox,fista_dual_fista,5000,10,50,50000026,9,converged,0.10206489999836776,0.10206489999836776,,24,0,4.8746153602508e-07,6.893747153006064e-09,row_scaled_dual_fista
small_k,prox,fista_dual_lbfgs,5000,10,50,50000026,9,converged,0.028142200000729645,0.028142200000729645,,7,10,3.6588322371855497e-09,5.174445726656641e-11,row_scaled_dual_lbfgsb
small_k,prox,gurobi,5000,10,50,50000026,9,optimal,1.1697784000025422,1.1152522000011231,,14,,,,
small_k,prox,mosek,5000,10,50,50000026,9,optimal,1.1849164000013843,1.1811832999992475,,24,,,,
small_k,relaxation,fista_dual_fista,10,2,5,100017,0,converged,0.19079269999929238,0.10179290000087349,-0.004030586017549092,10,0,9.955151103469007e-08,7.282732955353351e-08,row_scaled_dual_fista
small_k,relaxation,fista_dual_lbfgs,10,2,5,100017,0,converged,0.0636387000013201,0.02656829999978072,-0.004030585505258937,10,31,2.6645352591003757e-15,8.487573011221132e-08,row_scaled_dual_lbfgsb
small_k,relaxation,gurobi,10,2,5,100017,0,optimal,0.027554299998882925,0.020468200000323122,-0.004030577790953551,11,,9.414691248821327e-14,,
small_k,relaxation,mosek,10,2,5,100017,0,optimal,0.013495199997123564,0.01063839999915217,-0.004030523924525775,12,,6.848093092592933e-09,,
small_k,relaxation,fista_dual_fista,10,2,5,100018,1,converged,0.08648959999845829,0.049944300000788644,-0.004434191449812993,9,0,2.2757370654602482e-08,1.6681897472609346e-08,row_scaled_dual_fista
small_k,relaxation,fista_dual_lbfgs,10,2,5,100018,1,converged,0.05536980000033509,0.018916200002422556,-0.004434191349179141,9,28,6.217248937900877e-15,1.635600373003335e-08,row_scaled_dual_lbfgsb
small_k,relaxation,gurobi,10,2,5,100018,1,optimal,0.03530599999794504,0.020484199998463737,-0.004434182166561117,8,,1.1741874139659103e-10,,
small_k,relaxation,mosek,10,2,5,100018,1,optimal,0.011732800001482246,0.008897299998352537,-0.004434086130324531,10,,9.90306514569994e-09,,
small_k,relaxation,fista_dual_fista,10,2,5,100019,2,converged,0.20431509999980335,0.14586250000138534,-0.0038994929932092953,12,0,8.434685838665246e-09,2.0794446839120456e-08,row_scaled_dual_fista
small_k,relaxation,fista_dual_lbfgs,10,2,5,100019,2,converged,0.06496329999936279,0.027150699999765493,-0.003899492946810466,11,34,7.549516567451064e-15,6.176702134636117e-08,row_scaled_dual_lbfgsb
small_k,relaxation,gurobi,10,2,5,100019,2,optimal,0.03653180000037537,0.020968500000890344,-0.0038994722768760596,10,,3.8906655674963986e-12,,
small_k,relaxation,mosek,10,2,5,100019,2,optimal,0.012020599999232218,0.009726000000227941,-0.003899332010738112,12,,1.6018069204370988e-08,,
small_k,relaxation,fista_dual_fista,10,2,5,100020,3,converged,0.17113660000177333,0.13425249999636435,-0.003384204729721344,14,0,1.661957149678983e-08,7.60334744861044e-08,row_scaled_dual_fista
small_k,relaxation,fista_dual_lbfgs,10,2,5,100020,3,converged,0.06952319999982137,0.03307639999911771,-0.003384204624323586,14,42,2.2648549702353193e-14,7.554449708579813e-08,row_scaled_dual_lbfgsb
small_k,relaxation,gurobi,10,2,5,100020,3,optimal,0.02869060000011814,0.01994810000178404,-0.0033841995697362834,11,,9.587619587136942e-11,,
small_k,relaxation,mosek,10,2,5,100020,3,optimal,0.012006000000837957,0.009825900000578258,-0.0033841110384766632,10,,1.0263181415837153e-08,,
small_k,relaxation,fista_dual_fista,10,2,5,100021,4,converged,0.09484840000004624,0.04411360000449349,-0.004064549938726075,9,0,6.393761520229191e-09,2.4282043187359657e-08,row_scaled_dual_fista
small_k,relaxation,fista_dual_lbfgs,10,2,5,100021,4,converged,0.05508909999844036,0.0180395999996108,-0.004064549905707687,9,27,2.220446049250313e-15,2.3544983271507188e-08,row_scaled_dual_lbfgsb
small_k,relaxation,gurobi,10,2,5,100021,4,optimal,0.029670899999473477,0.01933890000145766,-0.004064517292973569,9,,9.622967978017982e-10,,
small_k,relaxation,mosek,10,2,5,100021,4,optimal,0.012013799998385366,0.009903999998641666,-0.004064513061031044,10,,3.2245167647104722e-09,,
small_k,relaxation,fista_dual_fista,10,2,5,100022,5,converged,0.1270451000018511,0.09193039999809116,-0.004712439348963813,10,0,2.2629591978073904e-08,5.090909891361393e-08,row_scaled_dual_fista
small_k,relaxation,fista_dual_lbfgs,10,2,5,100022,5,converged,0.11889610000071116,0.058073300002433825,-0.004712439267895068,10,31,1.9095836023552692e-14,5.101817612354494e-08,row_scaled_dual_lbfgsb
small_k,relaxation,gurobi,10,2,5,100022,5,optimal,0.03872820000106003,0.019668599998112768,-0.004712436955142566,9,,1.2033929408516997e-11,,
small_k,relaxation,mosek,10,2,5,100022,5,optimal,0.012534499997855164,0.010143100000277627,-0.004712420777105588,10,,2.619536920711596e-09,,
small_k,relaxation,fista_dual_fista,10,2,5,100023,6,converged,0.33976110000003246,0.3030771999983699,-0.003850239331595534,22,0,5.395191848833747e-09,9.654922627140923e-08,row_scaled_dual_fista
small_k,relaxation,fista_dual_lbfgs,10,2,5,100023,6,converged,0.09904180000012275,0.0627755999994406,-0.003850239301325435,22,87,8.881784197001252e-16,9.722130595673707e-08,row_scaled_dual_lbfgsb
small_k,relaxation,gurobi,10,2,5,100023,6,optimal,0.023000500001217006,0.018652300001122057,-0.0038502379287807913,9,,8.42824698921163e-10,,
small_k,relaxation,mosek,10,2,5,100023,6,optimal,0.013181800000893418,0.010984600001393119,-0.0038501136957930955,12,,1.3000989063094437e-08,,
small_k,relaxation,fista_dual_fista,10,2,5,100024,7,converged,0.07856959999844548,0.04212370000095689,-0.004039172734483183,8,0,3.06535159477761e-08,2.338606511218026e-09,row_scaled_dual_fista
small_k,relaxation,fista_dual_lbfgs,10,2,5,100024,7,converged,0.05102030000125524,0.013029599998844787,-0.004039172574565536,7,21,6.8833827526759706e-15,1.0526932503061446e-08,row_scaled_dual_lbfgsb
small_k,relaxation,gurobi,10,2,5,100024,7,optimal,0.0319299000002502,0.02013779999833787,-0.004039146133049154,13,,2.1920232295968844e-10,,
small_k,relaxation,mosek,10,2,5,100024,7,optimal,0.013015700002142694,0.010738600001786835,-0.00403866838148312,9,,4.7903399913451494e-08,,
small_k,relaxation,fista_dual_fista,10,2,5,100025,8,converged,0.15848779999942053,0.12196089999997639,-0.0027961487112717516,13,0,2.7533022084469394e-08,8.332211973392455e-08,row_scaled_dual_fista
small_k,relaxation,fista_dual_lbfgs,10,2,5,100025,8,converged,0.06644520000190823,0.03056710000237217,-0.0027961485092281354,13,40,3.2862601528904634e-14,8.106083306508635e-08,row_scaled_dual_lbfgsb
small_k,relaxation,gurobi,10,2,5,100025,8,optimal,0.030419100003200583,0.020128600001044106,-0.0027960880277772063,8,,1.124456083800851e-10,,
small_k,relaxation,mosek,10,2,5,100025,8,optimal,0.012120600000343984,0.00995389999661711,-0.002796107080675689,10,,5.425025095817659e-09,,
small_k,relaxation,fista_dual_fista,10,2,5,100026,9,converged,0.14914320000025327,0.11225869999907445,-0.004593625690766387,7,0,1.644594771477159e-08,4.3124652529424986e-08,row_scaled_dual_fista
small_k,relaxation,fista_dual_lbfgs,10,2,5,100026,9,converged,0.054485100001329556,0.017511699999886332,-0.004593625622901316,7,22,7.105427357601002e-15,1.5979999125723394e-08,row_scaled_dual_lbfgsb
small_k,relaxation,gurobi,10,2,5,100026,9,optimal,0.038173199998709606,0.020237900000211084,-0.004593596820045134,10,,8.265987894162663e-11,,
small_k,relaxation,mosek,10,2,5,100026,9,optimal,0.0131279999986873,0.010475300001417054,-0.004593570252649726,11,,5.298319116775474e-09,,
small_k,relaxation,fista_dual_fista,20,2,10,200017,0,converged,0.22739020000153687,0.18856339999911143,-0.0016002675159949176,14,0,1.1792363530105376e-08,2.5961715219951004e-08,row_scaled_dual_fista
small_k,relaxation,fista_dual_lbfgs,20,2,10,200017,0,converged,0.0774401000016951,0.04008919999978389,-0.0016002673945919275,13,42,9.237055564881302e-14,6.957305239952376e-08,row_scaled_dual_lbfgsb
small_k,relaxation,gurobi,20,2,10,200017,0,optimal,0.03952539999954752,0.025441900001169415,-0.0016002638936728816,13,,2.52676812806385e-09,,
small_k,relaxation,mosek,20,2,10,200017,0,optimal,0.0157002999985707,0.013361299999814946,-0.001600084102810418,13,,8.396907946739418e-09,,
small_k,relaxation,fista_dual_fista,20,2,10,200018,1,converged,0.3583800999986124,0.32204450000062934,-0.0013713515673153334,18,0,3.90498415825391e-08,5.55200708650628e-08,row_scaled_dual_fista
small_k,relaxation,fista_dual_lbfgs,20,2,10,200018,1,converged,0.08509459999913815,0.04966700000295532,-0.0013713519807982705,18,57,1.3500311979441904e-13,5.5654333716673644e-08,row_scaled_dual_lbfgsb
small_k,relaxation,gurobi,20,2,10,200018,1,optimal,0.025364299999637296,0.020735700003569946,-0.0013713512510044375,9,,1.47644341197406e-10,,
small_k,relaxation,mosek,20,2,10,200018,1,optimal,0.027314900002238574,0.0186321000001044,-0.0013710052591193577,12,,1.7660441997691123e-08,,
small_k,relaxation,fista_dual_fista,20,2,10,200019,2,converged,0.21277650000047288,0.11921499999880325,-0.0017355198392873389,13,0,8.967842024532047e-09,2.4662665902863413e-08,row_scaled_dual_fista
small_k,relaxation,fista_dual_lbfgs,20,2,10,200019,2,converged,0.06704520000130287,0.030935800001316238,-0.0017355197483766693,13,42,2.0872192862952943e-14,2.4659760045903194e-08,row_scaled_dual_lbfgsb
small_k,relaxation,gurobi,20,2,10,200019,2,optimal,0.025931100000889273,0.022630400002526585,-0.0017355075446503724,10,,1.9214063673445025e-10,,
small_k,relaxation,mosek,20,2,10,200019,2,optimal,0.014018699999724049,0.01177109999844106,-0.00173551471651082,12,,2.366074003390395e-10,,
small_k,relaxation,fista_dual_fista,20,2,10,200020,3,converged,0.23892279999927268,0.20297219999702065,-0.0016221905891590678,14,0,6.613936953669963e-09,4.891424560272399e-08,row_scaled_dual_fista
small_k,relaxation,fista_dual_lbfgs,20,2,10,200020,3,converged,0.07426459999987856,0.038567700001294725,-0.001622190655854297,14,45,3.907985046680551e-14,4.882545513241732e-08,row_scaled_dual_lbfgsb
small_k,relaxation,gurobi,20,2,10,200020,3,optimal,0.031940600001689745,0.022064400000090245,-0.0016221812769387656,12,,2.306019819542371e-10,,
small_k,relaxation,mosek,20,2,10,200020,3,optimal,0.013379200001509162,0.010589599998638732,-0.0016221684235661563,10,,1.2608566413163658e-09,,
small_k,relaxation,fista_dual_fista,20,2,10,200021,4,converged,0.25028590000147233,0.21572089999972377,-0.0015516809033101625,18,0,2.5783729817874246e-08,5.822909384035594e-08,row_scaled_dual_fista
small_k,relaxation,fista_dual_lbfgs,20,2,10,200021,4,converged,0.07789670000056503,0.04312679999929969,-0.0015516806337546336,18,54,2.4069635173873394e-13,5.824508387606677e-08,row_scaled_dual_lbfgsb
small_k,relaxation,gurobi,20,2,10,200021,4,optimal,0.032122099997650366,0.0208755999992718,-0.0015516678960445455,11,,5.367672972766968e-10,,
small_k,relaxation,mosek,20,2,10,200021,4,optimal,0.013501900000846945,0.01136170000245329,-0.0015516578445282144,12,,1.083938494517156e-09,,
small_k,relaxation,fista_dual_fista,20,2,10,200022,5,converged,0.263672699999006,0.22845959999904153,-0.001262575636615651,18,0,9.45108613592538e-09,9.292157049303418e-08,row_scaled_dual_fista
small_k,relaxation,fista_dual_lbfgs,20,2,10,200022,5,converged,0.08112399999663467,0.04596590000073775,-0.0012625757378915258,18,57,5.861977570020827e-14,9.251173090013007e-08,row_scaled_dual_lbfgsb
small_k,relaxation,gurobi,20,2,10,200022,5,optimal,0.032859800001460826,0.02099159999852418,-0.0012625603938764204,9,,5.637623701204575e-11,,
small_k,relaxation,mosek,20,2,10,200022,5,optimal,0.014898299999913434,0.012665099999139784,-0.0012625730162088775,10,,1.4850454199688556e-10,,
small_k,relaxation,fista_dual_fista,20,2,10,200023,6,converged,0.2683281999998144,0.23273259999768925,-0.0015316981213260809,16,0,3.137464243962995e-08,3.153456237349003e-08,row_scaled_dual_fista
small_k,relaxation,fista_dual_lbfgs,20,2,10,200023,6,converged,0.07938129999820376,0.04337499999746797,-0.0015316977929909006,16,51,5.879741138414829e-13,3.150546848296138e-08,row_scaled_dual_lbfgsb
small_k,relaxation,gurobi,20,2,10,200023,6,optimal,0.0245266999991145,0.02170480000131647,-0.0015316786472609582,9,,3.348876731479322e-12,,
small_k,relaxation,mosek,20,2,10,200023,6,optimal,0.01374519999808399,0.011563600000954466,-0.0015313163010336993,10,,2.0668602607187836e-08,,
small_k,relaxation,fista_dual_fista,20,2,10,200024,7,converged,0.20960180000110995,0.1739080000006652,-0.0011675860084722472,14,0,2.7488380460738426e-08,9.141113152822257e-08,row_scaled_dual_fista
small_k,relaxation,fista_dual_lbfgs,20,2,10,200024,7,converged,0.08055569999851286,0.04379489999701036,-0.0011675857043248802,14,55,8.881784197001252e-16,9.467380279847713e-08,row_scaled_dual_lbfgsb
small_k,relaxation,gurobi,20,2,10,200024,7,optimal,0.03908989999763435,0.021729700001742458,-0.001167552974669677,11,,4.103406503475071e-11,,
small_k,relaxation,mosek,20,2,10,200024,7,optimal,0.013492199999745935,0.010681299998395843,-0.001167068498382877,12,,2.7066993757429714e-08,,
small_k,relaxation,fista_dual_fista,20,2,10,200025,8,converged,0.3350231000003987,0.29870840000148746,-0.0010428781620009844,21,0,9.6904608781756e-09,7.193311810327252e-08,row_scaled_dual_fista
small_k,relaxation,fista_dual_lbfgs,20,2,10,200025,8,converged,0.08822669999790378,0.05436439999539289,-0.0010428782694208612,21,65,3.7214675785435247e-13,7.194083569112606e-08,row_scaled_dual_lbfgsb
small_k,relaxation,gurobi,20,2,10,200025,8,optimal,0.03262600000016391,0.019743799999559997,-0.001042868570643984,10,,3.646760671216498e-11,,
small_k,relaxation,mosek,20,2,10,200025,8,optimal,0.03316650000124355,0.027316900002915645,-0.001042674659621658,11,,1.2557815898261993e-08,,
small_k,relaxation,fista_dual_fista,20,2,10,200026,9,converged,0.254456200000277,0.20206010000038077,-0.0014490906266178098,16,0,2.582781455373606e-08,1.3867912170589104e-08,row_scaled_dual_fista
small_k,relaxation,fista_dual_lbfgs,20,2,10,200026,9,converged,0.08239039999898523,0.046162200000253506,-0.0014490903524945736,16,52,2.3092638912203256e-14,1.3809348341471112e-08,row_scaled_dual_lbfgsb
small_k,relaxation,gurobi,20,2,10,200026,9,optimal,0.03130080000119051,0.02161300000079791,-0.001449020313135499,10,,2.8211433189540003e-11,,
small_k,relaxation,mosek,20,2,10,200026,9,optimal,0.013103500001307111,0.010892700000113109,-0.0014484703456412555,11,,3.042036778033719e-08,,
small_k,relaxation,fista_dual_fista,30,2,15,300017,0,converged,0.25667600000087987,0.22175079999942682,0.0005241020257940408,14,0,1.6669088331866533e-08,2.6223431234859017e-08,row_scaled_dual_fista
small_k,relaxation,fista_dual_lbfgs,30,2,15,300017,0,converged,0.0759901000019454,0.040756900001724716,0.0005241017811551969,14,46,1.2967404927621828e-13,2.6145873911133953e-08,row_scaled_dual_lbfgsb
small_k,relaxation,gurobi,30,2,15,300017,0,optimal,0.042930000003252644,0.02610090000234777,0.0005241076310203048,12,,9.054446081790957e-10,,
small_k,relaxation,mosek,30,2,15,300017,0,optimal,0.01653470000019297,0.01431389999925159,0.0005260559454585527,14,,3.2608512445797544e-08,,
small_k,relaxation,fista_dual_fista,30,2,15,300018,1,converged,0.255402700000559,0.22121920000063255,0.0007332315270478298,17,0,3.384738178624502e-08,9.159395603048516e-08,row_scaled_dual_fista
small_k,relaxation,fista_dual_lbfgs,30,2,15,300018,1,converged,0.08060420000037993,0.04727009999987786,0.0007332320338645521,17,56,1.6431300764452317e-13,9.157607886338967e-08,row_scaled_dual_lbfgsb
small_k,relaxation,gurobi,30,2,15,300018,1,optimal,0.03730329999962123,0.022706599997036392,0.0007332437155156378,10,,1.7625900738948985e-12,,
small_k,relaxation,mosek,30,2,15,300018,1,optimal,0.016345500000170432,0.014194399998814333,0.0007336409038271943,14,,6.903158378257501e-09,,
small_k,relaxation,fista_dual_fista,30,2,15,300019,2,converged,0.350264500000776,0.3148421000005328,0.0004552287818053932,18,0,1.9522042649100513e-08,9.529610658880444e-08,row_scaled_dual_fista
small_k,relaxation,fista_dual_lbfgs,30,2,15,300019,2,converged,0.08760960000290652,0.051347799999348354,0.0004552284969255565,18,56,2.8066438062523957e-13,9.532882640671372e-08,row_scaled_dual_lbfgsb
small_k,relaxation,gurobi,30,2,15,300019,2,optimal,0.027566400000068825,0.02397960000234889,0.0004552595835230471,9,,4.2878922634770333e-11,,
small_k,relaxation,mosek,30,2,15,300019,2,optimal,0.015577900001517264,0.013372800000070129,0.0004557639380506958,13,,9.256765909348985e-09,,
small_k,relaxation,fista_dual_fista,30,2,15,300020,3,converged,0.2578586000017822,0.22327020000011544,0.0007003624483894501,16,0,6.10806694112398e-09,6.6015685763018826e-09,row_scaled_dual_fista
small_k,relaxation,fista_dual_lbfgs,30,2,15,300020,3,converged,0.08026630000313162,0.04472639999949024,0.0007003623565844594,16,52,3.241851231905457e-14,6.5949434013935245e-09,row_scaled_dual_lbfgsb
small_k,relaxation,gurobi,30,2,15,300020,3,optimal,0.03243020000081742,0.023177999999461463,0.0007003697961858509,11,,9.773639675358936e-10,,
small_k,relaxation,mosek,30,2,15,300020,3,optimal,0.01598599999852013,0.013772400001471397,0.0007010683965039937,13,,1.2025333173681929e-08,,
small_k,relaxation,fista_dual_fista,30,2,15,300021,4,converged,0.2869594000003417,0.2518158000020776,0.0006741305446518447,19,0,3.3401557963941286e-08,8.554006929490603e-08,row_scaled_dual_fista
small_k,relaxation,fista_dual_lbfgs,30,2,15,300021,4,converged,0.0873844999987341,0.05270889999883366,0.0006741310433847503,19,62,3.801403636316536e-13,8.561268102877577e-08,row_scaled_dual_lbfgsb
small_k,relaxation,gurobi,30,2,15,300021,4,optimal,0.030228100000385894,0.022626099998888094,0.0006741538016813257,11,,3.0639868420223593e-09,,
small_k,relaxation,mosek,30,2,15,300021,4,optimal,0.01600479999979143,0.013661799999681534,0.0006752642709906033,14,,1.918362213526592e-08,,
small_k,relaxation,fista_dual_fista,30,2,15,300022,5,converged,0.33327420000205166,0.2666057999995246,0.0012125692106518503,16,0,9.548591251018479e-09,8.434657472826541e-08,row_scaled_dual_fista
small_k,relaxation,fista_dual_lbfgs,30,2,15,300022,5,converged,0.08180490000086138,0.0462770999984059,0.0012125693624344663,16,54,4.3876013933186186e-13,8.480400143014034e-08,row_scaled_dual_lbfgsb
small_k,relaxation,gurobi,30,2,15,300022,5,optimal,0.034045399999740766,0.022790099999838276,0.0012125879842285262,10,,1.1796984500378471e-09,,
small_k,relaxation,mosek,30,2,15,300022,5,optimal,0.016646799998852657,0.014427899997826898,0.0012151360111609024,13,,4.2727194005109936e-08,,
small_k,relaxation,fista_dual_fista,30,2,15,300023,6,converged,0.3181880000011006,0.2830761000041093,0.0007895291203023104,20,0,1.1924143450414704e-08,7.269496716366033e-08,row_scaled_dual_fista
small_k,relaxation,fista_dual_lbfgs,30,2,15,300023,6,converged,0.10104080000019167,0.065544700002647,0.0007895292995318843,20,81,5.329070518200751e-15,7.225306207275675e-08,row_scaled_dual_lbfgsb
small_k,relaxation,gurobi,30,2,15,300023,6,optimal,0.029393500000878703,0.023237500001414446,0.0007895325439130733,11,,7.73052732938595e-11,,
small_k,relaxation,mosek,30,2,15,300023,6,optimal,0.015820500000700122,0.01358040000195615,0.0007919835147797375,13,,4.219238125546809e-08,,
small_k,relaxation,fista_dual_fista,30,2,15,300024,7,converged,0.357481099999859,0.321581199998036,0.0005168172744012076,19,0,3.1111495601976458e-09,5.300705451046973e-08,row_scaled_dual_fista
small_k,relaxation,fista_dual_lbfgs,30,2,15,300024,7,converged,0.0917306000010285,0.05627940000340459,0.0005168173206081591,18,68,6.217248937900877e-15,7.301412263605643e-08,row_scaled_dual_lbfgsb
small_k,relaxation,gurobi,30,2,15,300024,7,optimal,0.028973700002097758,0.022546600001078332,0.0005168273968850483,10,,2.6898927529828143e-11,,
small_k,relaxation,mosek,30,2,15,300024,7,optimal,0.016112699999212055,0.013877400000637863,0.0005186016494162452,12,,3.15096333469711e-08,,
small_k,relaxation,fista_dual_fista,30,2,15,300025,8,converged,0.2659940999983519,0.23174960000324063,0.0005185966390845662,16,0,6.337333324779593e-09,5.858853058880479e-08,row_scaled_dual_fista
small_k,relaxation,fista_dual_lbfgs,30,2,15,300025,8,converged,0.09030699999857461,0.05408449999958975,0.0005185965464365241,16,63,2.6645352591003757e-15,5.866455310724916e-08,row_scaled_dual_lbfgsb
small_k,relaxation,gurobi,30,2,15,300025,8,optimal,0.024980700000014622,0.022441600001911866,0.0005186006997323998,9,,2.4204305226760425e-10,,
small_k,relaxation,mosek,30,2,15,300025,8,optimal,0.015365100000053644,0.013114299999870127,0.0005200621224719995,12,,2.693162393097026e-08,,
small_k,relaxation,fista_dual_fista,30,2,15,300026,9,converged,0.36163979999764706,0.3275610999990022,0.0006943531596765688,23,0,1.2213680733452748e-08,5.378724537246675e-08,row_scaled_dual_fista
small_k,relaxation,fista_dual_lbfgs,30,2,15,300026,9,converged,0.09320740000111982,0.05933750000258442,0.0006943529766221569,23,71,1.170619157164765e-12,5.375599656873545e-08,row_scaled_dual_lbfgsb
small_k,relaxation,gurobi,30,2,15,300026,9,optimal,0.024890799999411684,0.022209599999769125,0.0006943578697867839,11,,6.338063407440586e-11,,
small_k,relaxation,mosek,30,2,15,300026,9,optimal,0.015226699997583637,0.012866400000348222,0.0006948794637234093,14,,9.192454353268431e-09,,
small_k,relaxation,fista_dual_fista,50,2,25,500017,0,converged,0.4131433000002289,0.37707460000456194,0.0044033432451774605,23,0,2.8335147561620033e-09,5.2720851442515e-08,row_scaled_dual_fista
small_k,relaxation,fista_dual_lbfgs,50,2,25,500017,0,converged,0.10565950000091107,0.06786040000224602,0.004403343308869946,23,75,1.0436096431476471e-12,5.2342872625003714e-08,row_scaled_dual_lbfgsb
small_k,relaxation,gurobi,50,2,25,500017,0,optimal,0.08383079999839538,0.06639310000173282,0.004403343639932484,11,,2.2570023627821456e-09,,
small_k,relaxation,mosek,50,2,25,500017,0,optimal,0.051085999999486376,0.04597809999904712,0.004404474788323199,11,,1.284663875278369e-08,,
small_k,relaxation,fista_dual_fista,50,2,25,500018,1,converged,0.637842100000853,0.5958198000007542,0.005161125026577491,26,0,5.767935373768296e-08,7.254350938260428e-08,row_scaled_dual_fista
small_k,relaxation,fista_dual_lbfgs,50,2,25,500018,1,converged,0.13833080000040354,0.09816800000044168,0.005161126385665292,26,88,1.9131363160340698e-12,7.190011396497922e-08,row_scaled_dual_lbfgsb
small_k,relaxation,gurobi,50,2,25,500018,1,optimal,0.04258720000143512,0.03487890000178595,0.005161145347117349,12,,1.487585610249198e-10,,
small_k,relaxation,mosek,50,2,25,500018,1,optimal,0.023471099997550482,0.020622000000003027,0.005162874534885294,11,,2.025761636215151e-08,,
small_k,relaxation,fista_dual_fista,50,2,25,500019,2,converged,0.5631986999978835,0.5221163000023807,0.0047860712476745695,26,0,5.350605292164801e-09,7.673499212286409e-08,row_scaled_dual_fista
small_k,relaxation,fista_dual_lbfgs,50,2,25,500019,2,converged,0.12557980000201496,0.08590779999940423,0.0047860711249788235,26,86,6.341593916658894e-13,7.653128010491376e-08,row_scaled_dual_lbfgsb
small_k,relaxation,gurobi,50,2,25,500019,2,optimal,0.040389699999650475,0.03295330000037211,0.004786088594802651,12,,4.061195824078823e-12,,
small_k,relaxation,mosek,50,2,25,500019,2,optimal,0.0212113000015961,0.018844199999875855,0.0047865846269850056,13,,5.700071636915993e-09,,
small_k,relaxation,fista_dual_fista,50,2,25,500020,3,converged,0.5485263000009581,0.511783199995989,0.004529834422709732,23,0,1.3768266526881234e-08,1.665217077287768e-08,row_scaled_dual_fista
small_k,relaxation,fista_dual_lbfgs,50,2,25,500020,3,converged,0.10534829999960493,0.06863929999963148,0.004529834733561571,23,73,1.2541079286165768e-12,1.659526870445321e-08,row_scaled_dual_lbfgsb
small_k,relaxation,gurobi,50,2,25,500020,3,optimal,0.038568199997826014,0.028089699997508433,0.004529855848668591,9,,1.8364643139534564e-11,,
small_k,relaxation,mosek,50,2,25,500020,3,optimal,0.02099400000224705,0.017392800000379793,0.0045298565107955106,11,,2.374552776629457e-10,,
small_k,relaxation,fista_dual_fista,50,2,25,500021,4,converged,0.37092130000019097,0.3343752000000677,0.004853378140859335,20,0,3.1068319472637995e-08,5.8428831386910134e-08,row_scaled_dual_fista
small_k,relaxation,fista_dual_lbfgs,50,2,25,500021,4,converged,0.09656790000008186,0.06072429999767337,0.00485337885982128,20,65,1.2958523143424827e-12,5.8108058981686223e-08,row_scaled_dual_lbfgsb
small_k,relaxation,gurobi,50,2,25,500021,4,optimal,0.03603810000277008,0.028246199999557575,0.004853390802541067,10,,2.1223423019023357e-10,,
small_k,relaxation,mosek,50,2,25,500021,4,optimal,0.019104999999399297,0.01680119999946328,0.004855958368001047,11,,2.7403611713161524e-08,,
small_k,relaxation,fista_dual_fista,50,2,25,500022,5,converged,0.40201279999746475,0.36535660000299686,0.004660351274586558,21,0,2.4681566124229448e-08,9.530821791755206e-08,row_scaled_dual_fista
small_k,relaxation,fista_dual_lbfgs,50,2,25,500022,5,converged,0.09526740000001155,0.058864799997536466,0.004660351838691281,21,67,1.056044141023449e-12,9.531697985563202e-08,row_scaled_dual_lbfgsb
small_k,relaxation,gurobi,50,2,25,500022,5,optimal,0.03666769999836106,0.02768869999999879,0.0046603523335726135,11,,2.892724948466707e-10,,
small_k,relaxation,mosek,50,2,25,500022,5,optimal,0.018384700000751764,0.01623200000176439,0.004660380670671637,11,,3.273481485877028e-10,,
small_k,relaxation,fista_dual_fista,50,2,25,500023,6,converged,0.4258573000006436,0.39119649999702233,0.00487131343902629,23,0,2.2357186324484246e-08,3.166894720641498e-08,row_scaled_dual_fista
small_k,relaxation,fista_dual_lbfgs,50,2,25,500023,6,converged,0.0986745999980485,0.06482940000205417,0.004871313958594525,23,73,8.544276397515205e-13,3.1647767608084564e-08,row_scaled_dual_lbfgsb
small_k,relaxation,gurobi,50,2,25,500023,6,optimal,0.0836989999988873,0.0726317000007839,0.004871315854217689,12,,1.5293633026658426e-10,,
small_k,relaxation,mosek,50,2,25,500023,6,optimal,0.029807000002620043,0.02732800000012503,0.004871323268650229,11,,1.0991141330407572e-10,,
small_k,relaxation,fista_dual_fista,50,2,25,500024,7,converged,0.3564793000005011,0.32097540000177105,0.004545238945626908,19,0,7.759559217390688e-09,8.080129159802139e-08,row_scaled_dual_fista
small_k,relaxation,fista_dual_lbfgs,50,2,25,500024,7,converged,0.09192059999986668,0.0571070999976655,0.004545239121957761,19,65,9.894307595459395e-13,8.081111782660599e-08,row_scaled_dual_lbfgsb
small_k,relaxation,gurobi,50,2,25,500024,7,optimal,0.03570410000247648,0.02938949999952456,0.004545241991666777,12,,1.99470440165328e-10,,
small_k,relaxation,mosek,50,2,25,500024,7,optimal,0.018972900001244852,0.01677940000081435,0.004545743150181178,12,,5.55284129788447e-09,,
small_k,relaxation,fista_dual_fista,50,2,25,500025,8,converged,0.4138196000021708,0.37940290000187815,0.00454468364436331,23,0,3.665224568294434e-09,4.449184827382966e-08,row_scaled_dual_fista
small_k,relaxation,fista_dual_lbfgs,50,2,25,500025,8,converged,0.10307140000077197,0.06880110000201967,0.004544683727840351,23,78,1.5649703755116207e-12,4.454854542155851e-08,row_scaled_dual_lbfgsb
small_k,relaxation,gurobi,50,2,25,500025,8,optimal,0.036835499999142485,0.028901400000904687,0.004544695943329435,11,,5.914557732467074e-11,,
small_k,relaxation,mosek,50,2,25,500025,8,optimal,0.019246100000600563,0.01707209999949555,0.0045449651687861775,12,,3.0073875612046663e-09,,
small_k,relaxation,fista_dual_fista,50,2,25,500026,9,converged,0.4689505000023928,0.4349995999982639,0.004739974901050171,26,0,5.046530660024473e-08,2.997552771551334e-08,row_scaled_dual_fista
small_k,relaxation,fista_dual_lbfgs,50,2,25,500026,9,converged,0.10799029999907361,0.07437989999743877,0.004739976063497426,26,83,2.666311615939776e-12,2.9970099413124906e-08,row_scaled_dual_lbfgsb
small_k,relaxation,gurobi,50,2,25,500026,9,optimal,0.03792469999825698,0.02753129999837256,0.004739989898285767,10,,4.5015435823358985e-10,,
small_k,relaxation,mosek,50,2,25,500026,9,optimal,0.01816079999844078,0.015966899998602457,0.004740087313659045,11,,1.1736759342184655e-09,,
small_k,relaxation,fista_dual_fista,100,2,50,1000017,0,converged,0.6337434000015492,0.6001870000036433,0.0117878379696659,31,0,1.093149570863261e-08,5.0819505145923784e-08,row_scaled_dual_fista
small_k,relaxation,fista_dual_lbfgs,100,2,50,1000017,0,converged,0.1393151999982365,0.10504049999872223,0.011787836918898205,31,116,1.7257825390970538e-08,5.0780495239127676e-08,row_scaled_dual_lbfgsb
small_k,relaxation,gurobi,100,2,50,1000017,0,optimal,0.07389769999645068,0.05537449999974342,0.011787844871617784,12,,1.6070238473275822e-09,,
small_k,relaxation,mosek,100,2,50,1000017,0,optimal,0.03265340000143624,0.030492099998809863,0.011789754791175085,11,,9.332058459321502e-09,,
small_k,relaxation,fista_dual_fista,100,2,50,1000018,1,converged,0.5894183999989764,0.5546173000038834,0.011712412583031006,29,0,9.85623493932053e-09,8.453255043930038e-08,row_scaled_dual_fista
small_k,relaxation,fista_dual_lbfgs,100,2,50,1000018,1,converged,0.12150459999975283,0.08795100000133971,0.011712412215946284,29,95,2.589395364793745e-11,8.43672705598422e-08,row_scaled_dual_lbfgsb
small_k,relaxation,gurobi,100,2,50,1000018,1,optimal,0.0626683000009507,0.05291969999962021,0.01171241655666397,12,,7.685836411752689e-10,,
small_k,relaxation,mosek,100,2,50,1000018,1,optimal,0.03127599999788799,0.028277199999138247,0.01171415737761347,11,,9.306133530451177e-09,,
small_k,relaxation,fista_dual_fista,100,2,50,1000019,2,converged,0.6672163000002911,0.6324802999988606,0.011662165618779812,29,0,9.009854196051492e-09,3.715103256816519e-08,row_scaled_dual_fista
small_k,relaxation,fista_dual_lbfgs,100,2,50,1000019,2,converged,0.12353779999830294,0.0886460999972769,0.011662165285141312,29,93,1.1993961379630491e-11,3.6813746428215336e-08,row_scaled_dual_lbfgsb
small_k,relaxation,gurobi,100,2,50,1000019,2,optimal,0.08921449999979814,0.075159200001508,0.01166216897438242,11,,1.177132391561031e-09,,
small_k,relaxation,mosek,100,2,50,1000019,2,optimal,0.03321470000082627,0.03080730000147014,0.011665007225849556,12,,1.1283093126479571e-08,,
small_k,relaxation,fista_dual_fista,100,2,50,1000020,3,converged,0.6552383999987796,0.620644300001004,0.011623495248388929,31,0,1.0141658179918522e-08,8.590321175011371e-08,row_scaled_dual_fista
small_k,relaxation,fista_dual_lbfgs,100,2,50,1000020,3,converged,0.12942889999976614,0.09576620000370895,0.011623494872329174,31,101,2.787814423754753e-11,8.596310141926304e-08,row_scaled_dual_lbfgsb
small_k,relaxation,gurobi,100,2,50,1000020,3,optimal,0.057216900000639725,0.05185160000110045,0.011623523628451059,11,,8.218949965055344e-10,,
small_k,relaxation,mosek,100,2,50,1000020,3,optimal,0.031862800002272706,0.02934829999867361,0.011625944493921264,11,,1.162183949077189e-08,,
small_k,relaxation,fista_dual_fista,100,2,50,1000021,4,converged,0.5433737999992445,0.508922100001655,0.01195982105888711,26,0,4.51368364906557e-09,7.171958979901441e-08,row_scaled_dual_fista
small_k,relaxation,fista_dual_lbfgs,100,2,50,1000021,4,converged,0.11333540000123321,0.07918080000308692,0.011959820889313957,26,84,2.8066438062523957e-12,7.137041108251678e-08,row_scaled_dual_lbfgsb
small_k,relaxation,gurobi,100,2,50,1000021,4,optimal,0.05259780000051251,0.04919040000095265,0.011959850126805635,10,,3.429145856159721e-12,,
small_k,relaxation,mosek,100,2,50,1000021,4,optimal,0.0327962999981537,0.030585900000005495,0.01196090073767102,12,,4.446780499378633e-09,,
small_k,relaxation,fista_dual_fista,100,2,50,1000022,5,converged,0.5567390000032901,0.5229127000020526,0.01168807044211926,28,0,1.1014030576461664e-08,7.795846507114289e-08,row_scaled_dual_fista
small_k,relaxation,fista_dual_lbfgs,100,2,50,1000022,5,converged,0.12020909999773721,0.08570309999777237,0.011688070034091036,28,89,1.0826894936144527e-11,7.735609419771723e-08,row_scaled_dual_lbfgsb
small_k,relaxation,gurobi,100,2,50,1000022,5,optimal,0.06244259999948554,0.052586599998903694,0.011688082234828158,10,,1.1182588188773934e-10,,
small_k,relaxation,mosek,100,2,50,1000022,5,optimal,0.03454720000081579,0.03225340000062715,0.011688306262627826,13,,1.006790095736676e-09,,
small_k,relaxation,fista_dual_fista,100,2,50,1000023,6,converged,0.601347200001328,0.5666450999997323,0.011937739122792793,30,0,1.0900773617095183e-08,6.818107208880663e-08,row_scaled_dual_fista
small_k,relaxation,fista_dual_lbfgs,100,2,50,1000023,6,converged,0.13150170000153594,0.0958597999997437,0.011937738714571317,30,96,2.084554751036194e-11,6.81367437806287e-08,row_scaled_dual_lbfgsb
small_k,relaxation,gurobi,100,2,50,1000023,6,optimal,0.06517929999972694,0.054212000002735294,0.01193774378814009,11,,1.5730784452827606e-09,,
small_k,relaxation,mosek,100,2,50,1000023,6,optimal,0.0335994999986724,0.03134719999798108,0.011939312912382271,12,,7.19556780826025e-09,,
small_k,relaxation,fista_dual_fista,100,2,50,1000024,7,converged,0.7863045999984024,0.748947699998098,0.011637615604741249,30,0,1.092598544971679e-08,7.602827565215425e-08,row_scaled_dual_fista
small_k,relaxation,fista_dual_lbfgs,100,2,50,1000024,7,converged,0.13128900000083377,0.09395610000137822,0.011637615200261783,30,96,5.327294161361351e-12,7.608001837881673e-08,row_scaled_dual_lbfgsb
small_k,relaxation,gurobi,100,2,50,1000024,7,optimal,0.06817880000016885,0.0552492999995593,0.011637626974604767,11,,1.5349226334393506e-09,,
small_k,relaxation,mosek,100,2,50,1000024,7,optimal,0.036073299997951835,0.03348370000094292,0.011637906494851696,13,,1.520895742679329e-09,,
small_k,relaxation,fista_dual_fista,100,2,50,1000025,8,converged,0.615844100000686,0.5786792000035348,0.01161247344444156,29,0,5.753288689902547e-08,5.5156804076396164e-08,row_scaled_dual_fista
small_k,relaxation,fista_dual_lbfgs,100,2,50,1000025,8,converged,0.12321119999978691,0.0880881999983103,0.01161247557276883,29,93,2.877698079828406e-13,5.517779874519472e-08,row_scaled_dual_lbfgsb
small_k,relaxation,gurobi,100,2,50,1000025,8,optimal,0.06129049999799463,0.05480600000009872,0.011612491382717813,11,,3.588610519855706e-10,,
small_k,relaxation,mosek,100,2,50,1000025,8,optimal,0.033189300000231015,0.03091850000055274,0.011613299449982175,12,,3.68205999023985e-09,,
small_k,relaxation,fista_dual_fista,100,2,50,1000026,9,converged,0.5253656999993837,0.4912664000039513,0.011872304395828575,26,0,1.0498997227159634e-08,9.05830494029775e-08,row_scaled_dual_fista
small_k,relaxation,fista_dual_lbfgs,100,2,50,1000026,9,converged,0.11098919999858481,0.07712009999886504,0.011872304004484026,26,84,4.371614181764016e-12,9.027804531231272e-08,row_scaled_dual_lbfgsb
small_k,relaxation,gurobi,100,2,50,1000026,9,optimal,0.06603909999830648,0.050713399999949615,0.011872392504468627,11,,1.9823542807273498e-10,,
small_k,relaxation,mosek,100,2,50,1000026,9,optimal,0.03253009999752976,0.03032059999895864,0.01187401782790237,12,,1.02482965447237e-08,,
small_k,relaxation,fista_dual_fista,300,6,50,3000017,0,converged,0.7565175000017916,0.7216763000033097,0.00101332296984632,35,0,7.264870482970309e-08,3.8441729687961904e-08,row_scaled_dual_fista
small_k,relaxation,fista_dual_lbfgs,300,6,50,3000017,0,converged,0.1478110000025481,0.1134319000011601,0.001013321827111724,35,107,1.4361845046551025e-12,3.849416172143459e-08,row_scaled_dual_lbfgsb
small_k,relaxation,gurobi,300,6,50,3000017,0,optimal,0.1570281000022078,0.15243109999937587,0.0010133368891928236,12,,4.3485792744490936e-10,,
small_k,relaxation,mosek,300,6,50,3000017,0,optimal,0.08507639999879757,0.08231359999990673,0.001014031129340679,14,,1.871903965167121e-09,,
small_k,relaxation,fista_dual_fista,300,6,50,3000018,1,converged,0.821812799997133,0.7864878999971552,0.0009293137201990074,38,0,7.95491672533899e-10,7.04726073065079e-08,row_scaled_dual_fista
small_k,relaxation,fista_dual_lbfgs,300,6,50,3000018,1,converged,0.15692549999948824,0.12177340000198456,0.0009293137079664747,38,115,1.2066792010045901e-11,7.048729631994202e-08,row_scaled_dual_lbfgsb
small_k,relaxation,gurobi,300,6,50,3000018,1,optimal,0.16688319999957457,0.15041330000167363,0.0009293165194488705,14,,5.7167381939393636e-11,,
small_k,relaxation,mosek,300,6,50,3000018,1,optimal,0.1611826000007568,0.155488599997625,0.0009293155017905258,14,,2.5767832312340033e-11,,
small_k,relaxation,fista_dual_fista,300,6,50,3000019,2,converged,0.9204513999975461,0.8846874999981083,0.000988727353361852,39,0,5.033404182341883e-08,9.874534579085535e-08,row_scaled_dual_fista
small_k,relaxation,fista_dual_lbfgs,300,6,50,3000019,2,converged,0.17883530000108294,0.13997739999831538,0.0009887265640118447,39,118,1.7714718580918998e-11,9.891647429487137e-08,row_scaled_dual_lbfgsb
small_k,relaxation,gurobi,300,6,50,3000019,2,optimal,0.1709563000003982,0.16412119999949937,0.000988727428687006,12,,5.403055780561772e-11,,
small_k,relaxation,mosek,300,6,50,3000019,2,optimal,0.08336059999783174,0.07970420000128797,0.0009887298674541717,15,,2.579032543081894e-10,,
small_k,relaxation,fista_dual_fista,300,6,50,3000020,3,converged,0.7997261000018625,0.7631192000008014,0.0009231302884640837,37,0,3.0368525472113106e-09,9.178311688142943e-08,row_scaled_dual_fista
small_k,relaxation,fista_dual_lbfgs,300,6,50,3000020,3,converged,0.1552241999997932,0.12051590000191936,0.0009231302410518533,37,114,3.1032953984322376e-12,9.162434195474172e-08,row_scaled_dual_lbfgsb
small_k,relaxation,gurobi,300,6,50,3000020,3,optimal,0.14884219999657944,0.13310249999994994,0.0009231318682870176,12,,2.6214508341837472e-09,,
small_k,relaxation,mosek,300,6,50,3000020,3,optimal,0.073336699999345,0.07091420000142534,0.0009235320881574183,15,,1.037408159376696e-09,,
small_k,relaxation,fista_dual_fista,300,6,50,3000021,4,converged,0.7903480999993917,0.7565408999980718,0.0009453340054166159,37,0,2.1657907467442783e-08,5.55216486800603e-08,row_scaled_dual_fista
small_k,relaxation,fista_dual_lbfgs,300,6,50,3000021,4,converged,0.16454940000039642,0.13098239999817451,0.0009453335524280265,37,127,7.329782114595673e-09,5.525534863841473e-08,row_scaled_dual_lbfgsb
small_k,relaxation,gurobi,300,6,50,3000021,4,optimal,0.146473299999343,0.13330459999997402,0.0009453568889900548,12,,9.893339480981922e-10,,
small_k,relaxation,mosek,300,6,50,3000021,4,optimal,0.07568360000004759,0.0731104000005871,0.0009460506614251511,16,,1.8355804654035524e-09,,
small_k,relaxation,fista_dual_fista,300,6,50,3000022,5,converged,0.7504546999989543,0.7158077999993111,0.0009637910106806771,36,0,4.845700551925347e-08,5.6549790949704384e-08,row_scaled_dual_fista
small_k,relaxation,fista_dual_lbfgs,300,6,50,3000022,5,converged,0.15656999999919208,0.12105179999707616,0.0009637902527424632,36,110,1.000088900582341e-11,5.6319814475051835e-08,row_scaled_dual_lbfgsb
small_k,relaxation,gurobi,300,6,50,3000022,5,optimal,0.1599290000012843,0.14178370000081486,0.000963811084969176,12,,2.2642998587230068e-10,,
small_k,relaxation,mosek,300,6,50,3000022,5,optimal,0.07599679999839282,0.07360490000064601,0.0009646804541768098,14,,2.2396811072411538e-09,,
small_k,relaxation,fista_dual_fista,300,6,50,3000023,6,converged,1.024168500000087,0.9875180999952136,0.000907043848009768,38,0,2.343593052955839e-08,5.513486202899608e-08,row_scaled_dual_fista
small_k,relaxation,fista_dual_lbfgs,300,6,50,3000023,6,converged,0.20100950000050943,0.1607731000003696,0.0009070432015246318,38,130,1.803710691916649e-08,5.512532998487406e-08,row_scaled_dual_lbfgsb
small_k,relaxation,gurobi,300,6,50,3000023,6,optimal,0.1596466999981203,0.15432119999968563,0.0009070442993524049,13,,1.6371348721122558e-12,,
small_k,relaxation,mosek,300,6,50,3000023,6,optimal,0.08763289999842527,0.08440909999990254,0.0009077876551535843,15,,1.90924864806874e-09,,
small_k,relaxation,fista_dual_fista,300,6,50,3000024,7,converged,0.8374551000015344,0.7999334000014642,0.001021962147509584,37,0,7.91803369537547e-08,6.68982466659086e-08,row_scaled_dual_fista
small_k,relaxation,fista_dual_lbfgs,300,6,50,3000024,7,converged,0.1652888000025996,0.1298490999979549,0.0010219608983108447,37,120,1.8818724356606253e-11,6.671064756035548e-08,row_scaled_dual_lbfgsb
small_k,relaxation,gurobi,300,6,50,3000024,7,optimal,0.158262900000409,0.14966349999667727,0.001021978341098755,13,,6.111831041266669e-10,,
small_k,relaxation,mosek,300,6,50,3000024,7,optimal,0.07374649999837857,0.07088080000175978,0.0010226198579939456,14,,1.5527067409593087e-09,,
small_k,relaxation,fista_dual_fista,300,6,50,3000025,8,converged,0.7384162999987893,0.7038008000017726,0.001088383686182453,35,0,3.727888486793063e-08,7.470155081336634e-08,row_scaled_dual_fista
small_k,relaxation,fista_dual_lbfgs,300,6,50,3000025,8,converged,0.14714220000314526,0.11119930000131717,0.0010883830949079427,35,106,8.116174399219744e-12,7.50971176344374e-08,row_scaled_dual_lbfgsb
small_k,relaxation,gurobi,300,6,50,3000025,8,optimal,0.1490696000000753,0.13291190000018105,0.001088385726963138,12,,1.1179979164666065e-09,,
small_k,relaxation,mosek,300,6,50,3000025,8,optimal,0.06791610000072978,0.06534209999881568,0.0010891488435241011,13,,2.0069210737716503e-09,,
small_k,relaxation,fista_dual_fista,300,6,50,3000026,9,converged,0.8514785000006668,0.8171583000003011,0.0009423959585768311,41,0,1.47327980926093e-08,8.414241679956316e-08,row_scaled_dual_fista
small_k,relaxation,fista_dual_lbfgs,300,6,50,3000026,9,converged,0.18239870000252267,0.14842339999813703,0.0009423955254914702,41,143,1.2979784358435609e-08,8.400041482697963e-08,row_scaled_dual_lbfgsb
small_k,relaxation,gurobi,300,6,50,3000026,9,optimal,0.15080640000087442,0.13691610000023502,0.000942396229243905,12,,4.85766982194491e-12,,
small_k,relaxation,mosek,300,6,50,3000026,9,optimal,0.07317049999983283,0.07069039999987581,0.000942411887880525,15,,1.285577200249577e-10,,
small_k,relaxation,fista_dual_fista,1000,10,50,10000017,0,converged,1.663543300001038,1.6294457000003604,0.0021938798941728756,54,0,3.9967524401163246e-08,7.79529185184765e-08,row_scaled_dual_fista
small_k,relaxation,fista_dual_lbfgs,1000,10,50,10000017,0,converged,0.33213289999912377,0.2971256999990146,0.0021938806208725205,54,163,4.148681398419285e-11,7.781653447744993e-08,row_scaled_dual_lbfgsb
small_k,relaxation,gurobi,1000,10,50,10000017,0,optimal,0.6857310999985202,0.675939600001584,0.0021938813859765562,14,,1.6617107689853583e-10,,
small_k,relaxation,mosek,1000,10,50,10000017,0,optimal,0.26004710000052,0.2540666000022611,0.0021938833923611477,17,,8.783541582957355e-08,,
small_k,relaxation,fista_dual_fista,1000,10,50,10000018,1,converged,1.680214199997863,1.6429021999974793,0.0022263645070203144,50,0,3.622327593433283e-08,7.581563410689476e-08,row_scaled_dual_fista
small_k,relaxation,fista_dual_lbfgs,1000,10,50,10000018,1,converged,0.29952890000276966,0.2537334999979066,0.0022263651217805623,50,172,2.5543949178086223e-09,7.610990193979723e-08,row_scaled_dual_lbfgsb
small_k,relaxation,gurobi,1000,10,50,10000018,1,optimal,0.5556442999986757,0.5459373999983654,0.0022263857639772573,12,,2.0407231460239927e-11,,
small_k,relaxation,mosek,1000,10,50,10000018,1,optimal,0.39563230000203475,0.38834700000006706,0.002226584237180581,19,,2.1241871595023554e-09,,
small_k,relaxation,fista_dual_fista,1000,10,50,10000019,2,converged,2.5242321000005177,2.473964500000875,0.0022024235637100546,54,0,3.4902791767876806e-08,7.020825679679275e-08,row_scaled_dual_fista
small_k,relaxation,fista_dual_lbfgs,1000,10,50,10000019,2,converged,0.5578193000001193,0.4096117000008235,0.002202422929240406,54,163,3.3217872896784684e-11,7.012364208254009e-08,row_scaled_dual_lbfgsb
small_k,relaxation,gurobi,1000,10,50,10000019,2,optimal,0.9003990999990492,0.8894302000007883,0.0022024262856481097,14,,7.439604488013174e-12,,
small_k,relaxation,mosek,1000,10,50,10000019,2,optimal,0.48336550000021816,0.47601009999925736,0.0022025141359955022,17,,1.3541083809798238e-09,,
small_k,relaxation,fista_dual_fista,1000,10,50,10000020,3,converged,1.9707208999971044,1.9219892000000982,0.0023168666855529103,55,0,3.493855871283813e-08,5.124914920862947e-08,row_scaled_dual_fista
small_k,relaxation,fista_dual_lbfgs,1000,10,50,10000020,3,converged,0.2611127000018314,0.22744370000145864,0.002316867324308332,55,176,1.6393464363773091e-10,5.124878715740795e-08,row_scaled_dual_lbfgsb
small_k,relaxation,gurobi,1000,10,50,10000020,3,optimal,0.45606109999789624,0.44307560000015656,0.002316872050970663,14,,1.1471934513451743e-12,,
small_k,relaxation,mosek,1000,10,50,10000020,3,optimal,0.22953489999781596,0.22667970000111382,0.0023169311320328425,16,,1.498284940559813e-09,,
small_k,relaxation,fista_dual_fista,1000,10,50,10000021,4,converged,1.6481911999981094,1.6138565000037488,0.0022811029652550444,53,0,2.9493106623590393e-08,8.05359541278678e-08,row_scaled_dual_fista
small_k,relaxation,fista_dual_lbfgs,1000,10,50,10000021,4,converged,0.24160069999925327,0.209030600002734,0.002281103499941402,53,175,3.297628836662625e-10,8.036168602141823e-08,row_scaled_dual_lbfgsb
small_k,relaxation,gurobi,1000,10,50,10000021,4,optimal,0.4591021999985969,0.44486280000273837,0.0022811250761182577,14,,7.438794025205198e-11,,
small_k,relaxation,mosek,1000,10,50,10000021,4,optimal,0.31687590000001364,0.31346599999960745,0.0022811772448654982,17,,2.105777663352626e-09,,
small_k,relaxation,fista_dual_fista,1000,10,50,10000022,5,converged,1.7892570000003616,1.7548259000031976,0.0023612744394482,57,0,3.519261682072283e-08,7.952649133061117e-08,row_scaled_dual_fista
small_k,relaxation,fista_dual_lbfgs,1000,10,50,10000022,5,converged,0.25932380000085686,0.2256742999998096,0.002361275100023732,57,172,5.983871176340472e-10,7.580397130019919e-08,row_scaled_dual_lbfgsb
small_k,relaxation,gurobi,1000,10,50,10000022,5,optimal,0.47063519999937853,0.4509262999999919,0.0023612766864049527,13,,9.27798171623806e-10,,
small_k,relaxation,mosek,1000,10,50,10000022,5,optimal,0.31675819999873056,0.312736899999436,0.002361353375237154,16,,1.3698395751049475e-09,,
small_k,relaxation,fista_dual_fista,1000,10,50,10000023,6,converged,1.5753040999989025,1.540108599998348,0.002227857461757958,51,0,3.486080224490706e-08,8.258540877919035e-08,row_scaled_dual_fista
small_k,relaxation,fista_dual_lbfgs,1000,10,50,10000023,6,converged,0.22750929999892833,0.1940926999959629,0.0022278580882032877,51,158,5.480895737264291e-10,8.260004266890035e-08,row_scaled_dual_lbfgsb
small_k,relaxation,gurobi,1000,10,50,10000023,6,optimal,0.4464527999989514,0.4387793999994756,0.002227869129251556,13,,6.30261287604128e-10,,
small_k,relaxation,mosek,1000,10,50,10000023,6,optimal,0.23597239999799058,0.23315999999977066,0.002227968466875247,18,,7.859878081717397e-09,,
small_k,relaxation,fista_dual_fista,1000,10,50,10000024,7,converged,1.604573899996467,1.5696983999987424,0.002257964164507591,52,0,4.056352320702672e-08,5.372250088365237e-08,row_scaled_dual_fista
small_k,relaxation,fista_dual_lbfgs,1000,10,50,10000024,7,converged,0.2352625999992597,0.2015694000001531,0.0022579649069519436,52,158,7.855760486563668e-11,5.3513910291684e-08,row_scaled_dual_lbfgsb
small_k,relaxation,gurobi,1000,10,50,10000024,7,optimal,0.41940669999894453,0.4020386000011058,0.0022579879735069378,12,,9.485516816454265e-10,,
small_k,relaxation,mosek,1000,10,50,10000024,7,optimal,0.23264869999911753,0.22887160000027507,0.002257969995717717,16,,8.657611294538015e-10,,
small_k,relaxation,fista_dual_fista,1000,10,50,10000025,8,converged,1.5908206999993126,1.5573087000011583,0.002241793413808436,53,0,3.71455719516689e-08,9.397432854622355e-08,row_scaled_dual_fista
small_k,relaxation,fista_dual_lbfgs,1000,10,50,10000025,8,converged,0.3100702000010642,0.27542390000235173,0.002241794092664711,53,161,7.37543359718984e-12,9.383650516470852e-08,row_scaled_dual_lbfgsb
small_k,relaxation,gurobi,1000,10,50,10000025,8,optimal,0.5107881000003545,0.4929943999995885,0.0022418096733464454,14,,6.298883636901564e-11,,
small_k,relaxation,mosek,1000,10,50,10000025,8,optimal,0.22243130000060773,0.2164200000006531,0.002242226547327376,15,,2.350920569327286e-10,,
small_k,relaxation,fista_dual_fista,1000,10,50,10000026,9,converged,1.5320081999998365,1.4984680999987177,0.00231558935704192,50,0,3.7533315122573185e-08,6.251856473909948e-08,row_scaled_dual_fista
small_k,relaxation,fista_dual_lbfgs,1000,10,50,10000026,9,converged,0.22035460000188323,0.1875387000000046,0.002315590048962375,50,151,6.180123079957411e-11,6.229896839364407e-08,row_scaled_dual_lbfgsb
small_k,relaxation,gurobi,1000,10,50,10000026,9,optimal,0.45597540000017034,0.44232929999998305,0.002315639644422522,14,,7.840839089112706e-12,,
small_k,relaxation,mosek,1000,10,50,10000026,9,optimal,0.23506339999948977,0.23209489999862853,0.0023159218704302906,16,,3.3082003803031057e-10,,
small_k,relaxation,fista_dual_fista,5000,10,50,50000017,0,time_limit,3.097448300002725,3.060054100002162,0.02167740959909748,53,0,6.320316484043076e-05,1.1734757287924578e-05,row_scaled_dual_fista
small_k,relaxation,fista_dual_lbfgs,5000,10,50,50000017,0,converged,0.5152247000005445,0.479702399999951,0.021681000866942815,70,217,3.3940850130420586e-10,9.771673548663139e-08,row_scaled_dual_lbfgsb
small_k,relaxation,gurobi,5000,10,50,50000017,0,optimal,2.21747250000044,2.191427300000214,0.02168101239443186,16,,3.323852304504271e-11,,
small_k,relaxation,mosek,5000,10,50,50000017,0,optimal,1.3962833000005048,1.3864184000012756,0.02168101791623026,21,,6.941041075236853e-10,,
small_k,relaxation,fista_dual_fista,5000,10,50,50000018,1,time_limit,3.0873548999989,3.051037199998973,0.021681855525052703,54,0,6.453583816057318e-05,1.4304210892213434e-05,row_scaled_dual_fista
small_k,relaxation,fista_dual_lbfgs,5000,10,50,50000018,1,converged,0.5658148000002257,0.5297177000029478,0.02168533308083928,76,235,1.3420020650301012e-10,9.545125597801003e-08,row_scaled_dual_lbfgsb
small_k,relaxation,gurobi,5000,10,50,50000018,1,optimal,2.3455393000003824,2.3117212999968615,0.02168535059966343,15,,1.3841150448001827e-12,,
small_k,relaxation,mosek,5000,10,50,50000018,1,optimal,1.401873799997702,1.3950694000013755,0.021685384404663867,20,,1.6113724798927365e-09,,
small_k,relaxation,fista_dual_fista,5000,10,50,50000019,2,time_limit,3.091920500002743,3.05538869999873,0.021708618530830955,53,0,0.00012449259872848728,1.8409764687801944e-05,row_scaled_dual_fista
small_k,relaxation,fista_dual_lbfgs,5000,10,50,50000019,2,converged,0.48635880000074394,0.45070380000106525,0.02170141592706832,69,206,8.91543905368053e-09,8.17295256776299e-08,row_scaled_dual_lbfgsb
small_k,relaxation,gurobi,5000,10,50,50000019,2,optimal,2.180918999998539,2.156088199997612,0.02170143060509403,15,,7.860379014346108e-14,,
small_k,relaxation,mosek,5000,10,50,50000019,2,optimal,1.333579699999973,1.3234591000000364,0.021701543300034203,19,,2.2267191424063526e-09,,
small_k,relaxation,fista_dual_fista,5000,10,50,50000020,3,time_limit,3.048030200003268,3.0113359999995737,0.021663646129868524,52,0,6.437244299295486e-05,1.3138162425849423e-05,row_scaled_dual_fista
small_k,relaxation,fista_dual_lbfgs,5000,10,50,50000020,3,converged,0.5240255999997316,0.4881123999984993,0.021667236772533523,71,217,9.817959778501972e-10,7.546768182406277e-08,row_scaled_dual_lbfgsb
small_k,relaxation,gurobi,5000,10,50,50000020,3,optimal,2.10451070000272,2.0861288999985845,0.021667261220566513,15,,6.672218333392266e-12,,
small_k,relaxation,mosek,5000,10,50,50000020,3,optimal,1.1761919999989914,1.1655109000021184,0.021667336025469032,16,,5.145384562865729e-09,,
small_k,relaxation,fista_dual_fista,5000,10,50,50000021,4,time_limit,3.0724214000001666,3.034838600000512,0.021699695979010232,53,0,0.00012029679098457535,2.7670451151465725e-05,row_scaled_dual_fista
small_k,relaxation,fista_dual_lbfgs,5000,10,50,50000021,4,converged,0.5765935999988869,0.5402091000032669,0.021692759174409694,75,238,1.3054517467026017e-09,7.038426100650596e-08,row_scaled_dual_lbfgsb
small_k,relaxation,gurobi,5000,10,50,50000021,4,optimal,2.1352256999998644,2.0990892999980133,0.021692782945873432,15,,9.202187900569925e-10,,
small_k,relaxation,mosek,5000,10,50,50000021,4,optimal,1.3094049999999697,1.3008840000002238,0.02169277446361728,19,,3.5944325293968404e-10,,
small_k,relaxation,fista_dual_fista,5000,10,50,50000022,5,time_limit,3.091047500001878,3.0546042999994825,0.021681162557460616,54,0,0.00012069237361256313,1.755103466023503e-05,row_scaled_dual_fista
small_k,relaxation,fista_dual_lbfgs,5000,10,50,50000022,5,converged,0.6347206000027654,0.5976544000004651,0.021674150389910364,74,229,4.3215919731665053e-10,7.102892662268357e-08,row_scaled_dual_lbfgsb
small_k,relaxation,gurobi,5000,10,50,50000022,5,optimal,2.035559899999498,2.0136191999990842,0.02167418402070767,14,,1.2100320745389581e-11,,
small_k,relaxation,mosek,5000,10,50,50000022,5,optimal,1.2882542999977886,1.2813472999987425,0.021674174423841938,19,,4.702815914470193e-10,,
small_k,relaxation,fista_dual_fista,5000,10,50,50000023,6,time_limit,3.0500537999978405,3.0137809999978344,0.021669708220769426,52,0,0.00012285721950711093,1.627114125454913e-05,row_scaled_dual_fista
small_k,relaxation,fista_dual_lbfgs,5000,10,50,50000023,6,converged,0.6259076999995159,0.5882814999968105,0.02166253819547697,73,222,1.7627144188736565e-10,8.013360321528651e-08,row_scaled_dual_lbfgsb
small_k,relaxation,gurobi,5000,10,50,50000023,6,optimal,2.1507127000004402,2.118308100001741,0.021662540117019454,15,,9.383605004131823e-13,,
small_k,relaxation,mosek,5000,10,50,50000023,6,optimal,1.329198900002666,1.3225868000008631,0.021662734047234036,20,,4.703798794913894e-09,,
small_k,relaxation,fista_dual_fista,5000,10,50,50000024,7,time_limit,3.083584100000735,3.046581499998865,0.02169940435501893,53,0,0.00011775605330743844,3.5809848052517624e-05,row_scaled_dual_fista
small_k,relaxation,fista_dual_lbfgs,5000,10,50,50000024,7,converged,0.5874650000005204,0.5502410999979475,0.021691689794265865,77,240,6.21025009195364e-10,7.551754849621675e-08,row_scaled_dual_lbfgsb
small_k,relaxation,gurobi,5000,10,50,50000024,7,optimal,2.2526001000005635,2.2259887000000163,0.021691759589135863,16,,3.5507075057950033e-10,,
small_k,relaxation,mosek,5000,10,50,50000024,7,optimal,1.3830875999992713,1.3765220000022964,0.021691794508913776,19,,9.906779840918034e-10,,
small_k,relaxation,fista_dual_fista,5000,10,50,50000025,8,time_limit,3.074284800000896,3.033348599998135,0.02170903374368537,52,0,0.00012613432511088263,1.7218332488748654e-05,row_scaled_dual_fista
small_k,relaxation,fista_dual_lbfgs,5000,10,50,50000025,8,converged,0.6238819000027434,0.5830443999984709,0.02170170327442656,71,222,5.241851397386199e-10,9.779282211613837e-08,row_scaled_dual_lbfgsb
small_k,relaxation,gurobi,5000,10,50,50000025,8,optimal,2.420020499997918,2.3999910000020463,0.021701707868574824,15,,1.0166312236492558e-12,,
small_k,relaxation,mosek,5000,10,50,50000025,8,optimal,1.3861171000025934,1.3753692999998748,0.021701713070363914,20,,1.3132472886923097e-10,,
small_k,relaxation,fista_dual_fista,5000,10,50,50000026,9,time_limit,3.0847111999974004,3.0300618000037502,0.021675482756555627,52,0,6.378226707370871e-05,1.1681867906119002e-05,row_scaled_dual_fista
small_k,relaxation,fista_dual_lbfgs,5000,10,50,50000026,9,converged,0.6304983000009088,0.5893178999976953,0.021679060405581707,73,227,6.093614501878619e-11,8.971770107101114e-08,row_scaled_dual_lbfgsb
small_k,relaxation,gurobi,5000,10,50,50000026,9,optimal,2.559790299997985,2.508977000001323,0.021679063509204614,14,,6.785683126508957e-13,,
small_k,relaxation,mosek,5000,10,50,50000026,9,optimal,2.4251132999997935,2.4137731000009808,0.02167922701175883,19,,5.506993971948759e-09,,
