scenario,experiment,method,dimension,k,rank,seed,seed_index,status,elapsed_seconds,solver_seconds,objective,iterations,function_evaluations,constraint_violation,fixed_point_residual,notes
large_k,bnb,fista_dual_fista,10,3,5,1100017,0,gap_limit,0.21068249999916588,0.0026175999992119614,-0.006699887282997769,0,0,,,initial_incumbent
large_k,bnb,fista_dual_lbfgs,10,3,5,1100017,0,gap_limit,0.14797560000079102,0.0026456999985384755,-0.006699887282997769,0,0,,,initial_incumbent
large_k,bnb,gurobi,10,3,5,1100017,0,optimal,0.038654500000120606,0.03811599999971804,-0.006699887282997769,2.0,2,,,exact_binary_perspective_miqcp
large_k,bnb,mosek,10,3,5,1100017,0,optimal,0.037098299999343,0.036518099999739206,-0.006699887282997769,3,2,,,exact_binary_perspective_misocp
large_k,bnb,fista_dual_fista,10,3,5,1100018,1,gap_limit,0.15129439999873284,0.0026051999993796926,-0.007064389416344264,0,0,,,initial_incumbent
large_k,bnb,fista_dual_lbfgs,10,3,5,1100018,1,gap_limit,0.13125790000049165,0.0025789000010263408,-0.007064389416344264,0,0,,,initial_incumbent
large_k,bnb,gurobi,10,3,5,1100018,1,optimal,0.028490299999248236,0.02790359999926295,-0.007064389416344264,1.0,2,,,exact_binary_perspective_miqcp
large_k,bnb,mosek,10,3,5,1100018,1,optimal,0.020351600000140024,0.019782899998972425,-0.007064389416344264,0,1,,,exact_binary_perspective_misocp
large_k,bnb,fista_dual_fista,10,3,5,1100019,2,gap_limit,0.22173949999887554,0.002526399999624118,-0.006852060334399101,0,0,,,initial_incumbent
large_k,bnb,fista_dual_lbfgs,10,3,5,1100019,2,gap_limit,0.14230329999918467,0.0024166999992303317,-0.006852060334399101,0,0,,,initial_incumbent
large_k,bnb,gurobi,10,3,5,1100019,2,optimal,0.04030810000040219,0.03765420000127051,-0.006852060334399101,2.0,4,,,exact_binary_perspective_miqcp
large_k,bnb,mosek,10,3,5,1100019,2,optimal,0.03360449999854609,0.033073000000513275,-0.006852060334399101,3,2,,,exact_binary_perspective_misocp
large_k,bnb,fista_dual_fista,10,3,5,1100020,3,gap_limit,0.1432838000000629,0.0025258999994548503,-0.006694285372880953,0,0,,,initial_incumbent
large_k,bnb,fista_dual_lbfgs,10,3,5,1100020,3,gap_limit,0.13503730000047653,0.00254280000081053,-0.006694285372880953,0,0,,,initial_incumbent
large_k,bnb,gurobi,10,3,5,1100020,3,optimal,0.0396798999991006,0.0390306999997847,-0.006694285372880953,1.0,5,,,exact_binary_perspective_miqcp
large_k,bnb,mosek,10,3,5,1100020,3,optimal,0.02027509999970789,0.019717600000149105,-0.006694285372880953,0,1,,,exact_binary_perspective_misocp
large_k,bnb,fista_dual_fista,10,3,5,1100021,4,gap_limit,0.14681799999925715,0.0026163000002270564,-0.006451317961914611,0,0,,,initial_incumbent
large_k,bnb,fista_dual_lbfgs,10,3,5,1100021,4,gap_limit,0.12863060000017867,0.0026424000006954884,-0.006451317961914611,0,0,,,initial_incumbent
large_k,bnb,gurobi,10,3,5,1100021,4,optimal,0.02783860000090499,0.027307000000291737,-0.006451317961914611,1.0,2,,,exact_binary_perspective_miqcp
large_k,bnb,mosek,10,3,5,1100021,4,optimal,0.01374020000002929,0.013185400001020753,-0.006451317961914611,0,1,,,exact_binary_perspective_misocp
large_k,bnb,fista_dual_fista,10,3,5,1100022,5,gap_limit,0.18123469999954978,0.00626639999973122,-0.00661355484208191,0,0,,,initial_incumbent
large_k,bnb,fista_dual_lbfgs,10,3,5,1100022,5,gap_limit,0.13267760000053386,0.0025141999994957587,-0.00661355484208191,0,0,,,initial_incumbent
large_k,bnb,gurobi,10,3,5,1100022,5,optimal,0.030385099998966325,0.02989999999954307,-0.00661355484208191,1.0,2,,,exact_binary_perspective_miqcp
large_k,bnb,mosek,10,3,5,1100022,5,optimal,0.014345999999932246,0.013806799999656505,-0.00661355484208191,0,1,,,exact_binary_perspective_misocp
large_k,bnb,fista_dual_fista,10,3,5,1100023,6,gap_limit,0.14055569999982254,0.002676699999938137,-0.006831679724292737,0,0,,,initial_incumbent
large_k,bnb,fista_dual_lbfgs,10,3,5,1100023,6,gap_limit,0.1275232000007236,0.0024991000009322306,-0.006831679724292737,0,0,,,initial_incumbent
large_k,bnb,gurobi,10,3,5,1100023,6,optimal,0.027568999999857624,0.02707399999962945,-0.006831679724292737,1.0,2,,,exact_binary_perspective_miqcp
large_k,bnb,mosek,10,3,5,1100023,6,optimal,0.013968600000225706,0.013338999999177759,-0.006831679724292737,0,1,,,exact_binary_perspective_misocp
large_k,bnb,fista_dual_fista,10,3,5,1100024,7,gap_limit,0.1619484000002558,0.0024539000005461276,-0.006844602262201253,0,0,,,initial_incumbent
large_k,bnb,fista_dual_lbfgs,10,3,5,1100024,7,gap_limit,0.12419499999850814,0.0026646000005712267,-0.006844602262201253,0,0,,,initial_incumbent
large_k,bnb,gurobi,10,3,5,1100024,7,optimal,0.027927299999646493,0.02747770000132732,-0.006844602262201253,1.0,3,,,exact_binary_perspective_miqcp
large_k,bnb,mosek,10,3,5,1100024,7,optimal,0.013761299998805043,0.01322959999924933,-0.006844602262201253,0,1,,,exact_binary_perspective_misocp
large_k,bnb,fista_dual_fista,10,3,5,1100025,8,gap_limit,0.16071920000104,0.002408399999694666,-0.0058729835426481565,0,0,,,initial_incumbent
large_k,bnb,fista_dual_lbfgs,10,3,5,1100025,8,gap_limit,0.1364291999998386,0.002525699999750941,-0.0058729835426481565,0,0,,,initial_incumbent
large_k,bnb,gurobi,10,3,5,1100025,8,optimal,0.03658980000000156,0.03609460000006948,-0.0058729835426481565,1.0,2,,,exact_binary_perspective_miqcp
large_k,bnb,mosek,10,3,5,1100025,8,optimal,0.021667099999831407,0.021103299999595038,-0.0058729835426481565,0,1,,,exact_binary_perspective_misocp
large_k,bnb,fista_dual_fista,10,3,5,1100026,9,gap_limit,0.15136560000064492,0.0025255999989894917,-0.006218765561956181,0,0,,,initial_incumbent
large_k,bnb,fista_dual_lbfgs,10,3,5,1100026,9,gap_limit,0.13373090000095544,0.0024508000005880604,-0.006218765561956181,0,0,,,initial_incumbent
large_k,bnb,gurobi,10,3,5,1100026,9,optimal,0.03496369999993476,0.0344781999992847,-0.006218765561956181,1.0,2,,,exact_binary_perspective_miqcp
large_k,bnb,mosek,10,3,5,1100026,9,optimal,0.014876400000503054,0.014328699999168748,-0.006218765561956181,0,1,,,exact_binary_perspective_misocp
large_k,bnb,fista_dual_fista,20,3,10,1200017,0,gap_limit,0.36513539999941713,0.0027592000005824957,-0.004989815807083622,0,0,,,initial_incumbent
large_k,bnb,fista_dual_lbfgs,20,3,10,1200017,0,gap_limit,0.17097739999917394,0.003038400000150432,-0.004989815807083622,0,0,,,initial_incumbent
large_k,bnb,gurobi,20,3,10,1200017,0,optimal,0.07541789999959292,0.07460119999996095,-0.004989815807083622,1.0,2,,,exact_binary_perspective_miqcp
large_k,bnb,mosek,20,3,10,1200017,0,optimal,0.10365880000063044,0.1020595999998477,-0.004989815807083622,3,2,,,exact_binary_perspective_misocp
large_k,bnb,fista_dual_fista,20,3,10,1200018,1,gap_limit,0.30559290000019246,0.0028437000000849366,-0.005039446965353397,0,0,,,initial_incumbent
large_k,bnb,fista_dual_lbfgs,20,3,10,1200018,1,gap_limit,0.17010879999907047,0.0025206000009347918,-0.005039446965353397,0,0,,,initial_incumbent
large_k,bnb,gurobi,20,3,10,1200018,1,optimal,0.07884500000000116,0.07827689999976428,-0.005039446965353397,4.0,4,,,exact_binary_perspective_miqcp
large_k,bnb,mosek,20,3,10,1200018,1,optimal,0.059929200000624405,0.05932169999869075,-0.005039446965353397,5,2,,,exact_binary_perspective_misocp
large_k,bnb,fista_dual_fista,20,3,10,1200019,2,gap_limit,0.27649190000011004,0.0025243999989470467,-0.00524293990273552,0,0,,,initial_incumbent
large_k,bnb,fista_dual_lbfgs,20,3,10,1200019,2,gap_limit,0.16005549999863433,0.0024847000004228903,-0.00524293990273552,0,0,,,initial_incumbent
large_k,bnb,gurobi,20,3,10,1200019,2,optimal,0.06603670000004058,0.06530219999876863,-0.00524293990273552,1.0,2,,,exact_binary_perspective_miqcp
large_k,bnb,mosek,20,3,10,1200019,2,optimal,0.05864050000127463,0.058054399998582085,-0.00524293990273552,3,2,,,exact_binary_perspective_misocp
large_k,bnb,fista_dual_fista,20,3,10,1200020,3,gap_limit,0.27282740000009653,0.002636200000779354,-0.005271642843915627,0,0,,,initial_incumbent
large_k,bnb,fista_dual_lbfgs,20,3,10,1200020,3,gap_limit,0.15638819999912812,0.002450799998769071,-0.005271642843915627,0,0,,,initial_incumbent
large_k,bnb,gurobi,20,3,10,1200020,3,optimal,0.07073660000060045,0.07008390000009967,-0.005271642843915627,1.0,2,,,exact_binary_perspective_miqcp
large_k,bnb,mosek,20,3,10,1200020,3,optimal,0.05773319999934756,0.05715129999953206,-0.005271642843915627,3,2,,,exact_binary_perspective_misocp
large_k,bnb,fista_dual_fista,20,3,10,1200021,4,gap_limit,0.4121757000011712,0.0025642999989941018,-0.0052126759777812,0,0,,,initial_incumbent
large_k,bnb,fista_dual_lbfgs,20,3,10,1200021,4,gap_limit,0.16887540000061563,0.0030084999998507556,-0.0052126759777812,0,0,,,initial_incumbent
large_k,bnb,gurobi,20,3,10,1200021,4,optimal,0.09334099999978207,0.09263519999876735,-0.0052126759777812,3.0,3,,,exact_binary_perspective_miqcp
large_k,bnb,mosek,20,3,10,1200021,4,optimal,0.06787869999971008,0.06729160000031698,-0.0052126759777812,5,1,,,exact_binary_perspective_misocp
large_k,bnb,fista_dual_fista,20,3,10,1200022,5,gap_limit,0.2711514000002353,0.0029518999999709195,-0.005138771133338934,0,0,,,initial_incumbent
large_k,bnb,fista_dual_lbfgs,20,3,10,1200022,5,gap_limit,0.1569727000005514,0.002982699999847682,-0.005138771133338934,0,0,,,initial_incumbent
large_k,bnb,gurobi,20,3,10,1200022,5,optimal,0.07369540000036068,0.0730344999992667,-0.005138771133338934,1.0,3,,,exact_binary_perspective_miqcp
large_k,bnb,mosek,20,3,10,1200022,5,optimal,0.02557859999978973,0.024958699999842793,-0.005138771133338934,0,1,,,exact_binary_perspective_misocp
large_k,bnb,fista_dual_fista,20,3,10,1200023,6,gap_limit,0.3554610000010143,0.0027425000007497147,-0.004956314153079403,0,0,,,initial_incumbent
large_k,bnb,fista_dual_lbfgs,20,3,10,1200023,6,gap_limit,0.1684218000009423,0.0025879000004351838,-0.004956314153079403,0,0,,,initial_incumbent
large_k,bnb,gurobi,20,3,10,1200023,6,optimal,0.08032669999920472,0.07959099999970931,-0.004956314153079403,1.0,2,,,exact_binary_perspective_miqcp
large_k,bnb,mosek,20,3,10,1200023,6,optimal,0.056331300000238116,0.05579860000034387,-0.004956314153079403,3,2,,,exact_binary_perspective_misocp
large_k,bnb,fista_dual_fista,20,3,10,1200024,7,gap_limit,0.36082619999979215,0.0025052999990293756,-0.004808127952263937,0,0,,,initial_incumbent
large_k,bnb,fista_dual_lbfgs,20,3,10,1200024,7,gap_limit,0.16618639999978768,0.002549400000134483,-0.004808127952263937,0,0,,,initial_incumbent
large_k,bnb,gurobi,20,3,10,1200024,7,optimal,0.08471629999985453,0.08404020000125456,-0.004808127952263937,2.0,2,,,exact_binary_perspective_miqcp
large_k,bnb,mosek,20,3,10,1200024,7,optimal,0.05975839999882737,0.059193400000367546,-0.004808127952263937,5,1,,,exact_binary_perspective_misocp
large_k,bnb,fista_dual_fista,20,3,10,1200025,8,gap_limit,0.18615259999933187,0.002434400001220638,-0.0051939440057441055,0,0,,,initial_incumbent
large_k,bnb,fista_dual_lbfgs,20,3,10,1200025,8,gap_limit,0.15077620000010938,0.0025265000003855675,-0.0051939440057441055,0,0,,,initial_incumbent
large_k,bnb,gurobi,20,3,10,1200025,8,optimal,0.04565139999976964,0.04508419999910984,-0.0051939440057441055,1.0,1,,,exact_binary_perspective_miqcp
large_k,bnb,mosek,20,3,10,1200025,8,optimal,0.02943529999902239,0.028865300000688876,-0.0051939440057441055,0,1,,,exact_binary_perspective_misocp
large_k,bnb,fista_dual_fista,20,3,10,1200026,9,gap_limit,0.44574620000094,0.002486399998815614,-0.0051702993667332095,0,0,,,initial_incumbent
large_k,bnb,fista_dual_lbfgs,20,3,10,1200026,9,gap_limit,0.1745115000012447,0.0024884000013116747,-0.0051702993667332095,0,0,,,initial_incumbent
large_k,bnb,gurobi,20,3,10,1200026,9,optimal,0.07568160000118951,0.0749273000001267,-0.0051702993667332095,1.0,5,,,exact_binary_perspective_miqcp
large_k,bnb,mosek,20,3,10,1200026,9,optimal,0.058296100000006845,0.057763500000874046,-0.0051702993667332095,3,2,,,exact_binary_perspective_misocp
large_k,bnb,fista_dual_fista,30,3,15,1300017,0,gap_limit,0.4592178999992029,0.05040550000012445,-0.0029158016055526627,11,0,,,initial_incumbent
large_k,bnb,fista_dual_lbfgs,30,3,15,1300017,0,gap_limit,0.2240935999998328,0.04938969999966503,-0.0029158016055526627,11,0,,,initial_incumbent
large_k,bnb,gurobi,30,3,15,1300017,0,optimal,0.14045289999921806,0.13950320000003558,-0.0029158016055526627,6.0,2,,,exact_binary_perspective_miqcp
large_k,bnb,mosek,30,3,15,1300017,0,optimal,0.1242050000000745,0.12360369999987597,-0.0029158016055526627,13,1,,,exact_binary_perspective_misocp
large_k,bnb,fista_dual_fista,30,3,15,1300018,1,gap_limit,0.33604689999992843,0.0025615000013203826,-0.003675884503980863,0,0,,,initial_incumbent
large_k,bnb,fista_dual_lbfgs,30,3,15,1300018,1,gap_limit,0.1745282000010775,0.0027401999996072846,-0.003675884503980863,0,0,,,initial_incumbent
large_k,bnb,gurobi,30,3,15,1300018,1,optimal,0.12821679999979096,0.12751759999991918,-0.003675884503980863,1.0,2,,,exact_binary_perspective_miqcp
large_k,bnb,mosek,30,3,15,1300018,1,optimal,0.10553649999928894,0.1049529000010807,-0.003675884503980863,3,1,,,exact_binary_perspective_misocp
large_k,bnb,fista_dual_fista,30,3,15,1300019,2,gap_limit,0.3645904999993945,0.01885969999966619,-0.003375272853855315,4,0,,,initial_incumbent
large_k,bnb,fista_dual_lbfgs,30,3,15,1300019,2,gap_limit,0.21533570000065083,0.02972330000011425,-0.003375272853855315,4,0,,,initial_incumbent
large_k,bnb,gurobi,30,3,15,1300019,2,optimal,0.16627530000005208,0.16532500000175787,-0.003375272853855315,6.0,2,,,exact_binary_perspective_miqcp
large_k,bnb,mosek,30,3,15,1300019,2,optimal,0.15807800000038696,0.15724260000024515,-0.003375272853855315,7,1,,,exact_binary_perspective_misocp
large_k,bnb,fista_dual_fista,30,3,15,1300020,3,gap_limit,0.39017839999905846,0.0029483999987860443,-0.0035401103857920623,0,0,,,initial_incumbent
large_k,bnb,fista_dual_lbfgs,30,3,15,1300020,3,gap_limit,0.19533360000059474,0.003052799998840783,-0.0035401103857920623,0,0,,,initial_incumbent
large_k,bnb,gurobi,30,3,15,1300020,3,optimal,0.1477656000006391,0.1469089999991411,-0.0035401103857920623,1.0,2,,,exact_binary_perspective_miqcp
large_k,bnb,mosek,30,3,15,1300020,3,optimal,0.12380490000032296,0.12261419999958889,-0.0035401103857920623,3,2,,,exact_binary_perspective_misocp
large_k,bnb,fista_dual_fista,30,3,15,1300021,4,gap_limit,0.5315489999993588,0.003569900000002235,-0.003156236295403264,0,0,,,initial_incumbent
large_k,bnb,fista_dual_lbfgs,30,3,15,1300021,4,gap_limit,0.19582210000044142,0.0028345000009721844,-0.003156236295403264,0,0,,,initial_incumbent
large_k,bnb,gurobi,30,3,15,1300021,4,optimal,0.15132919999996375,0.15047779999986233,-0.003156236295403264,4.0,4,,,exact_binary_perspective_miqcp
large_k,bnb,mosek,30,3,15,1300021,4,optimal,0.1089657000011357,0.10838280000098166,-0.003156236295403264,7,1,,,exact_binary_perspective_misocp
large_k,bnb,fista_dual_fista,30,3,15,1300022,5,gap_limit,0.3501534000006359,0.0028688999991572928,-0.0038620736810925996,0,0,,,initial_incumbent
large_k,bnb,fista_dual_lbfgs,30,3,15,1300022,5,gap_limit,0.17613619999974617,0.0026331999997637467,-0.0038620736810925996,0,0,,,initial_incumbent
large_k,bnb,gurobi,30,3,15,1300022,5,optimal,0.147494300001199,0.14682549999997718,-0.0038620736810925996,5.0,3,,,exact_binary_perspective_miqcp
large_k,bnb,mosek,30,3,15,1300022,5,optimal,0.10927389999960724,0.10870479999903182,-0.0038620736810925996,9,2,,,exact_binary_perspective_misocp
large_k,bnb,fista_dual_fista,30,3,15,1300023,6,gap_limit,0.3581073000004835,0.002640499998960877,-0.003750919327210866,0,0,,,initial_incumbent
large_k,bnb,fista_dual_lbfgs,30,3,15,1300023,6,gap_limit,0.16471699999965494,0.002703599999222206,-0.003750919327210866,0,0,,,initial_incumbent
large_k,bnb,gurobi,30,3,15,1300023,6,optimal,0.13208180000037828,0.13128899999901478,-0.003750919327210866,3.0,3,,,exact_binary_perspective_miqcp
large_k,bnb,mosek,30,3,15,1300023,6,optimal,0.09407589999864285,0.09343300000000454,-0.003750919327210866,5,2,,,exact_binary_perspective_misocp
large_k,bnb,fista_dual_fista,30,3,15,1300024,7,gap_limit,0.21183079999900656,0.0024365999997826293,-0.0037055076288436753,0,0,,,initial_incumbent
large_k,bnb,fista_dual_lbfgs,30,3,15,1300024,7,gap_limit,0.14224660000036238,0.002542399999583722,-0.0037055076288436753,0,0,,,initial_incumbent
large_k,bnb,gurobi,30,3,15,1300024,7,optimal,0.09131460000025982,0.09074719999989611,-0.0037055076288436753,1.0,1,,,exact_binary_perspective_miqcp
large_k,bnb,mosek,30,3,15,1300024,7,optimal,0.03701000000000931,0.035560500000428874,-0.0037055076288436753,0,1,,,exact_binary_perspective_misocp
large_k,bnb,fista_dual_fista,30,3,15,1300025,8,gap_limit,0.35445179999987886,0.0027496999991853954,-0.0036329696763034106,0,0,,,initial_incumbent
large_k,bnb,fista_dual_lbfgs,30,3,15,1300025,8,gap_limit,0.21595699999852513,0.0030935000013414538,-0.0036329696763034106,0,0,,,initial_incumbent
large_k,bnb,gurobi,30,3,15,1300025,8,optimal,0.18110909999995783,0.18001559999902383,-0.0036329696763034106,3.0,2,,,exact_binary_perspective_miqcp
large_k,bnb,mosek,30,3,15,1300025,8,optimal,0.1377809999994497,0.13622870000108378,-0.0036329696763034106,5,1,,,exact_binary_perspective_misocp
large_k,bnb,fista_dual_fista,30,3,15,1300026,9,gap_limit,0.45724929999960295,0.002764299999398645,-0.0034865845480428273,0,0,,,initial_incumbent
large_k,bnb,fista_dual_lbfgs,30,3,15,1300026,9,gap_limit,0.1835397999984707,0.0026641999993444188,-0.0034865845480428273,0,0,,,initial_incumbent
large_k,bnb,gurobi,30,3,15,1300026,9,optimal,0.13884809999944991,0.1380220000010013,-0.0034865845480428273,7.0,3,,,exact_binary_perspective_miqcp
large_k,bnb,mosek,30,3,15,1300026,9,optimal,0.09384499999941909,0.09325689999968745,-0.0034865845480428273,7,1,,,exact_binary_perspective_misocp
large_k,bnb,fista_dual_fista,50,3,25,1500017,0,gap_limit,0.46647959999972954,0.0026789000003191177,-0.0012788474441311152,0,0,,,initial_incumbent
large_k,bnb,fista_dual_lbfgs,50,3,25,1500017,0,gap_limit,0.18603540000003704,0.002547500000218861,-0.0012788474441311152,0,0,,,initial_incumbent
large_k,bnb,gurobi,50,3,25,1500017,0,optimal,0.30913390000023355,0.3082500999989861,-0.0012788474441311152,5.0,2,,,exact_binary_perspective_miqcp
large_k,bnb,mosek,50,3,25,1500017,0,optimal,0.16032429999904707,0.15977589999965858,-0.0012788474441311152,5,2,,,exact_binary_perspective_misocp
large_k,bnb,fista_dual_fista,50,3,25,1500018,1,gap_limit,0.3752623999989737,0.0024753999987296993,-0.0013044604680520627,0,0,,,initial_incumbent
large_k,bnb,fista_dual_lbfgs,50,3,25,1500018,1,gap_limit,0.16715410000142583,0.002449999999953434,-0.0013044604680520627,0,0,,,initial_incumbent
large_k,bnb,gurobi,50,3,25,1500018,1,optimal,0.3412282999997842,0.34006370000133757,-0.0013044604680520627,1.0,2,,,exact_binary_perspective_miqcp
large_k,bnb,mosek,50,3,25,1500018,1,optimal,0.15123190000122122,0.1506626000009419,-0.0013044604680520627,5,1,,,exact_binary_perspective_misocp
large_k,bnb,fista_dual_fista,50,3,25,1500019,2,gap_limit,0.3647230999995372,0.0026307999996788567,-0.0013440461561655109,0,0,,,initial_incumbent
large_k,bnb,fista_dual_lbfgs,50,3,25,1500019,2,gap_limit,0.18620779999946535,0.00279450000016368,-0.0013440461561655109,0,0,,,initial_incumbent
large_k,bnb,gurobi,50,3,25,1500019,2,optimal,0.40591870000025665,0.40496969999912835,-0.0013440461561655109,5.0,2,,,exact_binary_perspective_miqcp
large_k,bnb,mosek,50,3,25,1500019,2,optimal,0.16504369999893242,0.16444469999987632,-0.0013440461561655109,5,1,,,exact_binary_perspective_misocp
large_k,bnb,fista_dual_fista,50,3,25,1500020,3,gap_limit,0.5576685999985784,0.0028579999998328276,-0.0011364265605164191,0,0,,,initial_incumbent
large_k,bnb,fista_dual_lbfgs,50,3,25,1500020,3,gap_limit,0.20775070000127016,0.002707600000576349,-0.0011364265605164191,0,0,,,initial_incumbent
large_k,bnb,gurobi,50,3,25,1500020,3,optimal,0.35212590000082855,0.3511833000011393,-0.0011364265605164191,7.0,2,,,exact_binary_perspective_miqcp
large_k,bnb,mosek,50,3,25,1500020,3,optimal,0.16545620000033523,0.1648440999997547,-0.0011364265605164191,7,1,,,exact_binary_perspective_misocp
large_k,bnb,fista_dual_fista,50,3,25,1500021,4,gap_limit,0.49655319999874337,0.002515400001357193,-0.0013603163266140694,0,0,,,initial_incumbent
large_k,bnb,fista_dual_lbfgs,50,3,25,1500021,4,gap_limit,0.18961639999906765,0.0026474999995116377,-0.0013603163266140694,0,0,,,initial_incumbent
large_k,bnb,gurobi,50,3,25,1500021,4,optimal,0.29626749999988533,0.2952796000008675,-0.0013603163266140694,7.0,5,,,exact_binary_perspective_miqcp
large_k,bnb,mosek,50,3,25,1500021,4,optimal,0.19819959999949788,0.19765690000167524,-0.0013603163266140694,9,2,,,exact_binary_perspective_misocp
large_k,bnb,fista_dual_fista,50,3,25,1500022,5,gap_limit,0.4096812999996473,0.0025635999991209246,-0.0009841374283082564,0,0,,,initial_incumbent
large_k,bnb,fista_dual_lbfgs,50,3,25,1500022,5,gap_limit,0.23639150000053633,0.0026770000004034955,-0.0009841374283082564,0,0,,,initial_incumbent
large_k,bnb,gurobi,50,3,25,1500022,5,optimal,0.31655529999989085,0.3156295000007958,-0.0009841374283082564,5.0,2,,,exact_binary_perspective_miqcp
large_k,bnb,mosek,50,3,25,1500022,5,optimal,0.19982100000015635,0.19909910000023956,-0.0009841374283082564,13,1,,,exact_binary_perspective_misocp
large_k,bnb,fista_dual_fista,50,3,25,1500023,6,gap_limit,0.39673129999937373,0.002548499998738407,-0.001410987764572406,0,0,,,initial_incumbent
large_k,bnb,fista_dual_lbfgs,50,3,25,1500023,6,gap_limit,0.17477970000072673,0.0026574000003165565,-0.001410987764572406,0,0,,,initial_incumbent
large_k,bnb,gurobi,50,3,25,1500023,6,optimal,0.29503420000037295,0.2941857000005257,-0.001410987764572406,3.0,2,,,exact_binary_perspective_miqcp
large_k,bnb,mosek,50,3,25,1500023,6,optimal,0.1707975000008446,0.17014209999979357,-0.001410987764572406,3,1,,,exact_binary_perspective_misocp
large_k,bnb,fista_dual_fista,50,3,25,1500024,7,gap_limit,0.4821883999993588,0.002487099998688791,-0.0011895418525149914,0,0,,,initial_incumbent
large_k,bnb,fista_dual_lbfgs,50,3,25,1500024,7,gap_limit,0.18764869999904477,0.0025188999989040894,-0.0011895418525149914,0,0,,,initial_incumbent
large_k,bnb,gurobi,50,3,25,1500024,7,optimal,0.28459939999993367,0.28369089999978314,-0.0011895418525149914,3.0,2,,,exact_binary_perspective_miqcp
large_k,bnb,mosek,50,3,25,1500024,7,optimal,0.17600860000129614,0.17545960000097693,-0.0011895418525149914,7,2,,,exact_binary_perspective_misocp
large_k,bnb,fista_dual_fista,50,3,25,1500025,8,gap_limit,0.31623949999993783,0.002511200000299141,-0.0011594481984727283,0,0,,,initial_incumbent
large_k,bnb,fista_dual_lbfgs,50,3,25,1500025,8,gap_limit,0.16502530000070692,0.0027043000009143725,-0.0011594481984727283,0,0,,,initial_incumbent
large_k,bnb,gurobi,50,3,25,1500025,8,optimal,0.29900909999923897,0.29810120000001916,-0.0011594481984727283,5.0,2,,,exact_binary_perspective_miqcp
large_k,bnb,mosek,50,3,25,1500025,8,optimal,0.1638760000005277,0.1633081999989372,-0.0011594481984727283,7,1,,,exact_binary_perspective_misocp
large_k,bnb,fista_dual_fista,50,3,25,1500026,9,gap_limit,0.4942369000000326,0.0027568999994400656,-0.0011425432530800615,0,0,,,initial_incumbent
large_k,bnb,fista_dual_lbfgs,50,3,25,1500026,9,gap_limit,0.1899665000000823,0.0026127000000997214,-0.0011425432530800615,0,0,,,initial_incumbent
large_k,bnb,gurobi,50,3,25,1500026,9,optimal,0.32923140000093554,0.32825469999988854,-0.0011425432530800615,10.0,3,,,exact_binary_perspective_miqcp
large_k,bnb,mosek,50,3,25,1500026,9,optimal,0.18917179999880318,0.18860750000021653,-0.0011425432530800615,13,2,,,exact_binary_perspective_misocp
large_k,bnb,fista_dual_fista,100,5,50,2000017,0,gap_limit,0.49566430000049877,0.0026968000001943437,-0.0030507142678343115,0,0,,,initial_incumbent
large_k,bnb,fista_dual_lbfgs,100,5,50,2000017,0,gap_limit,0.2041261000013037,0.0025989000005210983,-0.0030507142678343115,0,0,,,initial_incumbent
large_k,bnb,gurobi,100,5,50,2000017,0,optimal,1.0191451999999117,1.0178863999990426,-0.0030507142678343115,12.0,5,,,exact_binary_perspective_miqcp
large_k,bnb,mosek,100,5,50,2000017,0,optimal,0.8106908000008843,0.8101086000006035,-0.0030507142678343115,23,3,,,exact_binary_perspective_misocp
large_k,bnb,fista_dual_fista,100,5,50,2000018,1,gap_limit,0.526099400000021,0.0026545000000623986,-0.0030780463806875935,0,0,,,initial_incumbent
large_k,bnb,fista_dual_lbfgs,100,5,50,2000018,1,gap_limit,0.20060410000041884,0.002642899999045767,-0.0030780463806875935,0,0,,,initial_incumbent
large_k,bnb,gurobi,100,5,50,2000018,1,optimal,1.045540200000687,1.0444275999998354,-0.0030780463806875935,23.0,4,,,exact_binary_perspective_miqcp
large_k,bnb,mosek,100,5,50,2000018,1,optimal,1.2329759999993257,1.2324109000001044,-0.0030780463806875935,35,3,,,exact_binary_perspective_misocp
large_k,bnb,fista_dual_fista,100,5,50,2000019,2,gap_limit,0.5214333999992959,0.00273639999977604,-0.0031503011656099974,0,0,,,initial_incumbent
large_k,bnb,fista_dual_lbfgs,100,5,50,2000019,2,gap_limit,0.27831789999981993,0.002824799999871175,-0.0031503011656099974,0,0,,,initial_incumbent
large_k,bnb,gurobi,100,5,50,2000019,2,optimal,1.1026579000008496,1.1002945000000182,-0.0031503011656099974,24.0,4,,,exact_binary_perspective_miqcp
large_k,bnb,mosek,100,5,50,2000019,2,optimal,0.6120652000008704,0.6115069999996194,-0.0031503011656099974,9,1,,,exact_binary_perspective_misocp
large_k,bnb,fista_dual_fista,100,5,50,2000020,3,gap_limit,0.46769920000042475,0.0026092999996762956,-0.0031804180571282873,0,0,,,initial_incumbent
large_k,bnb,fista_dual_lbfgs,100,5,50,2000020,3,gap_limit,0.19973550000031537,0.002946700000393321,-0.0031804180571282873,0,0,,,initial_incumbent
large_k,bnb,gurobi,100,5,50,2000020,3,optimal,0.9758977000001323,0.9745822999993834,-0.0031804180571282873,29.0,2,,,exact_binary_perspective_miqcp
large_k,bnb,mosek,100,5,50,2000020,3,optimal,0.6509476000010181,0.6503766999994696,-0.0031804180571282873,9,1,,,exact_binary_perspective_misocp
large_k,bnb,fista_dual_fista,100,5,50,2000021,4,gap_limit,0.5218798000005336,0.002817200000208686,-0.003170023460866698,0,0,,,initial_incumbent
large_k,bnb,fista_dual_lbfgs,100,5,50,2000021,4,gap_limit,0.2340777999997954,0.0027699999991455115,-0.003170023460866698,0,0,,,initial_incumbent
large_k,bnb,gurobi,100,5,50,2000021,4,optimal,1.0330754000005982,1.030988399999842,-0.003170023460866698,18.0,3,,,exact_binary_perspective_miqcp
large_k,bnb,mosek,100,5,50,2000021,4,optimal,0.8276710999998613,0.8271124000002601,-0.003170023460866698,23,3,,,exact_binary_perspective_misocp
large_k,bnb,fista_dual_fista,100,5,50,2000022,5,gap_limit,0.47315749999870604,0.0025671000003057998,-0.003226165303687578,0,0,,,initial_incumbent
large_k,bnb,fista_dual_lbfgs,100,5,50,2000022,5,gap_limit,0.20661089999885007,0.0025735999988683034,-0.003226165303687578,0,0,,,initial_incumbent
large_k,bnb,gurobi,100,5,50,2000022,5,optimal,1.1733266999999614,1.1720619999996416,-0.003226165303687578,15.0,4,,,exact_binary_perspective_miqcp
large_k,bnb,mosek,100,5,50,2000022,5,optimal,0.5929796999989776,0.592359000000215,-0.003226165303687578,11,2,,,exact_binary_perspective_misocp
large_k,bnb,fista_dual_fista,100,5,50,2000023,6,gap_limit,0.5098636000002443,0.0028800000000046566,-0.003072205835724491,0,0,,,initial_incumbent
large_k,bnb,fista_dual_lbfgs,100,5,50,2000023,6,gap_limit,0.2114051999997173,0.0026395000004413305,-0.003072205835724491,0,0,,,initial_incumbent
large_k,bnb,gurobi,100,5,50,2000023,6,optimal,1.0264578000005713,1.0253498000001855,-0.003072205835724491,29.0,7,,,exact_binary_perspective_miqcp
large_k,bnb,mosek,100,5,50,2000023,6,optimal,0.6219500999995944,0.6212093000012828,-0.003072205835724491,9,2,,,exact_binary_perspective_misocp
large_k,bnb,fista_dual_fista,100,5,50,2000024,7,gap_limit,0.4458230000000185,0.0027336999992257915,-0.003205331531577064,0,0,,,initial_incumbent
large_k,bnb,fista_dual_lbfgs,100,5,50,2000024,7,gap_limit,0.2646135000013601,0.0030091000007814728,-0.003205331531577064,0,0,,,initial_incumbent
large_k,bnb,gurobi,100,5,50,2000024,7,optimal,1.0937013999991905,1.0924354999988282,-0.003205331531577064,5.0,6,,,exact_binary_perspective_miqcp
large_k,bnb,mosek,100,5,50,2000024,7,optimal,0.6771123999988049,0.676543199999287,-0.003205331531577064,17,2,,,exact_binary_perspective_misocp
large_k,bnb,fista_dual_fista,100,5,50,2000025,8,gap_limit,0.4213542999987112,0.002657600000020466,-0.0032384754413521625,0,0,,,initial_incumbent
large_k,bnb,fista_dual_lbfgs,100,5,50,2000025,8,gap_limit,0.194359600000098,0.0026034999991679797,-0.0032384754413521625,0,0,,,initial_incumbent
large_k,bnb,gurobi,100,5,50,2000025,8,optimal,0.9576441000008344,0.9565462999998999,-0.0032384754413521625,8.0,3,,,exact_binary_perspective_miqcp
large_k,bnb,mosek,100,5,50,2000025,8,optimal,0.6124786000000313,0.6119074000016553,-0.0032384754413521625,5,1,,,exact_binary_perspective_misocp
large_k,bnb,fista_dual_fista,100,5,50,2000026,9,gap_limit,0.5955053999987285,0.0027868000015587313,-0.0030192955828119827,0,0,,,initial_incumbent
large_k,bnb,fista_dual_lbfgs,100,5,50,2000026,9,gap_limit,0.2143292000000656,0.002651200000400422,-0.0030192955828119827,0,0,,,initial_incumbent
large_k,bnb,gurobi,100,5,50,2000026,9,optimal,0.9771394999988843,0.9751650000016525,-0.0030192955828119827,42.0,3,,,exact_binary_perspective_miqcp
large_k,bnb,mosek,100,5,50,2000026,9,optimal,0.7713074999992386,0.770743200000652,-0.0030192955828119827,17,1,,,exact_binary_perspective_misocp
large_k,bnb,fista_dual_fista,300,15,50,4000017,0,gap_limit,0.642590299999938,0.0035594999990280485,-0.0075354161835204,0,0,,,initial_incumbent
large_k,bnb,fista_dual_lbfgs,300,15,50,4000017,0,gap_limit,0.24965999999949418,0.0029780000004393514,-0.0075354161835204,0,0,,,initial_incumbent
large_k,bnb,gurobi,300,15,50,4000017,0,time_limit,1.5278421000002709,1.5247347000004083,-0.00641495304167407,1.0,9,,,exact_binary_perspective_miqcp
large_k,bnb,mosek,300,15,50,4000017,0,time_limit,1.534932900000058,1.534260999998878,-0.0075354161835204,0,1,,,exact_binary_perspective_misocp
large_k,bnb,fista_dual_fista,300,15,50,4000018,1,gap_limit,0.6517052999988664,0.003111199999693781,-0.007456825410040416,0,0,,,initial_incumbent
large_k,bnb,fista_dual_lbfgs,300,15,50,4000018,1,gap_limit,0.252622899999551,0.0033455000011599623,-0.007456825410040416,0,0,,,initial_incumbent
large_k,bnb,gurobi,300,15,50,4000018,1,time_limit,1.5382672999985516,1.5352987999995094,-0.0061238118190676824,1.0,6,,,exact_binary_perspective_miqcp
large_k,bnb,mosek,300,15,50,4000018,1,time_limit,1.5546057999999903,1.5540289000000485,-0.007456825410040416,0,1,,,exact_binary_perspective_misocp
large_k,bnb,fista_dual_fista,300,15,50,4000019,2,gap_limit,0.7265804999988177,0.003074700000070152,-0.007538713443062275,0,0,,,initial_incumbent
large_k,bnb,fista_dual_lbfgs,300,15,50,4000019,2,gap_limit,0.261223899999095,0.003068600000915467,-0.007538713443062275,0,0,,,initial_incumbent
large_k,bnb,gurobi,300,15,50,4000019,2,time_limit,1.538380200001484,1.5368792000008398,-0.006921558970624642,1.0,6,,,exact_binary_perspective_miqcp
large_k,bnb,mosek,300,15,50,4000019,2,time_limit,1.544076700000005,1.5435078000009526,-0.007538713443062275,0,1,,,exact_binary_perspective_misocp
large_k,bnb,fista_dual_fista,300,15,50,4000020,3,gap_limit,0.6339375000006839,0.0030172000006132293,-0.007580361194629598,0,0,,,initial_incumbent
large_k,bnb,fista_dual_lbfgs,300,15,50,4000020,3,gap_limit,0.2324585999995179,0.003038599999854341,-0.007580361194629598,0,0,,,initial_incumbent
large_k,bnb,gurobi,300,15,50,4000020,3,time_limit,1.5305668000000878,1.5274454999998852,-0.0070156212088853505,1.0,6,,,exact_binary_perspective_miqcp
large_k,bnb,mosek,300,15,50,4000020,3,time_limit,1.7459478000000672,1.7453175999999075,-0.007580361194629598,0,1,,,exact_binary_perspective_misocp
large_k,bnb,fista_dual_fista,300,15,50,4000021,4,gap_limit,0.7408025000004272,0.003487100000711507,-0.007579032670665638,0,0,,,initial_incumbent
large_k,bnb,fista_dual_lbfgs,300,15,50,4000021,4,gap_limit,0.26070179999987886,0.003179300001647789,-0.007579032670665638,0,0,,,initial_incumbent
large_k,bnb,gurobi,300,15,50,4000021,4,time_limit,1.550336199999947,1.5470269000015833,-0.007577763938656979,1.0,6,,,exact_binary_perspective_miqcp
large_k,bnb,mosek,300,15,50,4000021,4,time_limit,1.6954870999998093,1.6942858999991586,-0.007554411822306834,0,1,,,exact_binary_perspective_misocp
large_k,bnb,fista_dual_fista,300,15,50,4000022,5,gap_limit,0.6544701000002533,0.003140200000416371,-0.0075921263633893414,0,0,,,initial_incumbent
large_k,bnb,fista_dual_lbfgs,300,15,50,4000022,5,gap_limit,0.24332390000017767,0.0031984999986889306,-0.0075921263633893414,0,0,,,initial_incumbent
large_k,bnb,gurobi,300,15,50,4000022,5,time_limit,1.532331800000975,1.530732799999896,-0.007435410485453661,1.0,4,,,exact_binary_perspective_miqcp
large_k,bnb,mosek,300,15,50,4000022,5,time_limit,1.7623749999984284,1.7617425999997067,-0.0075921263633893414,0,1,,,exact_binary_perspective_misocp
large_k,bnb,fista_dual_fista,300,15,50,4000023,6,gap_limit,0.6040737999992416,0.0029291999999259133,-0.007487336995813892,0,0,,,initial_incumbent
large_k,bnb,fista_dual_lbfgs,300,15,50,4000023,6,gap_limit,0.23278259999824513,0.002999700000145822,-0.007487336995813892,0,0,,,initial_incumbent
large_k,bnb,gurobi,300,15,50,4000023,6,time_limit,1.5315148000008776,1.5283440000002884,-0.0061340296927632765,1.0,3,,,exact_binary_perspective_miqcp
large_k,bnb,mosek,300,15,50,4000023,6,time_limit,1.5213153999993665,1.5206828999998834,-0.007487336995813892,3,1,,,exact_binary_perspective_misocp
large_k,bnb,fista_dual_fista,300,15,50,4000024,7,gap_limit,0.7331986999997753,0.0030136000004858943,-0.007509065917271164,0,0,,,initial_incumbent
large_k,bnb,fista_dual_lbfgs,300,15,50,4000024,7,gap_limit,0.24940529999912542,0.0029530000010709045,-0.007509065917271164,0,0,,,initial_incumbent
large_k,bnb,gurobi,300,15,50,4000024,7,time_limit,1.531494400000156,1.5285539000014978,-0.007498061900102296,1.0,4,,,exact_binary_perspective_miqcp
large_k,bnb,mosek,300,15,50,4000024,7,time_limit,1.7927598999995098,1.7921437000004516,-0.007457632540845647,0,1,,,exact_binary_perspective_misocp
large_k,bnb,fista_dual_fista,300,15,50,4000025,8,gap_limit,0.6076885999991646,0.003285499999037711,-0.007567084937632089,0,0,,,initial_incumbent
large_k,bnb,fista_dual_lbfgs,300,15,50,4000025,8,gap_limit,0.2325887999995757,0.0029887999990023673,-0.007567084937632089,0,0,,,initial_incumbent
large_k,bnb,gurobi,300,15,50,4000025,8,time_limit,1.5313175999999658,1.5297300999991421,-0.0064559896081078086,1.0,5,,,exact_binary_perspective_miqcp
large_k,bnb,mosek,300,15,50,4000025,8,time_limit,1.7989512000003742,1.7982785999993212,-0.007567084937632089,0,1,,,exact_binary_perspective_misocp
large_k,bnb,fista_dual_fista,300,15,50,4000026,9,gap_limit,0.5982931999988068,0.003005799999300507,-0.007556140026184682,0,0,,,initial_incumbent
large_k,bnb,fista_dual_lbfgs,300,15,50,4000026,9,gap_limit,0.23865370000021358,0.002909300001192605,-0.007556140026184682,0,0,,,initial_incumbent
large_k,bnb,gurobi,300,15,50,4000026,9,time_limit,1.5321871000014653,1.52875689999928,-0.007032671730292453,1.0,6,,,exact_binary_perspective_miqcp
large_k,bnb,mosek,300,15,50,4000026,9,time_limit,1.655093899998974,1.6544212000007974,-0.007556140026184682,0,1,,,exact_binary_perspective_misocp
large_k,bnb,fista_dual_fista,1000,50,50,11000017,0,gap_limit,2.1150919000010617,0.004230500000630855,-0.010170119938457059,0,0,,,initial_incumbent
large_k,bnb,fista_dual_lbfgs,1000,50,50,11000017,0,gap_limit,0.39185189999989234,0.004367499999716529,-0.010170119938457059,0,0,,,initial_incumbent
large_k,bnb,gurobi,1000,50,50,11000017,0,time_limit,1.5710393999997905,1.5648218999995152,-0.009951035924198843,1.0,10,,,exact_binary_perspective_miqcp
large_k,bnb,mosek,1000,50,50,11000017,0,no_solution,1.5330480000011448,1.5322923000003357,,0,0,,,exact_binary_perspective_misocp
large_k,bnb,fista_dual_fista,1000,50,50,11000018,1,gap_limit,2.0135563999992883,0.004497099998843623,-0.01013498227358662,0,0,,,initial_incumbent
large_k,bnb,fista_dual_lbfgs,1000,50,50,11000018,1,gap_limit,0.3711606999986543,0.0043888000000151806,-0.01013498227358662,0,0,,,initial_incumbent
large_k,bnb,gurobi,1000,50,50,11000018,1,time_limit,1.5653149999998277,1.559357900001487,-0.009799850432084388,1.0,10,,,exact_binary_perspective_miqcp
large_k,bnb,mosek,1000,50,50,11000018,1,no_solution,1.5361014000009163,1.5352376000009826,,0,0,,,exact_binary_perspective_misocp
large_k,bnb,fista_dual_fista,1000,50,50,11000019,2,gap_limit,3.221998099999837,0.0047064999998838175,-0.010170854691157138,0,0,,,initial_incumbent
large_k,bnb,fista_dual_lbfgs,1000,50,50,11000019,2,gap_limit,0.3523553000013635,0.004233600000588922,-0.010170854691157138,0,0,,,initial_incumbent
large_k,bnb,gurobi,1000,50,50,11000019,2,time_limit,1.5880526000000827,1.582380199999534,-0.00962602599787158,1.0,10,,,exact_binary_perspective_miqcp
large_k,bnb,mosek,1000,50,50,11000019,2,no_solution,1.5311436000010872,1.5303872000004048,,0,0,,,exact_binary_perspective_misocp
large_k,bnb,fista_dual_fista,1000,50,50,11000020,3,gap_limit,1.8522201999985555,0.004267500000423752,-0.010191179638345316,0,0,,,initial_incumbent
large_k,bnb,fista_dual_lbfgs,1000,50,50,11000020,3,gap_limit,0.37333919999946374,0.004303499999878113,-0.010191179638345316,0,0,,,initial_incumbent
large_k,bnb,gurobi,1000,50,50,11000020,3,time_limit,1.5643158000002586,1.5598083000004408,-0.009825856192219831,1.0,10,,,exact_binary_perspective_miqcp
large_k,bnb,mosek,1000,50,50,11000020,3,no_solution,1.534211399999549,1.5334138999987772,,0,0,,,exact_binary_perspective_misocp
large_k,bnb,fista_dual_fista,1000,50,50,11000021,4,gap_limit,3.217258699998638,0.004373800000394112,-0.01019916567650728,0,0,,,initial_incumbent
large_k,bnb,fista_dual_lbfgs,1000,50,50,11000021,4,gap_limit,0.36327479999999923,0.004080499998963205,-0.01019916567650728,0,0,,,initial_incumbent
large_k,bnb,gurobi,1000,50,50,11000021,4,time_limit,1.5684282000001986,1.5623271999993449,-0.009789993212011128,1.0,10,,,exact_binary_perspective_miqcp
large_k,bnb,mosek,1000,50,50,11000021,4,no_solution,1.5356692999994266,1.5348625000005995,,0,0,,,exact_binary_perspective_misocp
large_k,bnb,fista_dual_fista,1000,50,50,11000022,5,gap_limit,3.2055448000010074,0.0043525000000954606,-0.01017949336908611,0,0,,,initial_incumbent
large_k,bnb,fista_dual_lbfgs,1000,50,50,11000022,5,gap_limit,0.37042379999911645,0.00451719999909983,-0.01017949336908611,0,0,,,initial_incumbent
large_k,bnb,gurobi,1000,50,50,11000022,5,time_limit,1.5677133000008325,1.5633066999998846,-0.009826946064190097,1.0,10,,,exact_binary_perspective_miqcp
large_k,bnb,mosek,1000,50,50,11000022,5,no_solution,1.5344875999999203,1.5337557999991986,,0,0,,,exact_binary_perspective_misocp
large_k,bnb,fista_dual_fista,1000,50,50,11000023,6,gap_limit,1.851937999999791,0.0042857000007643364,-0.010120842297906895,0,0,,,initial_incumbent
large_k,bnb,fista_dual_lbfgs,1000,50,50,11000023,6,gap_limit,0.4482936000003974,0.004551400001219008,-0.010120842297906895,0,0,,,initial_incumbent
large_k,bnb,gurobi,1000,50,50,11000023,6,time_limit,1.5671705000004295,1.5607526999992842,-0.009654100037869855,1.0,10,,,exact_binary_perspective_miqcp
large_k,bnb,mosek,1000,50,50,11000023,6,no_solution,1.5838947000011103,1.5713175000000774,,0,0,,,exact_binary_perspective_misocp
large_k,bnb,fista_dual_fista,1000,50,50,11000024,7,gap_limit,3.2599773000001733,0.004842199999984587,-0.010189753205695297,0,0,,,initial_incumbent
large_k,bnb,fista_dual_lbfgs,1000,50,50,11000024,7,gap_limit,0.5197342999999819,0.005570699999225326,-0.010189753205695297,0,0,,,initial_incumbent
large_k,bnb,gurobi,1000,50,50,11000024,7,time_limit,1.60836240000026,1.6034316000004765,-0.009895201679662522,1.0,10,,,exact_binary_perspective_miqcp
large_k,bnb,mosek,1000,50,50,11000024,7,no_solution,1.5360667000004469,1.5353261000000202,,0,0,,,exact_binary_perspective_misocp
large_k,bnb,fista_dual_fista,1000,50,50,11000025,8,gap_limit,1.4088694999991276,0.004337700000178302,-0.010174422277130652,0,0,,,initial_incumbent
large_k,bnb,fista_dual_lbfgs,1000,50,50,11000025,8,gap_limit,0.39255409999896074,0.004113799999686307,-0.010174422277130652,0,0,,,initial_incumbent
large_k,bnb,gurobi,1000,50,50,11000025,8,time_limit,1.5683410000001459,1.560448299998825,-0.009764624243826691,1.0,10,,,exact_binary_perspective_miqcp
large_k,bnb,mosek,1000,50,50,11000025,8,no_solution,1.541945200000555,1.5412070999991556,,0,0,,,exact_binary_perspective_misocp
large_k,bnb,fista_dual_fista,1000,50,50,11000026,9,gap_limit,3.235302099999899,0.0044214999998075655,-0.010159015455340113,0,0,,,initial_incumbent
large_k,bnb,fista_dual_lbfgs,1000,50,50,11000026,9,gap_limit,0.45151029999942693,0.004948600000716397,-0.010159015455340113,0,0,,,initial_incumbent
large_k,bnb,gurobi,1000,50,50,11000026,9,time_limit,1.5711343999992096,1.566665299998931,-0.009946909277839026,1.0,10,,,exact_binary_perspective_miqcp
large_k,bnb,mosek,1000,50,50,11000026,9,no_solution,1.5365739999997459,1.5357045999990078,,0,0,,,exact_binary_perspective_misocp
large_k,bnb,fista_dual_fista,5000,50,50,51000017,0,gap_limit,3.4112786000005144,0.01753869999993185,-0.00652885015947171,0,0,,,initial_incumbent
large_k,bnb,fista_dual_lbfgs,5000,50,50,51000017,0,gap_limit,0.8826630000003206,0.017125800000940217,-0.00652885015947171,0,0,,,initial_incumbent
large_k,bnb,gurobi,5000,50,50,51000017,0,time_limit,1.8543706999989809,1.8418459999993502,,,,,,exact_binary_perspective_miqcp
large_k,bnb,mosek,5000,50,50,51000017,0,no_solution,3.9815613999999186,3.9761157000011735,,0,0,,,exact_binary_perspective_misocp
large_k,bnb,fista_dual_fista,5000,50,50,51000018,1,gap_limit,2.8712521999987075,0.016269100000499748,-0.006544560143273653,0,0,,,initial_incumbent
large_k,bnb,fista_dual_lbfgs,5000,50,50,51000018,1,gap_limit,0.6693945000006352,0.015788599999723374,-0.006544560143273653,0,0,,,initial_incumbent
large_k,bnb,gurobi,5000,50,50,51000018,1,time_limit,1.7863300999997591,1.7747954999995272,,,,,,exact_binary_perspective_miqcp
large_k,bnb,mosek,5000,50,50,51000018,1,no_solution,4.343684800000119,4.3377534999999625,,0,0,,,exact_binary_perspective_misocp
large_k,bnb,fista_dual_fista,5000,50,50,51000019,2,gap_limit,3.3325589999985823,0.016582000000198605,-0.006515014074240365,0,0,,,initial_incumbent
large_k,bnb,fista_dual_lbfgs,5000,50,50,51000019,2,gap_limit,0.7011750000001484,0.021704200000385754,-0.006515014074240365,0,0,,,initial_incumbent
large_k,bnb,gurobi,5000,50,50,51000019,2,time_limit,1.8295846999990317,1.8178189000009297,,,,,,exact_binary_perspective_miqcp
large_k,bnb,mosek,5000,50,50,51000019,2,no_solution,3.814535999999862,3.8096199999999953,,0,0,,,exact_binary_perspective_misocp
large_k,bnb,fista_dual_fista,5000,50,50,51000020,3,gap_limit,2.838764699999956,0.016202799999518902,-0.0065092253207343536,0,0,,,initial_incumbent
large_k,bnb,fista_dual_lbfgs,5000,50,50,51000020,3,gap_limit,0.7030975000016042,0.04036849999829428,-0.0065092253207343536,0,0,,,initial_incumbent
large_k,bnb,gurobi,5000,50,50,51000020,3,time_limit,1.8101996000004874,1.7981677999996464,,,,,,exact_binary_perspective_miqcp
large_k,bnb,mosek,5000,50,50,51000020,3,no_solution,3.834950700000263,3.8301398000003246,,0,0,,,exact_binary_perspective_misocp
large_k,bnb,fista_dual_fista,5000,50,50,51000021,4,gap_limit,3.2975722000010137,0.016289000001052045,-0.0064981005127027905,0,0,,,initial_incumbent
large_k,bnb,fista_dual_lbfgs,5000,50,50,51000021,4,gap_limit,0.6368650999993406,0.015747700001156772,-0.0064981005127027905,0,0,,,initial_incumbent
large_k,bnb,gurobi,5000,50,50,51000021,4,time_limit,1.794000199999573,1.781961799999408,,,,,,exact_binary_perspective_miqcp
large_k,bnb,mosek,5000,50,50,51000021,4,no_solution,3.7680541000008816,3.7638145000000804,,0,0,,,exact_binary_perspective_misocp
large_k,bnb,fista_dual_fista,5000,50,50,51000022,5,gap_limit,2.82276660000025,0.015842199998587603,-0.006531462150636163,0,0,,,initial_incumbent
large_k,bnb,fista_dual_lbfgs,5000,50,50,51000022,5,gap_limit,0.6116723000013735,0.01622959999986051,-0.006531462150636163,0,0,,,initial_incumbent
large_k,bnb,gurobi,5000,50,50,51000022,5,time_limit,1.7712895999993634,1.7596537999997963,,,,,,exact_binary_perspective_miqcp
large_k,bnb,mosek,5000,50,50,51000022,5,no_solution,4.036144100000456,4.030773800001043,,0,0,,,exact_binary_perspective_misocp
large_k,bnb,fista_dual_fista,5000,50,50,51000023,6,gap_limit,3.3583607000000484,0.016511300000274787,-0.006551977795646317,0,0,,,initial_incumbent
large_k,bnb,fista_dual_lbfgs,5000,50,50,51000023,6,gap_limit,0.6193229999989853,0.015638400000170805,-0.006551977795646317,0,0,,,initial_incumbent
large_k,bnb,gurobi,5000,50,50,51000023,6,time_limit,1.7965253999991546,1.7792497999998886,,,,,,exact_binary_perspective_miqcp
large_k,bnb,mosek,5000,50,50,51000023,6,no_solution,4.72783039999922,4.723731699999917,,0,0,,,exact_binary_perspective_misocp
large_k,bnb,fista_dual_fista,5000,50,50,51000024,7,gap_limit,2.8852573999993183,0.015579599999909988,-0.006527492416894806,0,0,,,initial_incumbent
large_k,bnb,fista_dual_lbfgs,5000,50,50,51000024,7,gap_limit,0.6951822999999422,0.015907200000583543,-0.006527492416894806,0,0,,,initial_incumbent
large_k,bnb,gurobi,5000,50,50,51000024,7,time_limit,1.7926016000001255,1.7810262000002695,,,,,,exact_binary_perspective_miqcp
large_k,bnb,mosek,5000,50,50,51000024,7,no_solution,3.814213200001177,3.8081957000013062,,0,0,,,exact_binary_perspective_misocp
large_k,bnb,fista_dual_fista,5000,50,50,51000025,8,gap_limit,3.330007900000055,0.01641580000068643,-0.006525712476986784,0,0,,,initial_incumbent
large_k,bnb,fista_dual_lbfgs,5000,50,50,51000025,8,gap_limit,0.6514396999991732,0.016445699999167118,-0.006525712476986784,0,0,,,initial_incumbent
large_k,bnb,gurobi,5000,50,50,51000025,8,time_limit,1.8010680999996111,1.7895260999994207,,,,,,exact_binary_perspective_miqcp
large_k,bnb,mosek,5000,50,50,51000025,8,no_solution,3.916752400000405,3.911576200000127,,0,0,,,exact_binary_perspective_misocp
large_k,bnb,fista_dual_fista,5000,50,50,51000026,9,gap_limit,3.309740499998952,0.01572639999903913,-0.0065403486714038775,0,0,,,initial_incumbent
large_k,bnb,fista_dual_lbfgs,5000,50,50,51000026,9,gap_limit,0.6360406000003422,0.016228899999987334,-0.0065403486714038775,0,0,,,initial_incumbent
large_k,bnb,gurobi,5000,50,50,51000026,9,time_limit,1.8102897999997367,1.7967750999996497,,,,,,exact_binary_perspective_miqcp
large_k,bnb,mosek,5000,50,50,51000026,9,no_solution,3.926145600000382,3.921266499999547,,0,0,,,exact_binary_perspective_misocp
large_k,prox,fista_dual_fista,10,3,5,1100017,0,converged,0.030261800000516814,0.030261800000516814,,27,0,5.4747657518561255e-09,1.7312729421538793e-09,row_scaled_dual_fista
large_k,prox,fista_dual_lbfgs,10,3,5,1100017,0,converged,0.0031269999999494758,0.0031269999999494758,,2,3,1.887379141862766e-15,6.433930268409849e-16,row_scaled_dual_lbfgsb
large_k,prox,gurobi,10,3,5,1100017,0,optimal,0.027350800000931486,0.02007899999989604,,17,,,,
large_k,prox,mosek,10,3,5,1100017,0,optimal,0.01201730000138923,0.01131340000029013,,13,,,,
large_k,prox,fista_dual_fista,10,3,5,1100018,1,converged,0.06467300000076648,0.06467300000076648,,56,0,9.572994952300462e-09,3.0272468327725283e-09,row_scaled_dual_fista
large_k,prox,fista_dual_lbfgs,10,3,5,1100018,1,converged,0.004308300000047893,0.004308300000047893,,4,5,1.1102230246251565e-16,3.7970315141178544e-17,row_scaled_dual_lbfgsb
large_k,prox,gurobi,10,3,5,1100018,1,optimal,0.02755269999943266,0.018169199998737895,,13,,,,
large_k,prox,mosek,10,3,5,1100018,1,optimal,0.010263699999995879,0.009199699999953737,,14,,,,
large_k,prox,fista_dual_fista,10,3,5,1100019,2,converged,0.010661299998901086,0.010661299998901086,,10,0,2.859674497202036e-09,9.043085108574981e-10,row_scaled_dual_fista
large_k,prox,fista_dual_lbfgs,10,3,5,1100019,2,converged,0.0032506000006833347,0.0032506000006833347,,2,3,2.220446049250313e-16,6.554454686910484e-17,row_scaled_dual_lbfgsb
large_k,prox,gurobi,10,3,5,1100019,2,optimal,0.021573600000920123,0.018865500000174507,,11,,,,
large_k,prox,mosek,10,3,5,1100019,2,optimal,0.01157460000104038,0.010625199998685275,,11,,,,
large_k,prox,fista_dual_fista,10,3,5,1100020,3,converged,0.012658399999054382,0.012658399999054382,,12,0,1.5970089695116485e-09,5.050185285425652e-10,row_scaled_dual_fista
large_k,prox,fista_dual_lbfgs,10,3,5,1100020,3,converged,0.00315490000139107,0.00315490000139107,,2,3,7.771561172376096e-15,2.440394597622455e-15,row_scaled_dual_lbfgsb
large_k,prox,gurobi,10,3,5,1100020,3,optimal,0.03429299999879731,0.019446600001174374,,12,,,,
large_k,prox,mosek,10,3,5,1100020,3,optimal,0.011256699999648845,0.010514399999010493,,12,,,,
large_k,prox,fista_dual_fista,10,3,5,1100021,4,converged,0.026044700000056764,0.026044700000056764,,23,0,1.0796965765891287e-08,3.4143003778530677e-09,row_scaled_dual_fista
large_k,prox,fista_dual_lbfgs,10,3,5,1100021,4,converged,0.004268900000170106,0.004268900000170106,,4,5,2.220446049250313e-16,8.491352587902258e-17,row_scaled_dual_lbfgsb
large_k,prox,gurobi,10,3,5,1100021,4,optimal,0.02579900000091584,0.0198541000008845,,13,,,,
large_k,prox,mosek,10,3,5,1100021,4,optimal,0.011499199999889242,0.010764700000436278,,12,,,,
large_k,prox,fista_dual_fista,10,3,5,1100022,5,converged,0.031882600000244565,0.031882600000244565,,27,0,1.757092671361704e-08,5.5564148798793545e-09,row_scaled_dual_fista
large_k,prox,fista_dual_lbfgs,10,3,5,1100022,5,converged,0.004336500000135857,0.004336500000135857,,4,5,4.440892098500626e-16,1.523545888292334e-16,row_scaled_dual_lbfgsb
large_k,prox,gurobi,10,3,5,1100022,5,optimal,0.02681540000048699,0.01968219999980647,,9,,,,
large_k,prox,mosek,10,3,5,1100022,5,optimal,0.014624399998865556,0.013725099999646773,,12,,,,
large_k,prox,fista_dual_fista,10,3,5,1100023,6,converged,0.04455210000014631,0.04455210000014631,,37,0,2.9271059132085497e-08,9.256321585582274e-09,row_scaled_dual_fista
large_k,prox,fista_dual_lbfgs,10,3,5,1100023,6,converged,0.004381800001283409,0.004381800001283409,,4,5,1.1102230246251565e-16,8.310865772312738e-17,row_scaled_dual_lbfgsb
large_k,prox,gurobi,10,3,5,1100023,6,optimal,0.34947230000034324,0.33792449999964447,,9,,,,
large_k,prox,mosek,10,3,5,1100023,6,optimal,0.011201700001038262,0.010377900000094087,,12,,,,
large_k,prox,fista_dual_fista,10,3,5,1100024,7,converged,0.014597500001400476,0.014597500001400476,,12,0,2.8826648401647503e-08,9.115786626630144e-09,row_scaled_dual_fista
large_k,prox,fista_dual_lbfgs,10,3,5,1100024,7,converged,0.004374099999040482,0.004374099999040482,,4,5,4.440892098500626e-16,1.6186861620293597e-16,row_scaled_dual_lbfgsb
large_k,prox,gurobi,10,3,5,1100024,7,optimal,0.05301399999916612,0.03925880000133475,,13,,,,
large_k,prox,mosek,10,3,5,1100024,7,optimal,0.0107666000003519,0.01005520000035176,,13,,,,
large_k,prox,fista_dual_fista,10,3,5,1100025,8,converged,0.06245930000113731,0.06245930000113731,,37,0,1.4721917018789554e-08,4.655478921704581e-09,row_scaled_dual_fista
large_k,prox,fista_dual_lbfgs,10,3,5,1100025,8,converged,0.013376699998843833,0.013376699998843833,,4,5,2.220446049250313e-16,0.0,row_scaled_dual_lbfgsb
large_k,prox,gurobi,10,3,5,1100025,8,optimal,0.03598899999997229,0.022484700000859448,,11,,,,
large_k,prox,mosek,10,3,5,1100025,8,optimal,0.011890600000697304,0.011142100000142818,,12,,,,
large_k,prox,fista_dual_fista,10,3,5,1100026,9,converged,0.015560499999992317,0.015560499999992317,,12,0,1.5236412131969246e-10,4.818176434649275e-11,row_scaled_dual_fista
large_k,prox,fista_dual_lbfgs,10,3,5,1100026,9,converged,0.004534900001090136,0.004534900001090136,,2,3,1.7763568394002505e-15,5.112531729052103e-16,row_scaled_dual_lbfgsb
large_k,prox,gurobi,10,3,5,1100026,9,optimal,0.033982500001002336,0.02039359999980661,,12,,,,
large_k,prox,mosek,10,3,5,1100026,9,optimal,0.011397000000215485,0.010076599999592872,,15,,,,
large_k,prox,fista_dual_fista,20,3,10,1200017,0,converged,0.01866899999913585,0.01866899999913585,,14,0,2.6721705292942488e-08,5.9751549637781005e-09,row_scaled_dual_fista
large_k,prox,fista_dual_lbfgs,20,3,10,1200017,0,converged,0.005314199999702396,0.005314199999702396,,4,5,3.3306690738754696e-16,0.0,row_scaled_dual_lbfgsb
large_k,prox,gurobi,20,3,10,1200017,0,optimal,0.02508789999956207,0.022768099999666447,,12,,,,
large_k,prox,mosek,20,3,10,1200017,0,optimal,0.013283100000990089,0.012512699999206234,,10,,,,
large_k,prox,fista_dual_fista,20,3,10,1200018,1,converged,0.020175300000119023,0.020175300000119023,,16,0,3.1641918085689724e-08,7.075347989444324e-09,row_scaled_dual_fista
large_k,prox,fista_dual_lbfgs,20,3,10,1200018,1,converged,0.006089099999371683,0.006089099999371683,,4,5,5.551115123125783e-16,3.917952518495288e-16,row_scaled_dual_lbfgsb
large_k,prox,gurobi,20,3,10,1200018,1,optimal,0.025686999999379623,0.022580099999686354,,12,,,,
large_k,prox,mosek,20,3,10,1200018,1,optimal,0.01305549999960931,0.01231770000049437,,10,,,,
large_k,prox,fista_dual_fista,20,3,10,1200019,2,converged,0.02495969999836234,0.02495969999836234,,14,0,2.2288793699587472e-08,4.9839257915300184e-09,row_scaled_dual_fista
large_k,prox,fista_dual_lbfgs,20,3,10,1200019,2,converged,0.006251700000575511,0.006251700000575511,,4,5,1.3322676295501878e-15,3.6432772643752334e-16,row_scaled_dual_lbfgsb
large_k,prox,gurobi,20,3,10,1200019,2,optimal,0.03298979999999574,0.02389690000018163,,13,,,,
large_k,prox,mosek,20,3,10,1200019,2,optimal,0.011875099999087979,0.01111979999950563,,11,,,,
large_k,prox,fista_dual_fista,20,3,10,1200020,3,converged,0.01794250000057218,0.01794250000057218,,14,0,2.192618198115781e-08,4.902843377706965e-09,row_scaled_dual_fista
large_k,prox,fista_dual_lbfgs,20,3,10,1200020,3,converged,0.004933800000799238,0.004933800000799238,,4,5,1.4432899320127035e-15,3.639349112902594e-16,row_scaled_dual_lbfgsb
large_k,prox,gurobi,20,3,10,1200020,3,optimal,0.04173590000027616,0.026126200000362587,,16,,,,
large_k,prox,mosek,20,3,10,1200020,3,optimal,0.013722400000915513,0.012952000000950648,,10,,,,
large_k,prox,fista_dual_fista,20,3,10,1200021,4,converged,0.020874499999990803,0.020874499999990803,,14,0,2.2061649396221128e-08,4.933134732047074e-09,row_scaled_dual_fista
large_k,prox,fista_dual_lbfgs,20,3,10,1200021,4,converged,0.0048593999999866355,0.0048593999999866355,,4,5,6.661338147750939e-16,3.9359300079979684e-16,row_scaled_dual_lbfgsb
large_k,prox,gurobi,20,3,10,1200021,4,optimal,0.038894100000106846,0.024164500000551925,,12,,,,
large_k,prox,mosek,20,3,10,1200021,4,optimal,0.012165399999503279,0.011267100000623032,,11,,,,
large_k,prox,fista_dual_fista,20,3,10,1200022,5,converged,0.0514378999996552,0.0514378999996552,,38,0,7.324103767913925e-09,1.6377193916885914e-09,row_scaled_dual_fista
large_k,prox,fista_dual_lbfgs,20,3,10,1200022,5,converged,0.0048985000012180535,0.0048985000012180535,,4,5,1.3322676295501878e-15,4.822668474536447e-16,row_scaled_dual_lbfgsb
large_k,prox,gurobi,20,3,10,1200022,5,optimal,0.03537589999905322,0.024887800000215066,,12,,,,
large_k,prox,mosek,20,3,10,1200022,5,optimal,0.0130338999988453,0.011776700001064455,,10,,,,
large_k,prox,fista_dual_fista,20,3,10,1200023,6,converged,0.03877710000051593,0.03877710000051593,,28,0,7.487660491634074e-09,1.6742917652837874e-09,row_scaled_dual_fista
large_k,prox,fista_dual_lbfgs,20,3,10,1200023,6,converged,0.006588899999769637,0.006588899999769637,,4,5,1.1102230246251565e-16,0.0,row_scaled_dual_lbfgsb
large_k,prox,gurobi,20,3,10,1200023,6,optimal,0.03274839999903634,0.025004899998748442,,12,,,,
large_k,prox,mosek,20,3,10,1200023,6,optimal,0.013018099998589605,0.01200770000104967,,11,,,,
large_k,prox,fista_dual_fista,20,3,10,1200024,7,converged,0.018824900000254274,0.018824900000254274,,14,0,1.8540690760460166e-08,4.145824431685403e-09,row_scaled_dual_fista
large_k,prox,fista_dual_lbfgs,20,3,10,1200024,7,converged,0.007485199999791803,0.007485199999791803,,4,5,1.1102230246251565e-15,4.4314727855661534e-16,row_scaled_dual_lbfgsb
large_k,prox,gurobi,20,3,10,1200024,7,optimal,0.03946619999987888,0.02306739999949059,,10,,,,
large_k,prox,mosek,20,3,10,1200024,7,optimal,0.012085099999239901,0.011363999999957741,,9,,,,
large_k,prox,fista_dual_fista,20,3,10,1200025,8,converged,0.017001899999741,0.017001899999741,,14,0,2.4576769730444425e-08,5.495532758141112e-09,row_scaled_dual_fista
large_k,prox,fista_dual_lbfgs,20,3,10,1200025,8,converged,0.005471300000863266,0.005471300000863266,,4,5,4.440892098500626e-16,0.0,row_scaled_dual_lbfgsb
large_k,prox,gurobi,20,3,10,1200025,8,optimal,0.03358730000036303,0.02213830000073358,,13,,,,
large_k,prox,mosek,20,3,10,1200025,8,optimal,0.011266499999692314,0.010489399999642046,,10,,,,
large_k,prox,fista_dual_fista,20,3,10,1200026,9,converged,0.016593399999692338,0.016593399999692338,,14,0,1.8165241533196763e-08,4.061871434820912e-09,row_scaled_dual_fista
large_k,prox,fista_dual_lbfgs,20,3,10,1200026,9,converged,0.004777500000272994,0.004777500000272994,,4,5,1.1102230246251565e-16,0.0,row_scaled_dual_lbfgsb
large_k,prox,gurobi,20,3,10,1200026,9,optimal,0.03142130000014731,0.023520299999290728,,11,,,,
large_k,prox,mosek,20,3,10,1200026,9,optimal,0.014695299998493283,0.013863199999832432,,10,,,,
large_k,prox,fista_dual_fista,30,3,15,1300017,0,converged,0.13356260000000475,0.13356260000000475,,30,0,3.6011065462915326e-08,6.574690960185421e-09,row_scaled_dual_fista
large_k,prox,fista_dual_lbfgs,30,3,15,1300017,0,converged,0.006287300000622054,0.006287300000622054,,5,6,1.3322676295501878e-15,0.0,row_scaled_dual_lbfgsb
large_k,prox,gurobi,30,3,15,1300017,0,optimal,0.04300860000148532,0.028682300000582472,,13,,,,
large_k,prox,mosek,30,3,15,1300017,0,optimal,0.014690899999550311,0.013859400000001187,,11,,,,
large_k,prox,fista_dual_fista,30,3,15,1300018,1,converged,0.021391700000094716,0.021391700000094716,,15,0,2.7682643954918262e-09,5.054135991471675e-10,row_scaled_dual_fista
large_k,prox,fista_dual_lbfgs,30,3,15,1300018,1,converged,0.006205399999089423,0.006205399999089423,,5,6,1.9984014443252818e-15,4.4315543938801174e-16,row_scaled_dual_lbfgsb
large_k,prox,gurobi,30,3,15,1300018,1,optimal,0.03302799999983108,0.02612059999955818,,12,,,,
large_k,prox,mosek,30,3,15,1300018,1,optimal,0.014854900000500493,0.014064700000744779,,10,,,,
large_k,prox,fista_dual_fista,30,3,15,1300019,2,converged,0.021894600000450737,0.021894600000450737,,15,0,2.2205720817680685e-08,4.054191441284656e-09,row_scaled_dual_fista
large_k,prox,fista_dual_lbfgs,30,3,15,1300019,2,converged,0.0075282000016159145,0.0075282000016159145,,5,6,2.220446049250313e-15,4.1775605808050024e-16,row_scaled_dual_lbfgsb
large_k,prox,gurobi,30,3,15,1300019,2,optimal,0.030385699999897042,0.02882339999996475,,15,,,,
large_k,prox,mosek,30,3,15,1300019,2,optimal,0.014169199999741977,0.012883599998531281,,10,,,,
large_k,prox,fista_dual_fista,30,3,15,1300020,3,converged,0.02399909999985539,0.02399909999985539,,15,0,3.032653905776783e-08,5.536843212637173e-09,row_scaled_dual_fista
large_k,prox,fista_dual_lbfgs,30,3,15,1300020,3,converged,0.00528169999961392,0.00528169999961392,,4,5,3.256954261843248e-08,5.94635787072359e-09,row_scaled_dual_lbfgsb
large_k,prox,gurobi,30,3,15,1300020,3,optimal,0.029547699999966426,0.02830580000045302,,13,,,,
large_k,prox,mosek,30,3,15,1300020,3,optimal,0.014172099999996135,0.013389100000495091,,12,,,,
large_k,prox,fista_dual_fista,30,3,15,1300021,4,converged,0.021711299999878975,0.021711299999878975,,15,0,1.828898232858478e-08,3.3390960475029243e-09,row_scaled_dual_fista
large_k,prox,fista_dual_lbfgs,30,3,15,1300021,4,converged,0.005908699999054079,0.005908699999054079,,5,6,1.3322676295501878e-15,4.537767425197397e-16,row_scaled_dual_lbfgsb
large_k,prox,gurobi,30,3,15,1300021,4,optimal,0.03499039999951492,0.02656550000028801,,14,,,,
large_k,prox,mosek,30,3,15,1300021,4,optimal,0.01334350000070117,0.01261990000057267,,10,,,,
large_k,prox,fista_dual_fista,30,3,15,1300022,5,converged,0.02148029999989376,0.02148029999989376,,15,0,2.3981044705578825e-08,4.3783196938498515e-09,row_scaled_dual_fista
large_k,prox,fista_dual_lbfgs,30,3,15,1300022,5,converged,0.005744100000811159,0.005744100000811159,,5,6,1.3322676295501878e-15,0.0,row_scaled_dual_lbfgsb
large_k,prox,gurobi,30,3,15,1300022,5,optimal,0.04064739999921585,0.02572110000073735,,12,,,,
large_k,prox,mosek,30,3,15,1300022,5,optimal,0.014048999999431544,0.013223099998867838,,11,,,,
large_k,prox,fista_dual_fista,30,3,15,1300023,6,converged,0.020211099999869475,0.020211099999869475,,15,0,3.510291812780508e-08,6.408886740793181e-09,row_scaled_dual_fista
large_k,prox,fista_dual_lbfgs,30,3,15,1300023,6,converged,0.007191700000475976,0.007191700000475976,,5,6,1.3322676295501878e-15,0.0,row_scaled_dual_lbfgsb
large_k,prox,gurobi,30,3,15,1300023,6,optimal,0.03837260000000242,0.025062699998670723,,13,,,,
large_k,prox,mosek,30,3,15,1300023,6,optimal,0.013296299999637995,0.01254519999929471,,11,,,,
large_k,prox,fista_dual_fista,30,3,15,1300024,7,converged,0.020607700000255136,0.020607700000255136,,15,0,3.8171087624050415e-08,6.969055260445239e-09,row_scaled_dual_fista
large_k,prox,fista_dual_lbfgs,30,3,15,1300024,7,converged,0.0054335000004357425,0.0054335000004357425,,4,5,6.661338147750939e-16,0.0,row_scaled_dual_lbfgsb
large_k,prox,gurobi,30,3,15,1300024,7,optimal,0.03963599999951839,0.026905900000201655,,14,,,,
large_k,prox,mosek,30,3,15,1300024,7,optimal,0.01383949999944889,0.012801900000340538,,10,,,,
large_k,prox,fista_dual_fista,30,3,15,1300025,8,converged,0.02013999999871885,0.02013999999871885,,15,0,1.539663907479394e-08,2.8110288598537374e-09,row_scaled_dual_fista
large_k,prox,fista_dual_lbfgs,30,3,15,1300025,8,converged,0.00507850000030885,0.00507850000030885,,4,5,1.7763568394002505e-15,7.212644880842111e-16,row_scaled_dual_lbfgsb
large_k,prox,gurobi,30,3,15,1300025,8,optimal,0.03430769999977201,0.025296199999502278,,13,,,,
large_k,prox,mosek,30,3,15,1300025,8,optimal,0.013006199998926604,0.011869199999637203,,10,,,,
large_k,prox,fista_dual_fista,30,3,15,1300026,9,converged,0.01740619999873161,0.01740619999873161,,13,0,3.152946126405709e-08,5.756465749139395e-09,row_scaled_dual_fista
large_k,prox,fista_dual_lbfgs,30,3,15,1300026,9,converged,0.006133999999292428,0.006133999999292428,,5,6,2.3314683517128287e-15,4.70312237850954e-16,row_scaled_dual_lbfgsb
large_k,prox,gurobi,30,3,15,1300026,9,optimal,0.040530099999159575,0.024621999998998945,,12,,,,
large_k,prox,mosek,30,3,15,1300026,9,optimal,0.013544999999794527,0.012802899998860084,,10,,,,
large_k,prox,fista_dual_fista,50,3,25,1500017,0,converged,0.02365509999981441,0.02365509999981441,,16,0,5.210104170316754e-08,7.368199964234589e-09,row_scaled_dual_fista
large_k,prox,fista_dual_lbfgs,50,3,25,1500017,0,converged,0.0062682999996468425,0.0062682999996468425,,5,7,1.887379141862766e-15,0.0,row_scaled_dual_lbfgsb
large_k,prox,gurobi,50,3,25,1500017,0,optimal,0.04945839999891177,0.03391799999917566,,13,,,,
large_k,prox,mosek,50,3,25,1500017,0,optimal,0.01660470000024361,0.01587149999977555,,12,,,,
large_k,prox,fista_dual_fista,50,3,25,1500018,1,converged,0.027459499999167747,0.027459499999167747,,21,0,1.5417070953205325e-08,2.180303078023788e-09,row_scaled_dual_fista
large_k,prox,fista_dual_lbfgs,50,3,25,1500018,1,converged,0.00761169999896083,0.00761169999896083,,5,7,2.220446049250313e-16,0.0,row_scaled_dual_lbfgsb
large_k,prox,gurobi,50,3,25,1500018,1,optimal,0.04353050000099756,0.0371964999994816,,15,,,,
large_k,prox,mosek,50,3,25,1500018,1,optimal,0.016346700000212877,0.015133199998672353,,11,,,,
large_k,prox,fista_dual_fista,50,3,25,1500019,2,converged,0.020837299998675007,0.020837299998675007,,16,0,2.5221654764706614e-09,3.5668806309592417e-10,row_scaled_dual_fista
large_k,prox,fista_dual_lbfgs,50,3,25,1500019,2,converged,0.007095499999195454,0.007095499999195454,,5,7,3.3306690738754696e-15,8.383545927057074e-16,row_scaled_dual_lbfgsb
large_k,prox,gurobi,50,3,25,1500019,2,optimal,0.04952700000103505,0.0342992999994749,,12,,,,
large_k,prox,mosek,50,3,25,1500019,2,optimal,0.017463300000599702,0.01669679999940854,,12,,,,
large_k,prox,fista_dual_fista,50,3,25,1500020,3,converged,0.027905000000828295,0.027905000000828295,,18,0,6.33889718493208e-10,8.964553800529245e-11,row_scaled_dual_fista
large_k,prox,fista_dual_lbfgs,50,3,25,1500020,3,converged,0.006611700000576093,0.006611700000576093,,5,7,2.6645352591003757e-15,0.0,row_scaled_dual_lbfgsb
large_k,prox,gurobi,50,3,25,1500020,3,optimal,0.04166299999997136,0.03358809999917867,,14,,,,
large_k,prox,mosek,50,3,25,1500020,3,optimal,0.015612099999998463,0.014827200000581797,,11,,,,
large_k,prox,fista_dual_fista,50,3,25,1500021,4,converged,0.03570960000070045,0.03570960000070045,,25,0,4.2224370888632734e-08,5.971427786849888e-09,row_scaled_dual_fista
large_k,prox,fista_dual_lbfgs,50,3,25,1500021,4,converged,0.007480300000679563,0.007480300000679563,,5,7,1.1102230246251565e-15,0.0,row_scaled_dual_lbfgsb
large_k,prox,gurobi,50,3,25,1500021,4,optimal,0.03761060000033467,0.03506560000096215,,15,,,,
large_k,prox,mosek,50,3,25,1500021,4,optimal,0.016508900000189897,0.015762100001666113,,12,,,,
large_k,prox,fista_dual_fista,50,3,25,1500022,5,converged,0.02215500000056636,0.02215500000056636,,16,0,3.0465485023611905e-08,4.3084701926033755e-09,row_scaled_dual_fista
large_k,prox,fista_dual_lbfgs,50,3,25,1500022,5,converged,0.0061998000001040054,0.0061998000001040054,,5,7,2.886579864025407e-15,0.0,row_scaled_dual_lbfgsb
large_k,prox,gurobi,50,3,25,1500022,5,optimal,0.044025899998814566,0.03376469999966503,,13,,,,
large_k,prox,mosek,50,3,25,1500022,5,optimal,0.017794600000343053,0.016451299999971525,,12,,,,
large_k,prox,fista_dual_fista,50,3,25,1500023,6,converged,0.03937030000088271,0.03937030000088271,,16,0,4.7833063065994e-08,6.764616657870948e-09,row_scaled_dual_fista
large_k,prox,fista_dual_lbfgs,50,3,25,1500023,6,converged,0.006565300000147545,0.006565300000147545,,5,7,1.3322676295501878e-15,0.0,row_scaled_dual_lbfgsb
large_k,prox,gurobi,50,3,25,1500023,6,optimal,0.04582919999847945,0.036883799999486655,,14,,,,
large_k,prox,mosek,50,3,25,1500023,6,optimal,0.0185232999992877,0.017624999998588464,,13,,,,
large_k,prox,fista_dual_fista,50,3,25,1500024,7,converged,0.03677889999926265,0.03677889999926265,,25,0,6.668355267969162e-08,9.430478454505387e-09,row_scaled_dual_fista
large_k,prox,fista_dual_lbfgs,50,3,25,1500024,7,converged,0.007933999999295338,0.007933999999295338,,6,8,9.992007221626409e-16,0.0,row_scaled_dual_lbfgsb
large_k,prox,gurobi,50,3,25,1500024,7,optimal,0.04513139999835403,0.04128639999908046,,19,,,,
large_k,prox,mosek,50,3,25,1500024,7,optimal,0.017477100000178325,0.016685100001268438,,14,,,,
large_k,prox,fista_dual_fista,50,3,25,1500025,8,converged,0.0242407000005187,0.0242407000005187,,16,0,3.050423225126053e-08,4.313949878976542e-09,row_scaled_dual_fista
large_k,prox,fista_dual_lbfgs,50,3,25,1500025,8,converged,0.006449999998949352,0.006449999998949352,,5,7,2.7755575615628914e-15,0.0,row_scaled_dual_lbfgsb
large_k,prox,gurobi,50,3,25,1500025,8,optimal,0.04117270000097051,0.03606510000099661,,14,,,,
large_k,prox,mosek,50,3,25,1500025,8,optimal,0.017428799999834155,0.016671800000040093,,11,,,,
large_k,prox,fista_dual_fista,50,3,25,1500026,9,converged,0.032703200000469224,0.032703200000469224,,21,0,7.578252692042042e-09,1.0717267588298302e-09,row_scaled_dual_fista
large_k,prox,fista_dual_lbfgs,50,3,25,1500026,9,converged,0.006547900000441587,0.006547900000441587,,5,7,3.1086244689504383e-15,1.0044268698222174e-15,row_scaled_dual_lbfgsb
large_k,prox,gurobi,50,3,25,1500026,9,optimal,0.04488649999984773,0.03445999999894411,,12,,,,
large_k,prox,mosek,50,3,25,1500026,9,optimal,0.0173015000000305,0.016524200000276323,,10,,,,
large_k,prox,fista_dual_fista,100,5,50,2000017,0,converged,0.04939860000013141,0.04939860000013141,,27,0,8.063809708858116e-08,8.063809694917045e-09,row_scaled_dual_fista
large_k,prox,fista_dual_lbfgs,100,5,50,2000017,0,converged,0.007658900000024005,0.007658900000024005,,6,7,4.440892098500626e-16,0.0,row_scaled_dual_lbfgsb
large_k,prox,gurobi,100,5,50,2000017,0,optimal,0.08386849999988044,0.07706629999847792,,14,,,,
large_k,prox,mosek,100,5,50,2000017,0,optimal,0.03092079999987618,0.030122000000119442,,12,,,,
large_k,prox,fista_dual_fista,100,5,50,2000018,1,converged,0.03598220000094443,0.03598220000094443,,23,0,9.673466916382267e-09,9.673467113518292e-10,row_scaled_dual_fista
large_k,prox,fista_dual_lbfgs,100,5,50,2000018,1,converged,0.007121599999663886,0.007121599999663886,,6,7,2.55351295663786e-15,0.0,row_scaled_dual_lbfgsb
large_k,prox,gurobi,100,5,50,2000018,1,optimal,0.09394550000070012,0.07783799999924668,,15,,,,
large_k,prox,mosek,100,5,50,2000018,1,optimal,0.03451370000038878,0.033719200000632554,,14,,,,
large_k,prox,fista_dual_fista,100,5,50,2000019,2,converged,0.06065450000096462,0.06065450000096462,,37,0,2.7804409885590076e-08,2.780440990285024e-09,row_scaled_dual_fista
large_k,prox,fista_dual_lbfgs,100,5,50,2000019,2,converged,0.006707200000164448,0.006707200000164448,,5,6,2.220446049250313e-16,0.0,row_scaled_dual_lbfgsb
large_k,prox,gurobi,100,5,50,2000019,2,optimal,0.08707510000022012,0.07799879999947734,,14,,,,
large_k,prox,mosek,100,5,50,2000019,2,optimal,0.029838200000085635,0.028892400001495844,,12,,,,
large_k,prox,fista_dual_fista,100,5,50,2000020,3,converged,0.03728490000139573,0.03728490000139573,,23,0,1.5034899325527817e-08,1.5034899398669882e-09,row_scaled_dual_fista
large_k,prox,fista_dual_lbfgs,100,5,50,2000020,3,converged,0.011337499998262501,0.011337499998262501,,5,6,2.6645352591003757e-15,5.679335480820516e-16,row_scaled_dual_lbfgsb
large_k,prox,gurobi,100,5,50,2000020,3,optimal,0.08229110000138462,0.07732489999943937,,14,,,,
large_k,prox,mosek,100,5,50,2000020,3,optimal,0.032891699998799595,0.03189060000113386,,12,,,,
large_k,prox,fista_dual_fista,100,5,50,2000021,4,converged,0.06552449999981036,0.06552449999981036,,39,0,5.1264244849136276e-08,5.1264244884786566e-09,row_scaled_dual_fista
large_k,prox,fista_dual_lbfgs,100,5,50,2000021,4,converged,0.0072016000012808945,0.0072016000012808945,,5,6,3.3306690738754696e-15,0.0,row_scaled_dual_lbfgsb
large_k,prox,gurobi,100,5,50,2000021,4,optimal,0.07361620000119729,0.0718341000010696,,13,,,,
large_k,prox,mosek,100,5,50,2000021,4,optimal,0.03253980000044976,0.031737299999804236,,13,,,,
large_k,prox,fista_dual_fista,100,5,50,2000022,5,converged,0.053145300000323914,0.053145300000323914,,13,0,4.5554343963694066e-08,4.555434402862123e-09,row_scaled_dual_fista
large_k,prox,fista_dual_lbfgs,100,5,50,2000022,5,converged,0.0072999999993044185,0.0072999999993044185,,6,7,7.771561172376096e-16,0.0,row_scaled_dual_lbfgsb
large_k,prox,gurobi,100,5,50,2000022,5,optimal,0.09223070000007283,0.07826449999993201,,14,,,,
large_k,prox,mosek,100,5,50,2000022,5,optimal,0.034377399999357294,0.03357730000061565,,14,,,,
large_k,prox,fista_dual_fista,100,5,50,2000023,6,converged,0.03739869999844814,0.03739869999844814,,23,0,5.177383211041331e-08,5.177383202229354e-09,row_scaled_dual_fista
large_k,prox,fista_dual_lbfgs,100,5,50,2000023,6,converged,0.009155099998679361,0.009155099998679361,,6,7,1.1102230246251565e-16,0.0,row_scaled_dual_lbfgsb
large_k,prox,gurobi,100,5,50,2000023,6,optimal,0.09454820000064501,0.079678199999762,,15,,,,
large_k,prox,mosek,100,5,50,2000023,6,optimal,0.035427500000878354,0.03460140000061074,,14,,,,
large_k,prox,fista_dual_fista,100,5,50,2000024,7,converged,0.039341699999567936,0.039341699999567936,,23,0,2.3607490406973852e-09,2.360749119404501e-10,row_scaled_dual_fista
large_k,prox,fista_dual_lbfgs,100,5,50,2000024,7,converged,0.007495100000596722,0.007495100000596722,,5,6,2.220446049250313e-16,0.0,row_scaled_dual_lbfgsb
large_k,prox,gurobi,100,5,50,2000024,7,optimal,0.07900229999904695,0.07621389999985695,,14,,,,
large_k,prox,mosek,100,5,50,2000024,7,optimal,0.034004900000581983,0.03316319999976258,,14,,,,
large_k,prox,fista_dual_fista,100,5,50,2000025,8,converged,0.04512309999881836,0.04512309999881836,,27,0,9.073206364007547e-08,9.073206370730035e-09,row_scaled_dual_fista
large_k,prox,fista_dual_lbfgs,100,5,50,2000025,8,converged,0.008403499999985797,0.008403499999985797,,6,7,3.828360306545875e-08,3.828360528182597e-09,row_scaled_dual_lbfgsb
large_k,prox,gurobi,100,5,50,2000025,8,optimal,0.07775910000054864,0.07173440000042319,,14,,,,
large_k,prox,mosek,100,5,50,2000025,8,optimal,0.03186690000075032,0.03093099999932747,,14,,,,
large_k,prox,fista_dual_fista,100,5,50,2000026,9,converged,0.03985649999958696,0.03985649999958696,,25,0,1.6997154128617353e-08,1.6997154196791938e-09,row_scaled_dual_fista
large_k,prox,fista_dual_lbfgs,100,5,50,2000026,9,converged,0.007868599999710568,0.007868599999710568,,6,7,3.774758283725532e-15,5.870047583209459e-16,row_scaled_dual_lbfgsb
large_k,prox,gurobi,100,5,50,2000026,9,optimal,0.07510040000124718,0.07097759999851405,,14,,,,
large_k,prox,mosek,100,5,50,2000026,9,optimal,0.031200500001432374,0.030326600000989856,,12,,,,
large_k,prox,fista_dual_fista,300,15,50,4000017,0,converged,0.02931969999917783,0.02931969999917783,,15,0,1.5720421142617624e-07,9.076189376530903e-09,row_scaled_dual_fista
large_k,prox,fista_dual_lbfgs,300,15,50,4000017,0,converged,0.008299799999804236,0.008299799999804236,,4,5,9.992007221626409e-16,9.278815783828413e-17,row_scaled_dual_lbfgsb
large_k,prox,gurobi,300,15,50,4000017,0,optimal,0.10877099999925122,0.09289619999981369,,13,,,,
large_k,prox,mosek,300,15,50,4000017,0,optimal,0.06276579999939713,0.061646999998629326,,19,,,,
large_k,prox,fista_dual_fista,300,15,50,4000018,1,converged,0.028096600000935723,0.028096600000935723,,15,0,1.1722117387868991e-07,6.76776762025293e-09,row_scaled_dual_fista
large_k,prox,fista_dual_lbfgs,300,15,50,4000018,1,converged,0.006291200001214747,0.006291200001214747,,4,5,4.440892098500626e-16,4.841656843893109e-17,row_scaled_dual_lbfgsb
large_k,prox,gurobi,300,15,50,4000018,1,optimal,0.09527569999954721,0.08529060000000754,,17,,,,
large_k,prox,mosek,300,15,50,4000018,1,optimal,0.06153269999958866,0.060742100000425125,,20,,,,
large_k,prox,fista_dual_fista,300,15,50,4000019,2,converged,0.026789399998961017,0.026789399998961017,,15,0,8.434955223179941e-08,4.869923665128263e-09,row_scaled_dual_fista
large_k,prox,fista_dual_lbfgs,300,15,50,4000019,2,converged,0.0076045999994676095,0.0076045999994676095,,4,5,3.3306690738754696e-16,0.0,row_scaled_dual_lbfgsb
large_k,prox,gurobi,300,15,50,4000019,2,optimal,0.1281251999989763,0.11236939999980677,,17,,,,
large_k,prox,mosek,300,15,50,4000019,2,optimal,0.06923869999991439,0.06841089999943506,,20,,,,
large_k,prox,fista_dual_fista,300,15,50,4000020,3,converged,0.027723100000002887,0.027723100000002887,,15,0,1.3966493983552652e-07,8.06355906609774e-09,row_scaled_dual_fista
large_k,prox,fista_dual_lbfgs,300,15,50,4000020,3,converged,0.006774700001187739,0.006774700001187739,,4,5,1.1102230246251565e-15,9.325426869880876e-17,row_scaled_dual_lbfgsb
large_k,prox,gurobi,300,15,50,4000020,3,optimal,0.09165299999949639,0.07742899999902875,,15,,,,
large_k,prox,mosek,300,15,50,4000020,3,optimal,0.06791069999962929,0.0670577000000776,,20,,,,
large_k,prox,fista_dual_fista,300,15,50,4000021,4,converged,0.028578499999639462,0.028578499999639462,,15,0,1.2404573901392268e-07,7.161784084268784e-09,row_scaled_dual_fista
large_k,prox,fista_dual_lbfgs,300,15,50,4000021,4,converged,0.0059991000016452745,0.0059991000016452745,,3,4,9.879867490791838e-08,5.704144132551295e-09,row_scaled_dual_lbfgsb
large_k,prox,gurobi,300,15,50,4000021,4,optimal,0.09104819999993197,0.07910910000100557,,15,,,,
large_k,prox,mosek,300,15,50,4000021,4,optimal,0.06258250000064436,0.06123229999866453,,19,,,,
large_k,prox,fista_dual_fista,300,15,50,4000022,5,converged,0.02866830000129994,0.02866830000129994,,15,0,1.2345808131364322e-07,7.127855655498863e-09,row_scaled_dual_fista
large_k,prox,fista_dual_lbfgs,300,15,50,4000022,5,converged,0.008619000000180677,0.008619000000180677,,4,5,1.3322676295501878e-15,9.146456466513434e-17,row_scaled_dual_lbfgsb
large_k,prox,gurobi,300,15,50,4000022,5,optimal,0.09194680000109656,0.07971639999959734,,15,,,,
large_k,prox,mosek,300,15,50,4000022,5,optimal,0.05896250000114378,0.058032200000525336,,20,,,,
large_k,prox,fista_dual_fista,300,15,50,4000023,6,converged,0.025038699999640812,0.025038699999640812,,15,0,8.572150589358785e-08,4.949133463010662e-09,row_scaled_dual_fista
large_k,prox,fista_dual_lbfgs,300,15,50,4000023,6,converged,0.005270199999358738,0.005270199999358738,,2,3,4.884981308350689e-15,2.8353087122261093e-16,row_scaled_dual_lbfgsb
large_k,prox,gurobi,300,15,50,4000023,6,optimal,0.07636269999966316,0.07079929999963497,,14,,,,
large_k,prox,mosek,300,15,50,4000023,6,optimal,0.05939330000001064,0.05855569999948784,,19,,,,
large_k,prox,fista_dual_fista,300,15,50,4000024,7,converged,0.026985800001057214,0.026985800001057214,,15,0,1.6123297208459064e-07,9.308789989823778e-09,row_scaled_dual_fista
large_k,prox,fista_dual_lbfgs,300,15,50,4000024,7,converged,0.006850800000393065,0.006850800000393065,,4,5,1.1102230246251565e-16,0.0,row_scaled_dual_lbfgsb
large_k,prox,gurobi,300,15,50,4000024,7,optimal,0.08697690000008151,0.07252530000005208,,14,,,,
large_k,prox,mosek,300,15,50,4000024,7,optimal,0.06171190000168281,0.060916300000826595,,19,,,,
large_k,prox,fista_dual_fista,300,15,50,4000025,8,converged,0.02822050000031595,0.02822050000031595,,15,0,1.20421574933971e-07,6.952542872235756e-09,row_scaled_dual_fista
large_k,prox,fista_dual_lbfgs,300,15,50,4000025,8,converged,0.008380400000532973,0.008380400000532973,,3,4,2.6873024028262193e-08,1.5515147222103357e-09,row_scaled_dual_lbfgsb
large_k,prox,gurobi,300,15,50,4000025,8,optimal,0.08504140000150073,0.0772106000003987,,16,,,,
large_k,prox,mosek,300,15,50,4000025,8,optimal,0.12484890000087034,0.12377709999964281,,19,,,,
large_k,prox,fista_dual_fista,300,15,50,4000026,9,converged,0.026144499999645632,0.026144499999645632,,14,0,6.338437152919596e-08,3.65949839943186e-09,row_scaled_dual_fista
large_k,prox,fista_dual_lbfgs,300,15,50,4000026,9,converged,0.006494600000223727,0.006494600000223727,,4,5,1.1102230246251565e-16,0.0,row_scaled_dual_lbfgsb
large_k,prox,gurobi,300,15,50,4000026,9,optimal,0.0869955000016489,0.07745790000080888,,16,,,,
large_k,prox,mosek,300,15,50,4000026,9,optimal,0.06422469999961322,0.06331690000115486,,20,,,,
large_k,prox,fista_dual_fista,1000,50,50,11000017,0,converged,0.05648830000063754,0.05648830000063754,,22,0,2.6185639190323684e-07,8.280626188300301e-09,row_scaled_dual_fista
large_k,prox,fista_dual_lbfgs,1000,50,50,11000017,0,converged,0.008370399998966604,0.008370399998966604,,4,5,1.2212453270876722e-15,0.0,row_scaled_dual_lbfgsb
large_k,prox,gurobi,1000,50,50,11000017,0,optimal,0.21130919999995967,0.19397899999967194,,14,,,,
large_k,prox,mosek,1000,50,50,11000017,0,optimal,0.16985139999997045,0.1688997000001109,,19,,,,
large_k,prox,fista_dual_fista,1000,50,50,11000018,1,converged,0.06008049999945797,0.06008049999945797,,24,0,1.1045151215860471e-07,3.4927834990940175e-09,row_scaled_dual_fista
large_k,prox,fista_dual_lbfgs,1000,50,50,11000018,1,converged,0.008754500000577536,0.008754500000577536,,4,5,2.9000831824887996e-07,9.17086827468589e-09,row_scaled_dual_lbfgsb
large_k,prox,gurobi,1000,50,50,11000018,1,optimal,0.24480179999954998,0.23645209999995132,,17,,,,
large_k,prox,mosek,1000,50,50,11000018,1,optimal,0.18091650000133086,0.17949720000069647,,20,,,,
large_k,prox,fista_dual_fista,1000,50,50,11000019,2,converged,0.05462459999944258,0.05462459999944258,,22,0,2.721396736848902e-07,8.605812106954333e-09,row_scaled_dual_fista
large_k,prox,fista_dual_lbfgs,1000,50,50,11000019,2,converged,0.007670799999687006,0.007670799999687006,,4,5,1.563439222529439e-08,4.944028534212972e-10,row_scaled_dual_lbfgsb
large_k,prox,gurobi,1000,50,50,11000019,2,optimal,0.3361258999993879,0.3200040000010631,,18,,,,
large_k,prox,mosek,1000,50,50,11000019,2,optimal,0.1759978999998566,0.17497299999922689,,19,,,,
large_k,prox,fista_dual_fista,1000,50,50,11000020,3,converged,0.05504850000033912,0.05504850000033912,,22,0,4.648133677953581e-08,1.4698689365456276e-09,row_scaled_dual_fista
large_k,prox,fista_dual_lbfgs,1000,50,50,11000020,3,converged,0.007890799999586307,0.007890799999586307,,4,5,8.390870775976111e-08,2.653426214465592e-09,row_scaled_dual_lbfgsb
large_k,prox,gurobi,1000,50,50,11000020,3,optimal,0.2921064000001934,0.28057369999987714,,17,,,,
large_k,prox,mosek,1000,50,50,11000020,3,optimal,0.1975097000013193,0.1964923000014096,,19,,,,
large_k,prox,fista_dual_fista,1000,50,50,11000021,4,converged,0.05888709999999264,0.05888709999999264,,22,0,2.1187917931264622e-07,6.700207955581375e-09,row_scaled_dual_fista
large_k,prox,fista_dual_lbfgs,1000,50,50,11000021,4,converged,0.009725100000650855,0.009725100000650855,,4,5,3.9230621418084866e-08,1.240581183571872e-09,row_scaled_dual_lbfgsb
large_k,prox,gurobi,1000,50,50,11000021,4,optimal,0.23852380000062112,0.23307940000086091,,17,,,,
large_k,prox,mosek,1000,50,50,11000021,4,optimal,0.19311800000104995,0.19218580000051588,,20,,,,
large_k,prox,fista_dual_fista,1000,50,50,11000022,5,converged,0.05535779999991064,0.05535779999991064,,22,0,2.105377037153744e-07,6.657786771277004e-09,row_scaled_dual_fista
large_k,prox,fista_dual_lbfgs,1000,50,50,11000022,5,converged,0.007912900000519585,0.007912900000519585,,4,5,1.0774972114546699e-07,3.407345400117441e-09,row_scaled_dual_lbfgsb
large_k,prox,gurobi,1000,50,50,11000022,5,optimal,0.19585619999998016,0.18998889999966195,,14,,,,
large_k,prox,mosek,1000,50,50,11000022,5,optimal,0.17077059999974153,0.16979410000021744,,19,,,,
large_k,prox,fista_dual_fista,1000,50,50,11000023,6,converged,0.053096499999810476,0.053096499999810476,,22,0,1.8673818447112467e-07,5.905179889330021e-09,row_scaled_dual_fista
large_k,prox,fista_dual_lbfgs,1000,50,50,11000023,6,converged,0.009025699999256176,0.009025699999256176,,4,5,1.8224439735092801e-09,5.763074787208789e-11,row_scaled_dual_lbfgsb
large_k,prox,gurobi,1000,50,50,11000023,6,optimal,0.2610770000010234,0.2522257000000536,,17,,,,
large_k,prox,mosek,1000,50,50,11000023,6,optimal,0.18280260000028647,0.18180190000020957,,20,,,,
large_k,prox,fista_dual_fista,1000,50,50,11000024,7,converged,0.05305940000107512,0.05305940000107512,,22,0,1.454530345057492e-07,4.59962882260646e-09,row_scaled_dual_fista
large_k,prox,fista_dual_lbfgs,1000,50,50,11000024,7,converged,0.008757900001000962,0.008757900001000962,,4,5,1.24325459704977e-07,3.931516170348194e-09,row_scaled_dual_lbfgsb
large_k,prox,gurobi,1000,50,50,11000024,7,optimal,0.22455989999980375,0.20929059999980382,,16,,,,
large_k,prox,mosek,1000,50,50,11000024,7,optimal,0.17628420000073675,0.17525399999976798,,20,,,,
large_k,prox,fista_dual_fista,1000,50,50,11000025,8,converged,0.053060500000356114,0.053060500000356114,,22,0,1.9129246875415618e-07,6.04919900771965e-09,row_scaled_dual_fista
large_k,prox,fista_dual_lbfgs,1000,50,50,11000025,8,converged,0.00796960000116087,0.00796960000116087,,4,5,2.1870001298829322e-07,6.91590163458678e-09,row_scaled_dual_lbfgsb
large_k,prox,gurobi,1000,50,50,11000025,8,optimal,0.29545650000000023,0.2845767999988311,,17,,,,
large_k,prox,mosek,1000,50,50,11000025,8,optimal,0.18306099999972503,0.1820833000001585,,20,,,,
large_k,prox,fista_dual_fista,1000,50,50,11000026,9,converged,0.05377100000077917,0.05377100000077917,,22,0,2.3415496874790165e-08,7.404630296506052e-10,row_scaled_dual_fista
large_k,prox,fista_dual_lbfgs,1000,50,50,11000026,9,converged,0.00871270000061486,0.00871270000061486,,4,5,8.796741912675543e-08,2.781774104317987e-09,row_scaled_dual_lbfgsb
large_k,prox,gurobi,1000,50,50,11000026,9,optimal,0.2505240999998932,0.242694799999299,,19,,,,
large_k,prox,mosek,1000,50,50,11000026,9,optimal,0.18047029999979713,0.17944790000001376,,20,,,,
large_k,prox,fista_dual_fista,5000,50,50,51000017,0,converged,0.11881369999900926,0.11881369999900926,,26,0,5.156203159994988e-07,7.291972435905954e-09,row_scaled_dual_fista
large_k,prox,fista_dual_lbfgs,5000,50,50,51000017,0,converged,0.01763310000023921,0.01763310000023921,,4,5,1.1342797812119443e-09,1.6041127697130212e-11,row_scaled_dual_lbfgsb
large_k,prox,gurobi,5000,50,50,51000017,0,optimal,1.153766800000085,1.1194647000011173,,15,,,,
large_k,prox,mosek,5000,50,50,51000017,0,optimal,1.0001571000011609,0.9984647000001132,,24,,,,
large_k,prox,fista_dual_fista,5000,50,50,51000018,1,converged,0.12036719999923662,0.12036719999923662,,26,0,3.4460196651764363e-07,4.873407745300684e-09,row_scaled_dual_fista
large_k,prox,fista_dual_lbfgs,5000,50,50,51000018,1,converged,0.01753119999921182,0.01753119999921182,,4,5,2.488194872363181e-09,3.518836564534335e-11,row_scaled_dual_lbfgsb
large_k,prox,gurobi,5000,50,50,51000018,1,optimal,1.0885699999998906,1.0540842000009434,,15,,,,
large_k,prox,mosek,5000,50,50,51000018,1,optimal,0.9920493999998143,0.9900543000003381,,23,,,,
large_k,prox,fista_dual_fista,5000,50,50,51000019,2,converged,0.1159391000001051,0.1159391000001051,,26,0,4.3923445502969116e-07,6.211713233393099e-09,row_scaled_dual_fista
large_k,prox,fista_dual_lbfgs,5000,50,50,51000019,2,converged,0.0414548000007926,0.0414548000007926,,4,5,7.408785807072604e-10,1.047757369157772e-11,row_scaled_dual_lbfgsb
large_k,prox,gurobi,5000,50,50,51000019,2,optimal,1.2111714000002394,1.1852053000002343,,15,,,,
large_k,prox,mosek,5000,50,50,51000019,2,optimal,0.9483861999997316,0.946219999999812,,23,,,,
large_k,prox,fista_dual_fista,5000,50,50,51000020,3,converged,0.12112830000114627,0.12112830000114627,,26,0,3.61686306904474e-07,5.1150168038353646e-09,row_scaled_dual_fista
large_k,prox,fista_dual_lbfgs,5000,50,50,51000020,3,converged,0.016891799999939394,0.016891799999939394,,4,5,4.119673491231879e-10,5.826119766855909e-12,row_scaled_dual_lbfgsb
large_k,prox,gurobi,5000,50,50,51000020,3,optimal,1.2951842000002216,1.269875800000591,,18,,,,
large_k,prox,mosek,5000,50,50,51000020,3,optimal,0.9744181000005483,0.9726599999994505,,22,,,,
large_k,prox,fista_dual_fista,5000,50,50,51000021,4,converged,0.12583449999874574,0.12583449999874574,,26,0,5.018448268057085e-07,7.097157602287305e-09,row_scaled_dual_fista
large_k,prox,fista_dual_lbfgs,5000,50,50,51000021,4,converged,0.016013999998904183,0.016013999998904183,,4,5,6.661338147750939e-16,0.0,row_scaled_dual_lbfgsb
large_k,prox,gurobi,5000,50,50,51000021,4,optimal,1.2003769000002649,1.1763021999995544,,16,,,,
large_k,prox,mosek,5000,50,50,51000021,4,optimal,1.0237663999996585,1.0216786000000866,,22,,,,
large_k,prox,fista_dual_fista,5000,50,50,51000022,5,converged,0.13412740000057966,0.13412740000057966,,26,0,2.625106705345104e-07,3.7124615038140676e-09,row_scaled_dual_fista
large_k,prox,fista_dual_lbfgs,5000,50,50,51000022,5,converged,0.017605000000912696,0.017605000000912696,,4,5,9.451864846354852e-10,1.3366970183570046e-11,row_scaled_dual_lbfgsb
large_k,prox,gurobi,5000,50,50,51000022,5,optimal,1.3984583000001294,1.3666028999996342,,15,,,,
large_k,prox,mosek,5000,50,50,51000022,5,optimal,1.011560400000235,1.009240299999874,,24,,,,
large_k,prox,fista_dual_fista,5000,50,50,51000023,6,converged,0.11785699999927601,0.11785699999927601,,26,0,4.043531087738472e-07,5.718416504036831e-09,row_scaled_dual_fista
large_k,prox,fista_dual_lbfgs,5000,50,50,51000023,6,converged,0.016926199999943492,0.016926199999943492,,4,5,1.444490749236138e-09,2.042824740858297e-11,row_scaled_dual_lbfgsb
large_k,prox,gurobi,5000,50,50,51000023,6,optimal,1.2186251000002812,1.2029058000007353,,17,,,,
large_k,prox,mosek,5000,50,50,51000023,6,optimal,0.9825674000003346,0.9803252000001521,,24,,,,
large_k,prox,fista_dual_fista,5000,50,50,51000024,7,converged,0.19853259999945294,0.19853259999945294,,26,0,3.6656972079995853e-07,5.184078706683099e-09,row_scaled_dual_fista
large_k,prox,fista_dual_lbfgs,5000,50,50,51000024,7,converged,0.015364400000180467,0.015364400000180467,,4,5,1.415558226192104e-09,2.0018989774974624e-11,row_scaled_dual_lbfgsb
large_k,prox,gurobi,5000,50,50,51000024,7,optimal,1.2328039000003628,1.2086581000003207,,17,,,,
large_k,prox,mosek,5000,50,50,51000024,7,optimal,0.9433336999991297,0.9413617999998678,,22,,,,
large_k,prox,fista_dual_fista,5000,50,50,51000025,8,converged,0.0650363999993715,0.0650363999993715,,14,0,1.7946340313823583e-07,2.537995787736672e-09,row_scaled_dual_fista
large_k,prox,fista_dual_lbfgs,5000,50,50,51000025,8,converged,0.016050200001700432,0.016050200001700432,,4,5,1.3322676295501878e-15,0.0,row_scaled_dual_lbfgsb
large_k,prox,gurobi,5000,50,50,51000025,8,optimal,1.3138713000007556,1.2800719999995636,,18,,,,
large_k,prox,mosek,5000,50,50,51000025,8,optimal,1.0148859000000812,1.0130220999999437,,24,,,,
large_k,prox,fista_dual_fista,5000,50,50,51000026,9,converged,0.11562159999994037,0.11562159999994037,,26,0,3.939829746890666e-07,5.571760661504237e-09,row_scaled_dual_fista
large_k,prox,fista_dual_lbfgs,5000,50,50,51000026,9,converged,0.04689850000067963,0.04689850000067963,,4,5,9.764512531873493e-10,1.3809114308819703e-11,row_scaled_dual_lbfgsb
large_k,prox,gurobi,5000,50,50,51000026,9,optimal,1.3325973999999405,1.3102314000007027,,16,,,,
large_k,prox,mosek,5000,50,50,51000026,9,optimal,0.9254111000009289,0.9234167999984493,,21,,,,
large_k,relaxation,fista_dual_fista,10,3,5,1100017,0,converged,0.12647440000000643,0.09061540000038804,-0.006703784054019544,10,0,1.1989707449089337e-08,4.5351678017172306e-09,row_scaled_dual_fista
large_k,relaxation,fista_dual_lbfgs,10,3,5,1100017,0,converged,0.060780899999372195,0.024945899998783716,-0.0067037840618805414,10,30,2.0872192862952943e-14,4.567777854547723e-09,row_scaled_dual_lbfgsb
large_k,relaxation,gurobi,10,3,5,1100017,0,optimal,0.033288700000412064,0.01870249999956286,-0.006703783773471513,10,,4.052249646946393e-10,,
large_k,relaxation,mosek,10,3,5,1100017,0,optimal,0.01331690000006347,0.009950899999239482,-0.006703493895820582,11,,3.607225074198084e-08,,
large_k,relaxation,fista_dual_fista,10,3,5,1100018,1,converged,0.07218730000022333,0.03670419999980368,-0.00706438945008282,8,0,2.538090448922503e-08,1.6680624209415226e-08,row_scaled_dual_fista
large_k,relaxation,fista_dual_lbfgs,10,3,5,1100018,1,converged,0.050377100000332575,0.01565920000030019,-0.007064389416342274,8,24,3.552713678800501e-15,1.5820713602009914e-08,row_scaled_dual_lbfgsb
large_k,relaxation,gurobi,10,3,5,1100018,1,optimal,0.028719899999487097,0.018329500000618282,-0.007064367702910573,9,,4.313516210885382e-10,,
large_k,relaxation,mosek,10,3,5,1100018,1,optimal,0.010715399999753572,0.008420600001045386,-0.007064143417276163,10,,3.441200935316857e-08,,
large_k,relaxation,fista_dual_fista,10,3,5,1100019,2,converged,0.1384847000008449,0.1041758999999729,-0.0068603113231034485,12,0,2.2203935579057088e-08,3.663081152868868e-08,row_scaled_dual_fista
large_k,relaxation,fista_dual_lbfgs,10,3,5,1100019,2,converged,0.06405000000086147,0.029196799998317147,-0.006860311345043605,12,36,2.220446049250313e-14,3.6524902187497155e-08,row_scaled_dual_lbfgsb
large_k,relaxation,gurobi,10,3,5,1100019,2,optimal,0.03232639999987441,0.017939499999556574,-0.0068602945430567275,8,,5.607181385869353e-11,,
large_k,relaxation,mosek,10,3,5,1100019,2,optimal,0.012702800000624848,0.010474600001543877,-0.006860297017423942,12,,2.1381402204312394e-09,,
large_k,relaxation,fista_dual_fista,10,3,5,1100020,3,converged,0.06742369999847142,0.03300640000088606,-0.006694285388407861,8,0,2.4053415481617435e-08,1.22688381869315e-08,row_scaled_dual_fista
large_k,relaxation,fista_dual_lbfgs,10,3,5,1100020,3,converged,0.04992900000070222,0.01476370000091265,-0.006694285372879673,8,24,6.8833827526759706e-15,1.2654228373644883e-08,row_scaled_dual_lbfgsb
large_k,relaxation,gurobi,10,3,5,1100020,3,optimal,0.02262979999977688,0.019199200000002747,-0.0066942584284762855,9,,3.991473818132363e-11,,
large_k,relaxation,mosek,10,3,5,1100020,3,optimal,0.01191849999850092,0.00964390000081039,-0.006693716751524023,10,,6.3543838413338e-08,,
large_k,relaxation,fista_dual_fista,10,3,5,1100021,4,converged,0.07636660000025586,0.03988770000069053,-0.00645131796357855,10,0,1.2764684642618818e-08,5.007167874397328e-08,row_scaled_dual_fista
large_k,relaxation,fista_dual_lbfgs,10,3,5,1100021,4,converged,0.05728050000107032,0.020460300000195275,-0.006451317961875549,10,30,8.881784197001252e-16,5.01595982975362e-08,row_scaled_dual_lbfgsb
large_k,relaxation,gurobi,10,3,5,1100021,4,optimal,0.022277900001427042,0.019262000001617707,-0.006451280214205049,10,,1.9987687061018278e-09,,
large_k,relaxation,mosek,10,3,5,1100021,4,optimal,0.01254510000035225,0.010271099999954458,-0.006451262107187773,11,,8.111310179081954e-09,,
large_k,relaxation,fista_dual_fista,10,3,5,1100022,5,converged,0.07553209999969113,0.03855750000002445,-0.00661355483880589,8,0,6.861173851291369e-09,6.007902931936087e-09,row_scaled_dual_fista
large_k,relaxation,fista_dual_lbfgs,10,3,5,1100022,5,converged,0.051405599999270635,0.01359249999950407,-0.006613554842062821,7,21,5.995204332975845e-15,8.90813920250095e-08,row_scaled_dual_lbfgsb
large_k,relaxation,gurobi,10,3,5,1100022,5,optimal,0.026690200000302866,0.018668099999558763,-0.006613540146989624,9,,2.3797297465932843e-11,,
large_k,relaxation,mosek,10,3,5,1100022,5,optimal,0.012689900000623311,0.009894900000290363,-0.006613542459929387,11,,1.3477320370824941e-09,,
large_k,relaxation,fista_dual_fista,10,3,5,1100023,6,converged,0.07730720000108704,0.02886400000170397,-0.006831679761995709,7,0,4.116196050674148e-08,8.946046195300057e-08,row_scaled_dual_fista
large_k,relaxation,fista_dual_lbfgs,10,3,5,1100023,6,converged,0.05089899999984482,0.014349299997775233,-0.006831679724257718,7,21,1.9984014443252818e-15,8.898303900852321e-08,row_scaled_dual_lbfgsb
large_k,relaxation,gurobi,10,3,5,1100023,6,optimal,0.02534639999976207,0.01861759999883361,-0.006831649604329463,8,,8.90465479130853e-12,,
large_k,relaxation,mosek,10,3,5,1100023,6,optimal,0.013338900000235299,0.010236599999188911,-0.006831621743718147,9,,7.491641973444985e-09,,
large_k,relaxation,fista_dual_fista,10,3,5,1100024,7,converged,0.0867895999999746,0.04897250000067288,-0.006844602289969474,7,0,3.0946637474826844e-08,7.077903219888413e-08,row_scaled_dual_fista
large_k,relaxation,fista_dual_lbfgs,10,3,5,1100024,7,converged,0.05259010000008857,0.015193600000202423,-0.006844602262174235,7,21,4.440892098500626e-16,7.057775406743888e-08,row_scaled_dual_lbfgsb
large_k,relaxation,gurobi,10,3,5,1100024,7,optimal,0.025521599998683087,0.02069909999954689,-0.006844568264323539,8,,3.2439828601127374e-11,,
large_k,relaxation,mosek,10,3,5,1100024,7,optimal,0.013981899999635061,0.011399299999538925,-0.006844564665367893,11,,4.1042582665795635e-09,,
large_k,relaxation,fista_dual_fista,10,3,5,1100025,8,converged,0.08688849999998638,0.04956970000057481,-0.005872983557152184,10,0,2.2448717995615652e-08,1.9812437790208295e-08,row_scaled_dual_fista
large_k,relaxation,fista_dual_lbfgs,10,3,5,1100025,8,converged,0.059703999999328516,0.022038200000679353,-0.0058729835426453445,10,30,2.220446049250313e-16,1.98910842651318e-08,row_scaled_dual_lbfgsb
large_k,relaxation,gurobi,10,3,5,1100025,8,optimal,0.028323999998974614,0.020285399999920628,-0.0058729384988130805,11,,6.093385795935546e-10,,
large_k,relaxation,mosek,10,3,5,1100025,8,optimal,0.011653999999907683,0.009328199999799835,-0.005872936921225358,11,,5.399672486916529e-09,,
large_k,relaxation,fista_dual_fista,10,3,5,1100026,9,converged,0.07215410000026168,0.03631379999933415,-0.006218765570243569,7,0,2.8798552875741734e-08,4.160562027481449e-08,row_scaled_dual_fista
large_k,relaxation,fista_dual_lbfgs,10,3,5,1100026,9,converged,0.050645400000576046,0.014032099999894854,-0.006218765561952106,7,21,4.884981308350689e-15,1.7857054056852623e-08,row_scaled_dual_lbfgsb
large_k,relaxation,gurobi,10,3,5,1100026,9,optimal,0.029571900000519236,0.018868199998905766,-0.006218708202183177,10,,4.090937588685506e-10,,
large_k,relaxation,mosek,10,3,5,1100026,9,optimal,0.0113353000015195,0.009092899999814108,-0.006218244801489895,10,,5.126518054510143e-08,,
large_k,relaxation,fista_dual_fista,20,3,10,1200017,0,converged,0.3052162000003591,0.2694414000015968,-0.005006446635949401,18,0,3.5899955896923075e-08,3.842424804617104e-08,row_scaled_dual_fista
large_k,relaxation,fista_dual_lbfgs,20,3,10,1200017,0,converged,0.08842340000046534,0.0509518000017124,-0.005006446751158079,18,54,5.773159728050814e-14,3.8313607724522216e-08,row_scaled_dual_lbfgsb
large_k,relaxation,gurobi,20,3,10,1200017,0,optimal,0.04793760000029579,0.045209399999293964,-0.005006426147827748,9,,3.480207233508281e-10,,
large_k,relaxation,mosek,20,3,10,1200017,0,optimal,0.013942300000053365,0.011704599999575294,-0.00500638833730799,10,,3.1963418578584424e-09,,
large_k,relaxation,fista_dual_fista,20,3,10,1200018,1,converged,0.22273430000132066,0.18491439999888826,-0.005071516848035785,15,0,3.9636427029421384e-08,5.454210894485489e-08,row_scaled_dual_fista
large_k,relaxation,fista_dual_lbfgs,20,3,10,1200018,1,converged,0.07587150000108522,0.03999090000070282,-0.005071516724168161,15,46,3.1530333899354446e-14,5.401458341637054e-08,row_scaled_dual_lbfgsb
large_k,relaxation,gurobi,20,3,10,1200018,1,optimal,0.038248400000156835,0.02083180000045104,-0.0050715154148466895,9,,4.2430237101598323e-10,,
large_k,relaxation,mosek,20,3,10,1200018,1,optimal,0.013738900001044385,0.011324999999487773,-0.005071432378112393,13,,4.555739008260673e-09,,
large_k,relaxation,fista_dual_fista,20,3,10,1200019,2,converged,0.20120119999955932,0.16541119999965304,-0.0052686703920700635,14,0,3.985778018744668e-08,7.98301660604803e-08,row_scaled_dual_fista
large_k,relaxation,fista_dual_lbfgs,20,3,10,1200019,2,converged,0.07408729999951902,0.03783180000027642,-0.005268670283198189,14,42,8.215650382226158e-14,8.027569885307596e-08,row_scaled_dual_lbfgsb
large_k,relaxation,gurobi,20,3,10,1200019,2,optimal,0.029828900000211434,0.021417800000563147,-0.005268669729286786,10,,1.190644027815324e-09,,
large_k,relaxation,mosek,20,3,10,1200019,2,optimal,0.03138330000001588,0.02600250000068627,-0.005268629397950062,11,,2.2788935183370995e-09,,
large_k,relaxation,fista_dual_fista,20,3,10,1200020,3,converged,0.22032000000035623,0.1727668999992602,-0.005285155016417997,14,0,4.084821370042846e-11,9.374663483526764e-08,row_scaled_dual_fista
large_k,relaxation,fista_dual_lbfgs,20,3,10,1200020,3,converged,0.07607579999967129,0.03838710000127321,-0.005285155016306945,14,43,7.815970093361102e-14,9.37175472522848e-08,row_scaled_dual_lbfgsb
large_k,relaxation,gurobi,20,3,10,1200020,3,optimal,0.03113399999892863,0.021853999998711515,-0.0052851337091665345,9,,1.7249104367067503e-09,,
large_k,relaxation,mosek,20,3,10,1200020,3,optimal,0.013608100000055856,0.011248599999817088,-0.005284787429031966,10,,1.9539047824146394e-08,,
large_k,relaxation,fista_dual_fista,20,3,10,1200021,4,converged,0.26141570000072534,0.22585310000067693,-0.0052709804229616715,14,0,1.7353567471900533e-09,5.128653382371378e-08,row_scaled_dual_fista
large_k,relaxation,fista_dual_lbfgs,20,3,10,1200021,4,converged,0.07639739999831363,0.037982400001055794,-0.0052709804276386465,14,42,5.950795411990839e-14,5.104415704881422e-08,row_scaled_dual_lbfgsb
large_k,relaxation,gurobi,20,3,10,1200021,4,optimal,0.027638600000500446,0.02239989999907266,-0.005270964556439278,12,,1.0238730974165833e-09,,
large_k,relaxation,mosek,20,3,10,1200021,4,optimal,0.014370600001711864,0.01104249999843887,-0.0052709365913812456,11,,2.350211025792248e-09,,
large_k,relaxation,fista_dual_fista,20,3,10,1200022,5,converged,0.1024887999992643,0.0671295000011014,-0.005138771158982056,10,0,8.444645871463763e-09,2.6971315715089032e-08,row_scaled_dual_fista
large_k,relaxation,fista_dual_lbfgs,20,3,10,1200022,5,converged,0.05833350000102655,0.021493199999895296,-0.005138771133336224,10,30,9.547918011776346e-15,2.601601420006463e-08,row_scaled_dual_lbfgsb
large_k,relaxation,gurobi,20,3,10,1200022,5,optimal,0.03519830000004731,0.02176529999997001,-0.005138762709392129,10,,6.76135814003942e-11,,
large_k,relaxation,mosek,20,3,10,1200022,5,optimal,0.012828599999920698,0.010518400000364636,-0.005138115717304832,12,,3.161456207934066e-08,,
large_k,relaxation,fista_dual_fista,20,3,10,1200023,6,converged,0.27572650000001886,0.23927130000083707,-0.004966169394989533,16,0,1.2276149874423936e-08,5.237431510306679e-08,row_scaled_dual_fista
large_k,relaxation,fista_dual_lbfgs,20,3,10,1200023,6,converged,0.0775575999996363,0.04179479999947944,-0.004966169354053142,16,49,5.0182080713057076e-14,5.2351708275659095e-08,row_scaled_dual_lbfgsb
large_k,relaxation,gurobi,20,3,10,1200023,6,optimal,0.029219000000011874,0.019948099999965052,-0.004966103882187391,9,,4.9848902783367066e-11,,
large_k,relaxation,mosek,20,3,10,1200023,6,optimal,0.01284020000093733,0.010598599999866565,-0.004965515287133593,12,,3.277239679633226e-08,,
large_k,relaxation,fista_dual_fista,20,3,10,1200024,7,converged,0.28919869999845105,0.25399149999975634,-0.004884918568840196,14,0,4.0810727242046596e-08,2.900009878612544e-08,row_scaled_dual_fista
large_k,relaxation,fista_dual_lbfgs,20,3,10,1200024,7,converged,0.07427719999941473,0.038049600001613726,-0.004884918428079033,14,42,1.0658141036401503e-14,2.8546977759574413e-08,row_scaled_dual_lbfgsb
large_k,relaxation,gurobi,20,3,10,1200024,7,optimal,0.03385419999904116,0.021246399999654386,-0.004884848857913617,8,,7.193845519282149e-11,,
large_k,relaxation,mosek,20,3,10,1200024,7,optimal,0.015401999999085092,0.013166599999749451,-0.004884914353405734,11,,2.2163004764763627e-10,,
large_k,relaxation,fista_dual_fista,20,3,10,1200025,8,converged,0.10367330000008224,0.06845489999977872,-0.005193944087007522,9,0,2.771589402428276e-08,1.9266852105404015e-08,row_scaled_dual_fista
large_k,relaxation,fista_dual_lbfgs,20,3,10,1200025,8,converged,0.05727900000056252,0.020364100000733742,-0.005193944005741703,9,27,3.9968028886505635e-15,1.934653141280122e-08,row_scaled_dual_lbfgsb
large_k,relaxation,gurobi,20,3,10,1200025,8,optimal,0.035664000000906526,0.021844400000190944,-0.005193928224198539,12,,1.6732142338327094e-09,,
large_k,relaxation,mosek,20,3,10,1200025,8,optimal,0.026068900000609574,0.01753660000031232,-0.005193942350026858,11,,8.200951029380121e-11,,
large_k,relaxation,fista_dual_fista,20,3,10,1200026,9,converged,0.5103732000006858,0.4267196000000695,-0.005177359445013203,21,0,1.1524946330609964e-08,5.03089504219488e-08,row_scaled_dual_fista
large_k,relaxation,fista_dual_lbfgs,20,3,10,1200026,9,converged,0.09859869999854709,0.060432299998865346,-0.005177359412386258,21,64,2.291500322826323e-13,5.024834351338609e-08,row_scaled_dual_lbfgsb
large_k,relaxation,gurobi,20,3,10,1200026,9,optimal,0.03253779999977269,0.021724099999119062,-0.00517733601752414,9,,7.321832029560937e-11,,
large_k,relaxation,mosek,20,3,10,1200026,9,optimal,0.01442239999960293,0.01202229999944393,-0.005177272144802391,12,,4.21695234287256e-09,,
large_k,relaxation,fista_dual_fista,30,3,15,1300017,0,converged,0.2976003000003402,0.2606613000007201,-0.003067478880276777,18,0,1.2328186471677327e-08,7.123374271814894e-08,row_scaled_dual_fista
large_k,relaxation,fista_dual_lbfgs,30,3,15,1300017,0,converged,0.08631400000012945,0.05062969999926281,-0.0030674787947409937,18,56,1.5898393712632242e-13,7.145508809454018e-08,row_scaled_dual_lbfgsb
large_k,relaxation,gurobi,30,3,15,1300017,0,optimal,0.03738379999958852,0.026450900000781985,-0.0030674578719969044,10,,4.253686292088332e-11,,
large_k,relaxation,mosek,30,3,15,1300017,0,optimal,0.015418700000736862,0.012246299998878385,-0.003067472312531301,12,,1.20858989482997e-10,,
large_k,relaxation,fista_dual_fista,30,3,15,1300018,1,converged,0.26579449999917415,0.22911600000225008,-0.003705374342911535,17,0,1.5167082256795084e-08,7.823769984340174e-08,row_scaled_dual_fista
large_k,relaxation,fista_dual_lbfgs,30,3,15,1300018,1,converged,0.0823116999999911,0.0469372999996267,-0.003705374250821073,17,52,5.0182080713057076e-14,7.81341270311589e-08,row_scaled_dual_lbfgsb
large_k,relaxation,gurobi,30,3,15,1300018,1,optimal,0.030903100001523853,0.024694399999134475,-0.0037053648061925754,11,,1.958383233358063e-09,,
large_k,relaxation,mosek,30,3,15,1300018,1,optimal,0.015795399998751236,0.012851599998612073,-0.003704947685159974,14,,7.018117864632245e-09,,
large_k,relaxation,fista_dual_fista,30,3,15,1300019,2,converged,0.2253311999993457,0.18914029999905324,-0.0034935942158874356,14,0,4.3920183045997874e-08,1.765518814725458e-08,row_scaled_dual_fista
large_k,relaxation,fista_dual_lbfgs,30,3,15,1300019,2,converged,0.06992060000084166,0.03405390000079933,-0.0034935944938360337,12,37,5.3734794391857577e-14,4.03429557525619e-08,row_scaled_dual_lbfgsb
large_k,relaxation,gurobi,30,3,15,1300019,2,optimal,0.036281100001360755,0.024042900000495138,-0.003493562759157926,10,,1.7968260213052645e-10,,
large_k,relaxation,mosek,30,3,15,1300019,2,optimal,0.01577039999938279,0.012446999999156105,-0.003492946912476775,14,,1.1112725961659464e-08,,
large_k,relaxation,fista_dual_fista,30,3,15,1300020,3,converged,0.25312290000147186,0.217575399998168,-0.003616446872538627,14,0,4.563994737694088e-08,2.6771449284137367e-08,row_scaled_dual_fista
large_k,relaxation,fista_dual_lbfgs,30,3,15,1300020,3,converged,0.0754756999995152,0.03874809999979334,-0.0036164471496558034,14,43,2.930988785010413e-14,2.64986517028768e-08,row_scaled_dual_lbfgsb
large_k,relaxation,gurobi,30,3,15,1300020,3,optimal,0.034059999999954016,0.024085199998808093,-0.003616413886848146,10,,7.599849638495471e-10,,
large_k,relaxation,mosek,30,3,15,1300020,3,optimal,0.01577700000052573,0.013035799998760922,-0.0036152436680402644,14,,1.9825146413410266e-08,,
large_k,relaxation,fista_dual_fista,30,3,15,1300021,4,converged,0.3180829000011727,0.2815573999978369,-0.0032473862902452754,18,0,2.5362791422622877e-08,3.525423227263164e-08,row_scaled_dual_fista
large_k,relaxation,fista_dual_lbfgs,30,3,15,1300021,4,converged,0.08317530000022089,0.048451199998453376,-0.003247386118593029,18,55,5.1958437552457326e-14,3.5232150811857326e-08,row_scaled_dual_lbfgsb
large_k,relaxation,gurobi,30,3,15,1300021,4,optimal,0.02417760000025737,0.021357200001148158,-0.003247379745435642,9,,4.231726080661247e-12,,
large_k,relaxation,mosek,30,3,15,1300021,4,optimal,0.0153468000007706,0.013183299999582232,-0.003244942556474773,12,,4.484023574669038e-08,,
large_k,relaxation,fista_dual_fista,30,3,15,1300022,5,converged,0.327009900000121,0.2918957000001683,-0.0039001654792161864,17,0,1.967269014357953e-08,3.611823332337332e-08,row_scaled_dual_fista
large_k,relaxation,fista_dual_lbfgs,30,3,15,1300022,5,converged,0.08441229999880306,0.04821109999829787,-0.0039001653678905866,17,53,7.549516567451064e-14,3.60790444010042e-08,row_scaled_dual_lbfgsb
large_k,relaxation,gurobi,30,3,15,1300022,5,optimal,0.02828580000095826,0.0242696999994223,-0.0039001547778175216,12,,1.9472417012167398e-09,,
large_k,relaxation,mosek,30,3,15,1300022,5,optimal,0.01665119999961462,0.01440790000015113,-0.0038995473631543553,15,,1.1082463835521139e-08,,
large_k,relaxation,fista_dual_fista,30,3,15,1300023,6,converged,0.2885956999998598,0.25172050000037416,-0.003848407220373667,15,0,1.9719859523092964e-08,3.33131353830067e-08,row_scaled_dual_fista
large_k,relaxation,fista_dual_lbfgs,30,3,15,1300023,6,converged,0.08101949999945646,0.044422400002076756,-0.003848407331630034,15,46,8.79296635503124e-14,3.352914746310566e-08,row_scaled_dual_lbfgsb
large_k,relaxation,gurobi,30,3,15,1300023,6,optimal,0.0376297999991948,0.025327999999717576,-0.0038483915673314228,13,,2.4671709120127616e-11,,
large_k,relaxation,mosek,30,3,15,1300023,6,optimal,0.015896900000370806,0.012877499999376596,-0.0038479097393738226,13,,9.264249589691076e-09,,
large_k,relaxation,fista_dual_fista,30,3,15,1300024,7,converged,0.14327479999883508,0.106585500001529,-0.003705507505773902,11,0,2.0157727487202237e-08,8.110774840954048e-09,row_scaled_dual_fista
large_k,relaxation,fista_dual_lbfgs,30,3,15,1300024,7,converged,0.06385600000066916,0.026736199997685617,-0.003705507628806299,10,30,1.8207657603852567e-14,9.869194534173605e-08,row_scaled_dual_lbfgsb
large_k,relaxation,gurobi,30,3,15,1300024,7,optimal,0.04296269999940705,0.025608699999793316,-0.0037055028488043647,12,,4.316853541297405e-10,,
large_k,relaxation,mosek,30,3,15,1300024,7,optimal,0.016116799999508657,0.013847999998688465,-0.003705243761864421,14,,4.21326351585094e-09,,
large_k,relaxation,fista_dual_fista,30,3,15,1300025,8,converged,0.2717832999987877,0.236340299999938,-0.003665404173097556,17,0,7.1462364914509635e-09,8.496919018188098e-08,row_scaled_dual_fista
large_k,relaxation,fista_dual_lbfgs,30,3,15,1300025,8,converged,0.08226300000023912,0.04643740000028629,-0.003665404216662834,17,52,1.8074430840897548e-13,8.507051375994033e-08,row_scaled_dual_lbfgsb
large_k,relaxation,gurobi,30,3,15,1300025,8,optimal,0.03360410000095726,0.02483810000012454,-0.0036653982067374677,11,,8.208722590552497e-11,,
large_k,relaxation,mosek,30,3,15,1300025,8,optimal,0.015908600000329898,0.01344729999982519,-0.003662934600060159,13,,4.492542637901664e-08,,
large_k,relaxation,fista_dual_fista,30,3,15,1300026,9,converged,0.3500686000006681,0.31513339999764867,-0.0035508127891584074,19,0,9.566197611832195e-09,1.8046361328662496e-08,row_scaled_dual_fista
large_k,relaxation,fista_dual_lbfgs,30,3,15,1300026,9,converged,0.08733980000033625,0.05033030000049621,-0.00355081272939645,19,59,1.829647544582258e-13,1.8037840497528976e-08,row_scaled_dual_lbfgsb
large_k,relaxation,gurobi,30,3,15,1300026,9,optimal,0.03348259999984293,0.024910099999033264,-0.003550802597475677,10,,8.086087355252403e-11,,
large_k,relaxation,mosek,30,3,15,1300026,9,optimal,0.016090999999505584,0.013848000000507454,-0.003550786774986159,12,,4.455047442064597e-10,,
large_k,relaxation,fista_dual_fista,50,3,25,1500017,0,converged,0.39163160000134667,0.3564337000007072,-0.0013170958856047518,23,0,1.4282704796642065e-08,2.5237321127267563e-08,row_scaled_dual_fista
large_k,relaxation,fista_dual_lbfgs,50,3,25,1500017,0,converged,0.0990602999991097,0.06494449999991048,-0.0013170960405895823,23,72,8.117950756059145e-13,2.5228949568568918e-08,row_scaled_dual_lbfgsb
large_k,relaxation,gurobi,50,3,25,1500017,0,optimal,0.04512160000012955,0.029407899999569054,-0.0013170743769133856,11,,7.373468502436253e-10,,
large_k,relaxation,mosek,50,3,25,1500017,0,optimal,0.03995930000019143,0.03529100000014296,-0.0013156925960824024,12,,1.6023797178021937e-08,,
large_k,relaxation,fista_dual_fista,50,3,25,1500018,1,converged,0.34439459999885,0.3033097999996244,-0.0013495918559971974,19,0,1.7677224128931357e-08,9.549749010872572e-08,row_scaled_dual_fista
large_k,relaxation,fista_dual_lbfgs,50,3,25,1500018,1,converged,0.0889063000013266,0.052828300000328454,-0.0013495916635571873,19,58,2.184918912462308e-13,9.493042323822253e-08,row_scaled_dual_lbfgsb
large_k,relaxation,gurobi,50,3,25,1500018,1,optimal,0.03527530000064871,0.02882289999979548,-0.0013495725796778997,12,,1.0263363492413191e-09,,
large_k,relaxation,mosek,50,3,25,1500018,1,optimal,0.018317000000024564,0.016070800000306917,-0.0013495552987676743,11,,3.820448402080956e-10,,
large_k,relaxation,fista_dual_fista,50,3,25,1500019,2,converged,0.3020842999994784,0.26620419999926526,-0.0013886225250379792,18,0,9.121566613146115e-09,5.868046152090098e-09,row_scaled_dual_fista
large_k,relaxation,fista_dual_lbfgs,50,3,25,1500019,2,converged,0.08698099999855913,0.051086200001009274,-0.001388622623318318,18,56,2.460254222569347e-13,5.688423254403308e-09,row_scaled_dual_lbfgsb
large_k,relaxation,gurobi,50,3,25,1500019,2,optimal,0.03341999999975087,0.02815280000140774,-0.0013886055749163587,10,,5.872280439689348e-11,,
large_k,relaxation,mosek,50,3,25,1500019,2,optimal,0.019393599999602884,0.0171133000003465,-0.001387624291134022,11,,1.0792050808561271e-08,,
large_k,relaxation,fista_dual_fista,50,3,25,1500020,3,converged,0.40478989999974146,0.3699850000011793,-0.0011579781102853577,25,0,9.707537884651174e-09,7.28973536484917e-08,row_scaled_dual_fista
large_k,relaxation,fista_dual_lbfgs,50,3,25,1500020,3,converged,0.10300800000004529,0.06927050000012969,-0.0011579780008681428,25,82,6.838973831690964e-13,7.361850442225031e-08,row_scaled_dual_lbfgsb
large_k,relaxation,gurobi,50,3,25,1500020,3,optimal,0.03401249999842548,0.0277951000007306,-0.0011579746722564024,11,,2.46023812433549e-09,,
large_k,relaxation,mosek,50,3,25,1500020,3,optimal,0.018323700000109966,0.016042799999922863,-0.0011557554551630909,11,,2.5099198386335786e-08,,
large_k,relaxation,fista_dual_fista,50,3,25,1500021,4,converged,0.4599139000001742,0.42444979999891075,-0.0014214859341098417,25,0,1.3508627993985556e-08,8.196103769493878e-08,row_scaled_dual_fista
large_k,relaxation,fista_dual_lbfgs,50,3,25,1500021,4,converged,0.10581100000126753,0.07037970000055793,-0.0014214860786548218,25,77,8.890665981198254e-13,8.19217306678868e-08,row_scaled_dual_lbfgsb
large_k,relaxation,gurobi,50,3,25,1500021,4,optimal,0.04057530000136467,0.02867820000028587,-0.0014214650455647484,11,,1.653706060977811e-10,,
large_k,relaxation,mosek,50,3,25,1500021,4,optimal,0.018955999999889173,0.01667489999999816,-0.0014202897493450634,12,,1.289918971636439e-08,,
large_k,relaxation,fista_dual_fista,50,3,25,1500022,5,converged,0.3581977000012557,0.32191360000069835,-0.0010590664756340365,21,0,7.11884950987951e-09,4.964309232258734e-08,row_scaled_dual_fista
large_k,relaxation,fista_dual_lbfgs,50,3,25,1500022,5,converged,0.0936613000012585,0.05836219999946479,-0.0010590665560756933,21,65,8.064660050877137e-13,4.707665531855707e-08,row_scaled_dual_lbfgsb
large_k,relaxation,gurobi,50,3,25,1500022,5,optimal,0.044979000000239466,0.030072399998971377,-0.0010590644923803832,11,,1.3021926870138145e-09,,
large_k,relaxation,mosek,50,3,25,1500022,5,optimal,0.020563799998853938,0.01774180000029446,-0.0010588083008531458,12,,2.7342044184308634e-09,,
large_k,relaxation,fista_dual_fista,50,3,25,1500023,6,converged,0.3298180000001594,0.29441189999852213,-0.0014333886280414754,19,0,4.5671066928321125e-09,1.8516261693877772e-08,row_scaled_dual_fista
large_k,relaxation,fista_dual_lbfgs,50,3,25,1500023,6,converged,0.09026579999954265,0.05433400000038091,-0.001433388677050701,19,57,3.4994229736184934e-13,1.848801309395561e-08,row_scaled_dual_lbfgsb
large_k,relaxation,gurobi,50,3,25,1500023,6,optimal,0.04858840000088094,0.032129400000485475,-0.0014333832072889793,12,,3.5922409491462304e-10,,
large_k,relaxation,mosek,50,3,25,1500023,6,optimal,0.028665300000284333,0.02624859999923501,-0.001433295035070361,11,,1.0459862975764622e-09,,
large_k,relaxation,fista_dual_fista,50,3,25,1500024,7,converged,0.4636892999988049,0.42607649999990826,-0.0012396848029557657,25,0,4.815444931693946e-09,8.262008242750667e-08,row_scaled_dual_fista
large_k,relaxation,fista_dual_lbfgs,50,3,25,1500024,7,converged,0.10910809999950288,0.07258609999917098,-0.0012396848560707607,25,78,1.1510792319313623e-12,8.268682162308427e-08,row_scaled_dual_lbfgsb
large_k,relaxation,gurobi,50,3,25,1500024,7,optimal,0.04578599999877042,0.02879209999991872,-0.0012396824782355109,12,,2.787989838992644e-10,,
large_k,relaxation,mosek,50,3,25,1500024,7,optimal,0.018698500000027707,0.016419799998402596,-0.0012383666368248145,11,,1.4646223900349753e-08,,
large_k,relaxation,fista_dual_fista,50,3,25,1500025,8,converged,0.2519310999996378,0.2149387999997998,-0.0012363497959600317,16,0,5.7807669762155456e-09,6.436278946395645e-08,row_scaled_dual_fista
large_k,relaxation,fista_dual_lbfgs,50,3,25,1500025,8,converged,0.08156710000002931,0.04595960000187915,-0.0012363498602898995,16,49,1.127986593019159e-13,6.45353395938086e-08,row_scaled_dual_lbfgsb
large_k,relaxation,gurobi,50,3,25,1500025,8,optimal,0.03735980000055861,0.02867049999986193,-0.0012363380505292336,10,,1.3455903058456897e-12,,
large_k,relaxation,mosek,50,3,25,1500025,8,optimal,0.019199200000002747,0.016871699999683187,-0.0012363372225206552,12,,1.2957734885077343e-10,,
large_k,relaxation,fista_dual_fista,50,3,25,1500026,9,converged,0.3889295000008133,0.35262449999936507,-0.0012260456765152174,23,0,9.779654419617145e-09,6.565554500682243e-08,row_scaled_dual_fista
large_k,relaxation,fista_dual_lbfgs,50,3,25,1500026,9,converged,0.10694080000030226,0.07092220000231464,-0.0012260457847300798,23,71,8.29558643999917e-13,6.534581023542652e-08,row_scaled_dual_lbfgsb
large_k,relaxation,gurobi,50,3,25,1500026,9,optimal,0.032265299998471164,0.02940889999990759,-0.0012260360541755909,10,,9.257927757744255e-12,,
large_k,relaxation,mosek,50,3,25,1500026,9,optimal,0.020082200000615558,0.017747699999745237,-0.001225854918702713,11,,2.0536187195219213e-09,,
large_k,relaxation,fista_dual_fista,100,5,50,2000017,0,converged,0.4757929999996122,0.4376847999992606,-0.0030927009897128745,26,0,4.077368220833932e-09,2.5658875796842766e-08,row_scaled_dual_fista
large_k,relaxation,fista_dual_lbfgs,100,5,50,2000017,0,converged,0.12555179999981192,0.08800340000016149,-0.003092700959895887,26,81,2.69562150378988e-13,2.6412381502511234e-08,row_scaled_dual_lbfgsb
large_k,relaxation,gurobi,100,5,50,2000017,0,optimal,0.07136280000122497,0.058017500001369626,-0.0030926998715819585,11,,8.693046282814976e-13,,
large_k,relaxation,mosek,100,5,50,2000017,0,optimal,0.03332829999999376,0.03012730000045849,-0.0030926962569158365,12,,2.1990520515657863e-11,,
large_k,relaxation,fista_dual_fista,100,5,50,2000018,1,converged,0.46317549999912444,0.42710840000108874,-0.0031256013662861754,26,0,7.0563688225888654e-09,5.890254870756806e-08,row_scaled_dual_fista
large_k,relaxation,fista_dual_lbfgs,100,5,50,2000018,1,converged,0.11550150000039139,0.07937110000057146,-0.0031256013150204494,26,81,2.5757174171303632e-14,5.939491081497047e-08,row_scaled_dual_lbfgsb
large_k,relaxation,gurobi,100,5,50,2000018,1,optimal,0.11810899999909452,0.11036039999999048,-0.003125596389393741,11,,6.320188816744121e-11,,
large_k,relaxation,mosek,100,5,50,2000018,1,optimal,0.0346622999986721,0.03227409999999509,-0.0031255978371085014,12,,1.9506507520361538e-11,,
large_k,relaxation,fista_dual_fista,100,5,50,2000019,2,converged,0.44270160000087344,0.40646489999926416,-0.00318254076117957,25,0,8.389717365275828e-09,4.6430014449158064e-08,row_scaled_dual_fista
large_k,relaxation,fista_dual_lbfgs,100,5,50,2000019,2,converged,0.11078249999991385,0.0747639999990497,-0.0031825407011555045,25,78,8.08242361927114e-13,4.642296168317447e-08,row_scaled_dual_lbfgsb
large_k,relaxation,gurobi,100,5,50,2000019,2,optimal,0.07241489999978512,0.056261199999426026,-0.0031824954007452326,12,,4.631172112468107e-10,,
large_k,relaxation,mosek,100,5,50,2000019,2,optimal,0.03405480000037642,0.03138310000031197,-0.0031814369290186096,12,,5.395934365992616e-09,,
large_k,relaxation,fista_dual_fista,100,5,50,2000020,3,converged,0.42108490000100574,0.3854633999981161,-0.003222173532527177,25,0,3.098801260037476e-08,2.2416026801803345e-08,row_scaled_dual_fista
large_k,relaxation,fista_dual_lbfgs,100,5,50,2000020,3,converged,0.11342379999950936,0.0777870999991137,-0.0032221733105678874,25,78,1.6431300764452317e-14,2.2364353024464516e-08,row_scaled_dual_lbfgsb
large_k,relaxation,gurobi,100,5,50,2000020,3,optimal,0.06737009999960719,0.05833089999941876,-0.0032221611830185216,12,,3.2610996125725933e-09,,
large_k,relaxation,mosek,100,5,50,2000020,3,optimal,0.03424470000027213,0.03193770000143559,-0.0032216164649869795,12,,2.5071742459914503e-09,,
large_k,relaxation,fista_dual_fista,100,5,50,2000021,4,converged,0.43400259999907576,0.39799589999893215,-0.0031918323917082946,27,0,1.6231700428193108e-09,7.717712800821483e-08,row_scaled_dual_fista
large_k,relaxation,fista_dual_lbfgs,100,5,50,2000021,4,converged,0.12890580000021146,0.0916897000024619,-0.003191832403392214,27,89,9.85878045867139e-14,7.716578021125326e-08,row_scaled_dual_lbfgsb
large_k,relaxation,gurobi,100,5,50,2000021,4,optimal,0.06223929999941902,0.056043599999611615,-0.0031918285874022647,12,,9.481926355192627e-11,,
large_k,relaxation,mosek,100,5,50,2000021,4,optimal,0.033145599998533726,0.03082370000083756,-0.0031905844958422212,12,,5.9962728116147446e-09,,
large_k,relaxation,fista_dual_fista,100,5,50,2000022,5,converged,0.44863059999988764,0.4092436999999336,-0.003250325107133273,28,0,7.421743575264372e-08,7.530710353801617e-08,row_scaled_dual_fista
large_k,relaxation,fista_dual_lbfgs,100,5,50,2000022,5,converged,0.1246289999999135,0.08825299999807612,-0.0032503245777762025,28,89,1.4157564010019996e-12,7.529921573160579e-08,row_scaled_dual_lbfgsb
large_k,relaxation,gurobi,100,5,50,2000022,5,optimal,0.07191570000031788,0.05710730000100739,-0.0032503198397538825,11,,5.897673460708575e-10,,
large_k,relaxation,mosek,100,5,50,2000022,5,optimal,0.03625620000093477,0.03254910000032396,-0.0032487760662664837,12,,6.074867386907101e-09,,
large_k,relaxation,fista_dual_fista,100,5,50,2000023,6,converged,0.5494730999998865,0.4760785999988002,-0.0031201661973361116,27,0,3.507950552261718e-08,4.971573903161367e-08,row_scaled_dual_fista
large_k,relaxation,fista_dual_lbfgs,100,5,50,2000023,6,converged,0.1306417000014335,0.09286669999892183,-0.003120165939862281,27,85,6.812328479099961e-13,4.922029516653959e-08,row_scaled_dual_lbfgsb
large_k,relaxation,gurobi,100,5,50,2000023,6,optimal,0.0654458999997587,0.058093199999348144,-0.003120157789829603,11,,2.148331512685786e-10,,
large_k,relaxation,mosek,100,5,50,2000023,6,optimal,0.034822100000383216,0.03217909999875701,-0.003118127490102056,11,,9.069432538311162e-09,,
large_k,relaxation,fista_dual_fista,100,5,50,2000024,7,converged,0.3791817000001174,0.34276000000136264,-0.0032352626600555753,21,0,5.7324771152167386e-08,6.55222216633854e-08,row_scaled_dual_fista
large_k,relaxation,fista_dual_lbfgs,100,5,50,2000024,7,converged,0.09924540000065463,0.06341690000044764,-0.0032352622490366464,21,66,1.3633538742396922e-13,6.574684662360871e-08,row_scaled_dual_lbfgsb
large_k,relaxation,gurobi,100,5,50,2000024,7,optimal,0.058652000001529814,0.055385300000125426,-0.0032352608493684716,11,,6.21617202156699e-11,,
large_k,relaxation,mosek,100,5,50,2000024,7,optimal,0.033767599999919184,0.030099699999482254,-0.0032351913087282688,12,,3.6269942604860717e-10,,
large_k,relaxation,fista_dual_fista,100,5,50,2000025,8,converged,0.3669540999999299,0.32997189999878174,-0.003272613064015833,23,0,4.571656830876236e-09,6.786739899199179e-08,row_scaled_dual_fista
large_k,relaxation,fista_dual_lbfgs,100,5,50,2000025,8,converged,0.10797599999932572,0.07202200000028824,-0.0032726130963798474,23,72,4.289901767151605e-13,6.80232668332445e-08,row_scaled_dual_lbfgsb
large_k,relaxation,gurobi,100,5,50,2000025,8,optimal,0.06446929999947315,0.06120960000043851,-0.0032725799573761344,13,,1.1567709012894056e-09,,
large_k,relaxation,mosek,100,5,50,2000025,8,optimal,0.032269700001052115,0.029930299999250565,-0.003271415251465428,12,,5.458733909335933e-09,,
large_k,relaxation,fista_dual_fista,100,5,50,2000026,9,converged,0.43854800000008254,0.4040187999999034,-0.003065476121863177,27,0,1.6742776054456954e-09,8.102788089818967e-08,row_scaled_dual_fista
large_k,relaxation,fista_dual_lbfgs,100,5,50,2000026,9,converged,0.11808969999947294,0.08183330000247224,-0.0030654761342868257,27,84,7.265299473147024e-13,8.098611358322011e-08,row_scaled_dual_lbfgsb
large_k,relaxation,gurobi,100,5,50,2000026,9,optimal,0.06420999999863852,0.058398099999976694,-0.0030654714446087666,12,,3.128268755148156e-10,,
large_k,relaxation,mosek,100,5,50,2000026,9,optimal,0.03331160000016098,0.030820600000879494,-0.0030654183986108113,12,,2.7336088948004544e-10,,
large_k,relaxation,fista_dual_fista,300,15,50,4000017,0,converged,0.6425455999997212,0.5893583999986731,-0.007537152471290941,32,0,4.1375936454812745e-08,6.790498900821054e-08,row_scaled_dual_fista
large_k,relaxation,fista_dual_lbfgs,300,15,50,4000017,0,converged,0.14919709999958286,0.11222930000076303,-0.00753715241072031,32,96,3.517186542012496e-13,6.842545503846816e-08,row_scaled_dual_lbfgsb
large_k,relaxation,gurobi,300,15,50,4000017,0,optimal,0.17566489999990154,0.15878700000030221,-0.007537137148086289,14,,3.930695768872283e-10,,
large_k,relaxation,mosek,300,15,50,4000017,0,optimal,0.07107139999970968,0.06858180000017455,-0.0075365956984042295,13,,1.5692364074837428e-09,,
large_k,relaxation,fista_dual_fista,300,15,50,4000018,1,converged,0.5632824000003893,0.527726000000257,-0.007460679911082484,33,0,2.159369283383228e-08,4.7865281681847605e-08,row_scaled_dual_fista
large_k,relaxation,fista_dual_lbfgs,300,15,50,4000018,1,converged,0.14956809999966936,0.11329810000097496,-0.007460679882028651,33,100,3.5993430458347575e-13,4.788779479058294e-08,row_scaled_dual_lbfgsb
large_k,relaxation,gurobi,300,15,50,4000018,1,optimal,0.1633270000002085,0.15034390000073472,-0.0074606644692758696,13,,9.583289717340904e-11,,
large_k,relaxation,mosek,300,15,50,4000018,1,optimal,0.06718040000123437,0.06416580000040994,-0.007460169869078614,12,,1.4188742403220544e-09,,
large_k,relaxation,fista_dual_fista,300,15,50,4000019,2,converged,0.5912072000010085,0.5560556999989785,-0.007543647188719964,35,0,2.115164665639213e-08,9.92896712127218e-08,row_scaled_dual_fista
large_k,relaxation,fista_dual_lbfgs,300,15,50,4000019,2,converged,0.15311839999958465,0.11774080000213871,-0.007543647157175357,35,105,1.7030821197749901e-13,9.968835384123977e-08,row_scaled_dual_lbfgsb
large_k,relaxation,gurobi,300,15,50,4000019,2,optimal,0.15112149999913527,0.13961700000072597,-0.007543625449851361,12,,2.925364395167662e-10,,
large_k,relaxation,mosek,300,15,50,4000019,2,optimal,0.07636439999987488,0.07347939999999653,-0.007543208347157265,16,,1.2939230797925916e-09,,
large_k,relaxation,fista_dual_fista,300,15,50,4000020,3,converged,0.5559850000008737,0.5207623999995121,-0.007581803883636831,32,0,3.9972707366331406e-08,9.807229482469174e-08,row_scaled_dual_fista
large_k,relaxation,fista_dual_lbfgs,300,15,50,4000020,3,converged,0.21246049999899697,0.14944820000164327,-0.007581803821127045,32,96,5.551115123125783e-13,9.833766984839219e-08,row_scaled_dual_lbfgsb
large_k,relaxation,gurobi,300,15,50,4000020,3,optimal,0.15108999999938533,0.13355719999890425,-0.007581776213942958,12,,3.3175684421848928e-12,,
large_k,relaxation,mosek,300,15,50,4000020,3,optimal,0.07510770000044431,0.07253130000026431,-0.0075812977952857625,15,,1.4092652600439237e-09,,
large_k,relaxation,fista_dual_fista,300,15,50,4000021,4,converged,0.7077871999990748,0.6421726000007766,-0.0075820726467267134,34,0,1.1260241405963711e-08,3.280253749477553e-08,row_scaled_dual_fista
large_k,relaxation,fista_dual_lbfgs,300,15,50,4000021,4,converged,0.16132900000047812,0.12451560000044992,-0.00758207263280491,34,112,2.2386250631001303e-09,3.324288376924905e-08,row_scaled_dual_lbfgsb
large_k,relaxation,gurobi,300,15,50,4000021,4,optimal,0.1703706999996939,0.15370419999999285,-0.007582066070454933,14,,8.431699782818214e-12,,
large_k,relaxation,mosek,300,15,50,4000021,4,optimal,0.07769519999965269,0.07401070000014442,-0.007581914113991192,15,,3.090218081425178e-10,,
large_k,relaxation,fista_dual_fista,300,15,50,4000022,5,converged,0.5464050000009593,0.5099473000009311,-0.007594480984559181,31,0,1.6275258696296646e-08,8.239304473372097e-08,row_scaled_dual_fista
large_k,relaxation,fista_dual_lbfgs,300,15,50,4000022,5,converged,0.13880109999990964,0.10331459999906656,-0.007594480958686867,31,93,4.880540416252188e-13,8.595075648074443e-08,row_scaled_dual_lbfgsb
large_k,relaxation,gurobi,300,15,50,4000022,5,optimal,0.14992960000017774,0.14528129999962403,-0.007594477707930605,14,,4.928946140125845e-12,,
large_k,relaxation,mosek,300,15,50,4000022,5,optimal,0.0710826000013185,0.0682954999992944,-0.0075942192758694516,15,,7.377456423540707e-10,,
large_k,relaxation,fista_dual_fista,300,15,50,4000023,6,converged,0.560587600000872,0.5248725999990711,-0.007491841316864439,32,0,2.6014039811173006e-08,6.6432144238165e-08,row_scaled_dual_fista
large_k,relaxation,fista_dual_lbfgs,300,15,50,4000023,6,converged,0.1377520000005461,0.1028504999994766,-0.00749184128055985,32,96,4.565237077258644e-13,6.664104512964224e-08,row_scaled_dual_lbfgsb
large_k,relaxation,gurobi,300,15,50,4000023,6,optimal,0.1584495999995852,0.1526465000006283,-0.007491833238589568,14,,5.405937919533699e-10,,
large_k,relaxation,mosek,300,15,50,4000023,6,optimal,0.07193120000010822,0.06942159999925934,-0.0074918041928770185,14,,9.74895719707547e-11,,
large_k,relaxation,fista_dual_fista,300,15,50,4000024,7,converged,0.5987471999997069,0.5641037999976106,-0.007512220800969346,34,0,3.9755577496691785e-08,9.909800150652775e-08,row_scaled_dual_fista
large_k,relaxation,fista_dual_lbfgs,300,15,50,4000024,7,converged,0.14120029999867256,0.1065240999996604,-0.007512220744324665,34,102,7.58948459633757e-13,9.960034895265001e-08,row_scaled_dual_lbfgsb
large_k,relaxation,gurobi,300,15,50,4000024,7,optimal,0.16471660000024713,0.16113469999982044,-0.00751221811041577,13,,3.679945237422544e-12,,
large_k,relaxation,mosek,300,15,50,4000024,7,optimal,0.07415800000126183,0.07143989999894984,-0.007511472827768702,13,,2.259881060062696e-09,,
large_k,relaxation,fista_dual_fista,300,15,50,4000025,8,converged,0.6450525000000198,0.6090084000006755,-0.007568794189163282,31,0,1.9833019226922488e-08,3.483231289775287e-08,row_scaled_dual_fista
large_k,relaxation,fista_dual_lbfgs,300,15,50,4000025,8,converged,0.145556100000249,0.10936979999860341,-0.007568794158704339,31,93,3.597122599785507e-14,3.5017436785316785e-08,row_scaled_dual_lbfgsb
large_k,relaxation,gurobi,300,15,50,4000025,8,optimal,0.18496090000007825,0.17177790000096138,-0.00756878953934172,16,,3.301459106097582e-11,,
large_k,relaxation,mosek,300,15,50,4000025,8,optimal,0.08699479999995674,0.08432840000023134,-0.007568683726679323,19,,2.564580769970348e-10,,
large_k,relaxation,fista_dual_fista,300,15,50,4000026,9,converged,0.558611700000256,0.5218758999999409,-0.007558389629560863,33,0,1.6358587817677517e-09,5.18475199862968e-08,row_scaled_dual_fista
large_k,relaxation,fista_dual_lbfgs,300,15,50,4000026,9,converged,0.14902540000002773,0.11155269999835582,-0.007558389632016121,33,99,2.744471316873387e-13,5.097539852806811e-08,row_scaled_dual_lbfgsb
large_k,relaxation,gurobi,300,15,50,4000026,9,optimal,0.1728767999993579,0.15854190000027302,-0.007558343590820168,14,,8.86188900039997e-10,,
large_k,relaxation,mosek,300,15,50,4000026,9,optimal,0.07527870000012626,0.07285480000064126,-0.007557976394988299,16,,1.142880123872203e-09,,
large_k,relaxation,fista_dual_fista,1000,50,50,11000017,0,converged,2.0202156999985164,1.9822370000001683,-0.010170237755341278,72,0,9.947977597235536e-08,9.498748351163705e-08,row_scaled_dual_fista
large_k,relaxation,fista_dual_lbfgs,1000,50,50,11000017,0,converged,0.22224379999897792,0.18619440000111354,-0.010170238459992546,38,136,5.148030890467226e-09,7.278202294142484e-08,row_scaled_dual_lbfgsb
large_k,relaxation,gurobi,1000,50,50,11000017,0,optimal,0.5970287000000098,0.5909916999989946,-0.010170218529927968,18,,4.0598635564492724e-12,,
large_k,relaxation,mosek,1000,50,50,11000017,0,optimal,0.24706760000117356,0.24400640000021667,-0.010170206401534439,17,,1.995015264100175e-11,,
large_k,relaxation,fista_dual_fista,1000,50,50,11000018,1,converged,1.8388024000014411,1.8021533000010095,-0.010135108347770474,68,0,3.0958320351714974e-09,8.373602413507847e-08,row_scaled_dual_fista
large_k,relaxation,fista_dual_lbfgs,1000,50,50,11000018,1,converged,0.29392770000049495,0.25849989999915124,-0.01013510833845193,40,144,1.7779331340506133e-09,8.308038259429253e-08,row_scaled_dual_lbfgsb
large_k,relaxation,gurobi,1000,50,50,11000018,1,optimal,0.5185565000010683,0.49420680000002903,-0.010135080389905888,15,,8.475886659198295e-12,,
large_k,relaxation,mosek,1000,50,50,11000018,1,optimal,0.25341600000137987,0.2502500999999029,-0.010135001395702836,16,,1.1033862712395148e-10,,
large_k,relaxation,fista_dual_fista,1000,50,50,11000019,2,time_limit,3.059901799999352,3.024325799997314,-0.010170998593450883,105,0,1.649741077081046e-07,3.037557926343905e-08,row_scaled_dual_fista
large_k,relaxation,fista_dual_lbfgs,1000,50,50,11000019,2,converged,0.19894139999996696,0.16373080000084883,-0.010170997957219612,36,127,7.065939078287897e-08,6.765339255459053e-08,row_scaled_dual_lbfgsb
large_k,relaxation,gurobi,1000,50,50,11000019,2,optimal,0.7059637000002112,0.6894494999996823,-0.01017099178633799,16,,7.043210459301008e-11,,
large_k,relaxation,mosek,1000,50,50,11000019,2,optimal,0.24666599999909522,0.2436969999998837,-0.010170814131767417,17,,2.0933055289162894e-10,,
large_k,relaxation,fista_dual_fista,1000,50,50,11000020,3,converged,1.871825500000341,1.8359112999987701,-0.010191601437149677,69,0,1.535691573906206e-09,4.082592094357856e-08,row_scaled_dual_fista
large_k,relaxation,fista_dual_lbfgs,1000,50,50,11000020,3,converged,0.23324309999952675,0.19812050000109593,-0.01019160144693352,42,150,6.113998196610737e-13,8.737132191656923e-08,row_scaled_dual_lbfgsb
large_k,relaxation,gurobi,1000,50,50,11000020,3,optimal,0.5944710000003397,0.5758881000001566,-0.010191597879817247,16,,1.0694778396214133e-12,,
large_k,relaxation,mosek,1000,50,50,11000020,3,optimal,0.3098267000004853,0.3067788999996992,-0.01019155323319997,18,,3.5984482060769096e-10,,
large_k,relaxation,fista_dual_fista,1000,50,50,11000021,4,time_limit,3.08972569999969,3.050901200000226,-0.010199438288643767,92,0,2.853190879115175e-07,1.0158525965845275e-07,row_scaled_dual_fista
large_k,relaxation,fista_dual_lbfgs,1000,50,50,11000021,4,converged,0.22623100000055274,0.19183680000060122,-0.010199436375939364,40,144,3.6674452363882892e-09,7.835642010654313e-08,row_scaled_dual_lbfgsb
large_k,relaxation,gurobi,1000,50,50,11000021,4,optimal,0.5551369000004343,0.5461890999995376,-0.01019942701322744,17,,1.1010081735207677e-11,,
large_k,relaxation,mosek,1000,50,50,11000021,4,optimal,0.24852549999923212,0.24433719999979076,-0.010199360352867731,17,,1.260362925137315e-10,,
large_k,relaxation,fista_dual_fista,1000,50,50,11000022,5,time_limit,3.0849336000010226,3.049103400000604,-0.010179734562666107,103,0,1.2425497641910255e-07,1.169509270951425e-07,row_scaled_dual_fista
large_k,relaxation,fista_dual_lbfgs,1000,50,50,11000022,5,converged,0.2341445999991265,0.1987013999987539,-0.010179735404655454,42,151,3.5482283777810153e-10,4.1940809322591075e-08,row_scaled_dual_lbfgsb
large_k,relaxation,gurobi,1000,50,50,11000022,5,optimal,0.562206900000092,0.5564252000003762,-0.010179728100622412,17,,9.29034627006331e-12,,
large_k,relaxation,mosek,1000,50,50,11000022,5,optimal,0.25450329999875976,0.251409299999068,-0.010179649127283046,17,,6.562285159716907e-10,,
large_k,relaxation,fista_dual_fista,1000,50,50,11000023,6,converged,1.8285292999989906,1.7927624999992986,-0.010121239348482473,67,0,9.388166910540008e-09,8.087509295259836e-08,row_scaled_dual_fista
large_k,relaxation,fista_dual_lbfgs,1000,50,50,11000023,6,converged,0.24231229999895731,0.20556009999927483,-0.010121239440564136,41,148,4.547060283854876e-09,9.139844602623581e-08,row_scaled_dual_lbfgsb
large_k,relaxation,gurobi,1000,50,50,11000023,6,optimal,0.5486383000006754,0.5323195999990276,-0.01012123090454625,16,,7.710554417172943e-11,,
large_k,relaxation,mosek,1000,50,50,11000023,6,optimal,0.2459668999999849,0.24256099999911385,-0.010121184161610718,17,,1.5187062718524658e-10,,
large_k,relaxation,fista_dual_fista,1000,50,50,11000024,7,time_limit,3.0435640000014246,3.0078443000020343,-0.010190179985831976,102,0,2.4835949807844315e-07,1.7364541427082075e-08,row_scaled_dual_fista
large_k,relaxation,fista_dual_lbfgs,1000,50,50,11000024,7,converged,0.24226810000072874,0.20759850000104052,-0.010190178305403894,45,164,2.6328494939775737e-10,6.397732800886633e-08,row_scaled_dual_lbfgsb
large_k,relaxation,gurobi,1000,50,50,11000024,7,optimal,0.638100599999234,0.628187499998603,-0.010190157859569324,17,,3.3866243143165775e-12,,
large_k,relaxation,mosek,1000,50,50,11000024,7,optimal,0.26795640000091225,0.26481629999943834,-0.010190089794299504,19,,8.493339365145403e-11,,
large_k,relaxation,fista_dual_fista,1000,50,50,11000025,8,converged,1.3065265000004729,1.2701747999999498,-0.01017481319987314,47,0,6.871012914189123e-08,7.574399415745703e-09,row_scaled_dual_fista
large_k,relaxation,fista_dual_lbfgs,1000,50,50,11000025,8,converged,0.23294759999953385,0.1954511999992974,-0.010174812735821673,42,146,2.6845192735436285e-13,7.068944421664515e-08,row_scaled_dual_lbfgsb
large_k,relaxation,gurobi,1000,50,50,11000025,8,optimal,0.5824895000005199,0.5670240999988891,-0.010174799653731557,17,,1.2979706198734675e-10,,
large_k,relaxation,mosek,1000,50,50,11000025,8,optimal,0.24122799999895506,0.23702349999985017,-0.010174562866206424,16,,3.1781799414432044e-10,,
large_k,relaxation,fista_dual_fista,1000,50,50,11000026,9,time_limit,3.1009157999997115,3.0653399000002537,-0.010159186533296661,105,0,1.3646630991903663e-07,1.0137162484171262e-07,row_scaled_dual_fista
large_k,relaxation,fista_dual_lbfgs,1000,50,50,11000026,9,converged,0.253097799999523,0.2179751000003307,-0.010159187458956845,46,168,1.590372722404254e-09,8.758387957074987e-08,row_scaled_dual_lbfgsb
large_k,relaxation,gurobi,1000,50,50,11000026,9,optimal,0.4820098999989568,0.46476219999931345,-0.01015918006260466,14,,7.109202115884727e-12,,
large_k,relaxation,mosek,1000,50,50,11000026,9,optimal,0.24951150000015332,0.24645260000033886,-0.010159182152463656,17,,5.991285245698919e-11,,
large_k,relaxation,fista_dual_fista,5000,50,50,51000017,0,time_limit,3.064853400001084,3.024681999999302,-0.006529439318196578,70,0,3.9380858352089376e-07,2.35445095801195e-08,row_scaled_dual_fista
large_k,relaxation,fista_dual_lbfgs,5000,50,50,51000017,0,converged,0.4756551999998919,0.4344211000006908,-0.006529439030323765,68,162,1.1924461418288956e-10,7.027074572377669e-08,row_scaled_dual_lbfgsb
large_k,relaxation,gurobi,5000,50,50,51000017,0,optimal,3.2515536999999313,3.2292816000008315,-0.006529389929678002,24,,2.472666515984656e-11,,
large_k,relaxation,mosek,5000,50,50,51000017,0,optimal,2.1033458999991126,2.0939957999999024,-0.006529372174457542,25,,2.7293345361556476e-10,,
large_k,relaxation,fista_dual_fista,5000,50,50,51000018,1,converged,2.853065000001152,2.8071460999981355,-0.006544977030477356,66,0,7.912608346316574e-10,7.629223622670196e-08,row_scaled_dual_fista
large_k,relaxation,fista_dual_lbfgs,5000,50,50,51000018,1,converged,0.4710541000004014,0.4314122999985557,-0.0065449770303617275,66,156,1.8324897155252984e-11,8.980941096698749e-08,row_scaled_dual_lbfgsb
large_k,relaxation,gurobi,5000,50,50,51000018,1,time_limit,3.3521799000009196,3.323756499999945,,24,,,,
large_k,relaxation,mosek,5000,50,50,51000018,1,optimal,1.9155979999995907,1.9059884999987844,-0.006544867646549229,23,,2.538171228749775e-09,,
large_k,relaxation,fista_dual_fista,5000,50,50,51000019,2,time_limit,3.1205485999998928,3.042732799998703,-0.006515711138840565,67,0,4.0414452007198065e-07,3.409902798453029e-08,row_scaled_dual_fista
large_k,relaxation,fista_dual_lbfgs,5000,50,50,51000019,2,converged,0.425653100001,0.3857692000001407,-0.006515710834686435,63,149,6.056288803790721e-11,8.042892976861894e-08,row_scaled_dual_lbfgsb
large_k,relaxation,gurobi,5000,50,50,51000019,2,optimal,3.130235399999947,3.1068188000008377,-0.0065156550489405265,23,,3.916178492602285e-11,,
large_k,relaxation,mosek,5000,50,50,51000019,2,optimal,1.7894009000010556,1.782092499999635,-0.006515649841587893,24,,1.1793696019779532e-09,,
large_k,relaxation,fista_dual_fista,5000,50,50,51000020,3,converged,2.897899300000063,2.8559630999989167,-0.0065096862400170815,67,0,4.223035121597718e-08,9.985305958210747e-08,row_scaled_dual_fista
large_k,relaxation,fista_dual_lbfgs,5000,50,50,51000020,3,converged,0.858776900000521,0.8141861999993125,-0.006509686271824446,67,163,7.509726174248499e-11,9.96625876218851e-08,row_scaled_dual_lbfgsb
large_k,relaxation,gurobi,5000,50,50,51000020,3,time_limit,3.566994299999351,3.5118431000009878,,8,,,,
large_k,relaxation,mosek,5000,50,50,51000020,3,optimal,2.0458926999999676,2.034743599999274,-0.006509578227792424,23,,2.012323307987174e-09,,
large_k,relaxation,fista_dual_fista,5000,50,50,51000021,4,time_limit,3.0975161000005755,3.0557238000001234,-0.006498739842908578,65,0,4.239944715322963e-07,3.058173079731472e-08,row_scaled_dual_fista
large_k,relaxation,fista_dual_lbfgs,5000,50,50,51000021,4,converged,0.5203301000001375,0.4725077000002784,-0.006498739509325653,64,152,1.8270718271651276e-11,8.495168281094571e-08,row_scaled_dual_lbfgsb
large_k,relaxation,gurobi,5000,50,50,51000021,4,time_limit,3.4530644999995275,3.433543800001644,,23,,,,
large_k,relaxation,mosek,5000,50,50,51000021,4,optimal,1.7938785999995162,1.7857533999995212,-0.0064986403139207375,25,,4.3182124542795464e-11,,
large_k,relaxation,fista_dual_fista,5000,50,50,51000022,5,converged,2.846408600000359,2.806024099998467,-0.006531934808380934,65,0,1.4461499553419799e-08,2.3140425678930127e-08,row_scaled_dual_fista
large_k,relaxation,fista_dual_lbfgs,5000,50,50,51000022,5,converged,0.6453767000002699,0.5985316999995121,-0.006531934796858556,61,141,2.4946711363327267e-11,8.327163025908428e-08,row_scaled_dual_lbfgsb
large_k,relaxation,gurobi,5000,50,50,51000022,5,time_limit,3.410358200000701,3.3747220000004745,,18,,,,
large_k,relaxation,mosek,5000,50,50,51000022,5,optimal,2.1225561999999627,2.110410500001308,-0.006531868092652712,23,,4.742646275701645e-09,,
large_k,relaxation,fista_dual_fista,5000,50,50,51000023,6,time_limit,3.112041999998837,3.069095599999855,-0.006552450727119726,63,0,3.7515507012031435e-07,1.764774745181531e-08,row_scaled_dual_fista
large_k,relaxation,fista_dual_lbfgs,5000,50,50,51000023,6,converged,0.3896344000004319,0.3519866999995429,-0.006552450464092384,61,141,2.0426549340868405e-11,7.028250731557051e-08,row_scaled_dual_lbfgsb
large_k,relaxation,gurobi,5000,50,50,51000023,6,optimal,2.685688099998515,2.661301399999502,-0.006552402800840081,21,,1.6423196136372553e-11,,
large_k,relaxation,mosek,5000,50,50,51000023,6,optimal,1.425864200000433,1.418742400001065,-0.006552373132295369,23,,3.400022263733149e-09,,
large_k,relaxation,fista_dual_fista,5000,50,50,51000024,7,converged,2.5008625999998912,2.4622923000006267,-0.006528293096910275,67,0,7.010487301783996e-09,5.4441119915394554e-08,row_scaled_dual_fista
large_k,relaxation,fista_dual_lbfgs,5000,50,50,51000024,7,converged,0.39498060000005353,0.35869649999949615,-0.0065282931023288755,67,159,3.0564040187641695e-10,5.4727643114018404e-08,row_scaled_dual_lbfgsb
large_k,relaxation,gurobi,5000,50,50,51000024,7,optimal,2.9877276999995956,2.9691160999991553,-0.0065282596812496416,21,,2.416833400076257e-11,,
large_k,relaxation,mosek,5000,50,50,51000024,7,optimal,1.5091833999995288,1.5019069999998464,-0.0065281253589765395,26,,4.675535292264499e-09,,
large_k,relaxation,fista_dual_fista,5000,50,50,51000025,8,time_limit,3.0903440000001865,3.0478868999998667,-0.006526094209336143,78,0,3.25376884546813e-07,6.46234003767985e-11,row_scaled_dual_fista
large_k,relaxation,fista_dual_lbfgs,5000,50,50,51000025,8,converged,0.38701969999965513,0.35210410000036063,-0.006526094448827186,65,153,1.0857537091624181e-11,9.486710425602581e-08,row_scaled_dual_lbfgsb
large_k,relaxation,gurobi,5000,50,50,51000025,8,optimal,2.8608994999995048,2.8386410000002797,-0.006526067609874604,23,,3.907763002075626e-12,,
large_k,relaxation,mosek,5000,50,50,51000025,8,optimal,1.3566966000016691,1.3495994999993854,-0.006525984575565974,22,,2.7494004850581177e-09,,
large_k,relaxation,fista_dual_fista,5000,50,50,51000026,9,time_limit,3.0999730000003183,3.0626210999998875,-0.0065408593087835825,72,0,3.859719583942933e-07,9.075972780102782e-09,row_scaled_dual_fista
large_k,relaxation,fista_dual_lbfgs,5000,50,50,51000026,9,converged,0.38275740000062797,0.347669799999494,-0.006540859033310518,64,150,4.845235324069108e-11,9.686907169292045e-08,row_scaled_dual_lbfgsb
large_k,relaxation,gurobi,5000,50,50,51000026,9,optimal,2.893726300000708,2.8608960999990813,-0.0065408484528433845,24,,3.0053737276602988e-12,,
large_k,relaxation,mosek,5000,50,50,51000026,9,optimal,1.658994999999777,1.6512474000010116,-0.006540800633975639,24,,3.1656899324161714e-11,,
small_k,bnb,fista_dual_fista,10,2,5,100017,0,gap_limit,0.2742990999995527,0.002955899999506073,-0.004020748135414219,0,0,,,initial_incumbent
small_k,bnb,fista_dual_lbfgs,10,2,5,100017,0,gap_limit,0.13054159999956028,0.0027926000002480578,-0.004020748135414219,0,0,,,initial_incumbent
small_k,bnb,gurobi,10,2,5,100017,0,optimal,0.06425660000058997,0.06365189999996801,-0.004020748135414219,3.0,3,,,exact_binary_perspective_miqcp
small_k,bnb,mosek,10,2,5,100017,0,optimal,0.03457869999874674,0.03403029999935825,-0.004020748135414219,3,2,,,exact_binary_perspective_misocp
small_k,bnb,fista_dual_fista,10,2,5,100018,1,gap_limit,0.18468740000025718,0.007285700001375517,-0.004434191349181313,0,0,,,initial_incumbent
small_k,bnb,fista_dual_lbfgs,10,2,5,100018,1,gap_limit,0.13810469999953057,0.002770099999906961,-0.004434191349181313,0,0,,,initial_incumbent
small_k,bnb,gurobi,10,2,5,100018,1,optimal,0.030675600000904524,0.030096599999524187,-0.004434191349181313,1.0,1,,,exact_binary_perspective_miqcp
small_k,bnb,mosek,10,2,5,100018,1,optimal,0.015227500000037253,0.014659100001154002,-0.004434191349181313,0,1,,,exact_binary_perspective_misocp
small_k,bnb,fista_dual_fista,10,2,5,100019,2,gap_limit,0.18338500000027125,0.0025955000000976725,-0.003899492946810426,0,0,,,initial_incumbent
small_k,bnb,fista_dual_lbfgs,10,2,5,100019,2,gap_limit,0.12856230000033975,0.003154400001221802,-0.003899492946810426,0,0,,,initial_incumbent
small_k,bnb,gurobi,10,2,5,100019,2,optimal,0.040549200000896235,0.03980529999898863,-0.003899492946810426,1.0,1,,,exact_binary_perspective_miqcp
small_k,bnb,mosek,10,2,5,100019,2,optimal,0.022025400001439266,0.021244399998977315,-0.003899492946810426,0,1,,,exact_binary_perspective_misocp
small_k,bnb,fista_dual_fista,10,2,5,100020,3,gap_limit,0.2505741000004491,0.002639100001033512,-0.0033745497308099205,0,0,,,initial_incumbent
small_k,bnb,fista_dual_lbfgs,10,2,5,100020,3,gap_limit,0.24215929999991204,0.0033111000011558644,-0.0033745497308099205,0,0,,,initial_incumbent
small_k,bnb,gurobi,10,2,5,100020,3,optimal,0.04435229999944568,0.043740600000091945,-0.0033745497308099205,1.0,3,,,exact_binary_perspective_miqcp
small_k,bnb,mosek,10,2,5,100020,3,optimal,0.03858769999897049,0.03796959999999672,-0.0033745497308099205,3,2,,,exact_binary_perspective_misocp
small_k,bnb,fista_dual_fista,10,2,5,100021,4,gap_limit,0.15803830000004382,0.0035849000014422927,-0.0040645499057097665,0,0,,,initial_incumbent
small_k,bnb,fista_dual_lbfgs,10,2,5,100021,4,gap_limit,0.1265918999997666,0.002958200000648503,-0.0040645499057097665,0,0,,,initial_incumbent
small_k,bnb,gurobi,10,2,5,100021,4,optimal,0.028701299999738694,0.02823320000061358,-0.0040645499057097665,1.0,1,,,exact_binary_perspective_miqcp
small_k,bnb,mosek,10,2,5,100021,4,optimal,0.014864099999613245,0.014283800001066993,-0.0040645499057097665,0,1,,,exact_binary_perspective_misocp
small_k,bnb,fista_dual_fista,10,2,5,100022,5,optimal,0.20994990000144753,0.012886499998785439,-0.0045877498481301775,1,0,,,initial_incumbent
small_k,bnb,fista_dual_lbfgs,10,2,5,100022,5,optimal,0.1432963999995991,0.014088899999478599,-0.0045877498481301775,1,0,,,initial_incumbent
small_k,bnb,gurobi,10,2,5,100022,5,optimal,0.04448880000018107,0.04398360000050161,-0.0045877498481301775,3.0,2,,,exact_binary_perspective_miqcp
small_k,bnb,mosek,10,2,5,100022,5,optimal,0.03591529999903287,0.03529239999988931,-0.0045877498481301775,3,2,,,exact_binary_perspective_misocp
small_k,bnb,fista_dual_fista,10,2,5,100023,6,gap_limit,0.3810890999993717,0.0029969000006531132,-0.003849539150639186,0,0,,,initial_incumbent
small_k,bnb,fista_dual_lbfgs,10,2,5,100023,6,gap_limit,0.16094080000038957,0.0025635000001784647,-0.003849539150639186,0,0,,,initial_incumbent
small_k,bnb,gurobi,10,2,5,100023,6,optimal,0.04473180000059074,0.04418679999980668,-0.003849539150639186,3.0,5,,,exact_binary_perspective_miqcp
small_k,bnb,mosek,10,2,5,100023,6,optimal,0.028450199999497272,0.027842100000270875,-0.003849539150639186,3,1,,,exact_binary_perspective_misocp
small_k,bnb,fista_dual_fista,10,2,5,100024,7,gap_limit,0.22368920000008075,0.0028529999999591382,-0.004039172574566799,0,0,,,initial_incumbent
small_k,bnb,fista_dual_lbfgs,10,2,5,100024,7,gap_limit,0.12756249999983993,0.0032327999997505685,-0.004039172574566799,0,0,,,initial_incumbent
small_k,bnb,gurobi,10,2,5,100024,7,optimal,0.03200780000042869,0.031485999999858905,-0.004039172574566799,1.0,1,,,exact_binary_perspective_miqcp
small_k,bnb,mosek,10,2,5,100024,7,optimal,0.023703100001512212,0.023097499999494175,-0.004039172574566799,0,1,,,exact_binary_perspective_misocp
small_k,bnb,fista_dual_fista,10,2,5,100025,8,gap_limit,0.23370930000055523,0.002616199999465607,-0.002700887604115876,0,0,,,initial_incumbent
small_k,bnb,fista_dual_lbfgs,10,2,5,100025,8,gap_limit,0.13619419999849924,0.002862400000594789,-0.002700887604115876,0,0,,,initial_incumbent
small_k,bnb,gurobi,10,2,5,100025,8,optimal,0.043752499999754946,0.04289020000032906,-0.002700887604115876,3.0,2,,,exact_binary_perspective_miqcp
small_k,bnb,mosek,10,2,5,100025,8,optimal,0.03768339999987802,0.03709789999993518,-0.002700887604115876,5,3,,,exact_binary_perspective_misocp
small_k,bnb,fista_dual_fista,10,2,5,100026,9,gap_limit,0.1482661999998527,0.0027953999997407664,-0.004593625622904654,0,0,,,initial_incumbent
small_k,bnb,fista_dual_lbfgs,10,2,5,100026,9,gap_limit,0.11824629999864555,0.002895699999498902,-0.004593625622904654,0,0,,,initial_incumbent
small_k,bnb,gurobi,10,2,5,100026,9,optimal,0.028284199999689008,0.02785279999989143,-0.004593625622904654,1.0,2,,,exact_binary_perspective_miqcp
small_k,bnb,mosek,10,2,5,100026,9,optimal,0.013824400000885362,0.012939700000060839,-0.004593625622904654,0,1,,,exact_binary_perspective_misocp
small_k,bnb,fista_dual_fista,20,2,10,200017,0,gap_limit,0.27039309999963734,0.0026557999990473036,-0.0015858170167381037,0,0,,,initial_incumbent
small_k,bnb,fista_dual_lbfgs,20,2,10,200017,0,gap_limit,0.1372334999996383,0.003027000000656699,-0.0015858170167381037,0,0,,,initial_incumbent
small_k,bnb,gurobi,20,2,10,200017,0,optimal,0.06371179999950982,0.06312500000058208,-0.0015858170167381037,1.0,2,,,exact_binary_perspective_miqcp
small_k,bnb,mosek,20,2,10,200017,0,optimal,0.06050350000077742,0.059951000001092325,-0.0015858170167381037,5,1,,,exact_binary_perspective_misocp
small_k,bnb,fista_dual_fista,20,2,10,200018,1,optimal,0.428476099999898,0.01935330000014801,-0.0012329394460631766,3,0,,,initial_incumbent
small_k,bnb,fista_dual_lbfgs,20,2,10,200018,1,optimal,0.22794229999999516,0.04682109999885142,-0.0012329394460631766,3,0,,,initial_incumbent
small_k,bnb,gurobi,20,2,10,200018,1,optimal,0.0832964000001084,0.08249499999874388,-0.0012329394460631766,5.0,4,,,exact_binary_perspective_miqcp
small_k,bnb,mosek,20,2,10,200018,1,optimal,0.057838800001263735,0.057221600000048056,-0.0012329394460631766,7,3,,,exact_binary_perspective_misocp
small_k,bnb,fista_dual_fista,20,2,10,200019,2,optimal,0.22203209999861429,0.0027281999991828343,-0.0017355197498318802,0,0,,,initial_incumbent
small_k,bnb,fista_dual_lbfgs,20,2,10,200019,2,optimal,0.13798459999998158,0.0026293999999325024,-0.0017355197498318802,0,0,,,initial_incumbent
small_k,bnb,gurobi,20,2,10,200019,2,optimal,0.07012589999976626,0.0694986999988032,-0.0017355197483818249,1.0,3,,,exact_binary_perspective_miqcp
small_k,bnb,mosek,20,2,10,200019,2,optimal,0.019151999998939573,0.018568999999843072,-0.0017355197483818266,0,1,,,exact_binary_perspective_misocp
small_k,bnb,fista_dual_fista,20,2,10,200020,3,gap_limit,0.3052378000011231,0.0026622999994287966,-0.0015489862765863827,0,0,,,initial_incumbent
small_k,bnb,fista_dual_lbfgs,20,2,10,200020,3,gap_limit,0.13934840000001714,0.0026929000014206395,-0.0015489862765863827,0,0,,,initial_incumbent
small_k,bnb,gurobi,20,2,10,200020,3,optimal,0.07003710000026331,0.06941790000018955,-0.0015489862765863827,2.0,3,,,exact_binary_perspective_miqcp
small_k,bnb,mosek,20,2,10,200020,3,optimal,0.05545669999992242,0.054896999999982654,-0.0015489862765863827,3,2,,,exact_binary_perspective_misocp
small_k,bnb,fista_dual_fista,20,2,10,200021,4,gap_limit,0.31579039999996894,0.0025996999993367353,-0.0015481651090172646,0,0,,,initial_incumbent
small_k,bnb,fista_dual_lbfgs,20,2,10,200021,4,gap_limit,0.15139970000018366,0.0033440999995946186,-0.0015481651090172646,0,0,,,initial_incumbent
small_k,bnb,gurobi,20,2,10,200021,4,optimal,0.08554300000105286,0.08462400000098569,-0.0015481651090172646,3.0,1,,,exact_binary_perspective_miqcp
small_k,bnb,mosek,20,2,10,200021,4,optimal,0.061770100001012906,0.061020899998766254,-0.0015481651090172646,3,2,,,exact_binary_perspective_misocp
small_k,bnb,fista_dual_fista,20,2,10,200022,5,optimal,0.34482939999907103,0.019303099999888218,-0.0011090961848896075,3,0,,,initial_incumbent
small_k,bnb,fista_dual_lbfgs,20,2,10,200022,5,optimal,0.1728017000004911,0.021138100000825943,-0.0011090961848896075,3,0,,,initial_incumbent
small_k,bnb,gurobi,20,2,10,200022,5,optimal,0.07804310000028636,0.0773799999988114,-0.0011090961848896075,4.0,5,,,exact_binary_perspective_miqcp
small_k,bnb,mosek,20,2,10,200022,5,optimal,0.046694599999682396,0.04611470000054396,-0.0011090961848896075,5,1,,,exact_binary_perspective_misocp
small_k,bnb,fista_dual_fista,20,2,10,200023,6,gap_limit,0.42009929999949236,0.0033879999991768273,-0.0015084746681427053,0,0,,,initial_incumbent
small_k,bnb,fista_dual_lbfgs,20,2,10,200023,6,gap_limit,0.1483458000002429,0.0028330000004643807,-0.0015084746681427053,0,0,,,initial_incumbent
small_k,bnb,gurobi,20,2,10,200023,6,optimal,0.07367310000154248,0.07294480000018666,-0.0015084746681427053,1.0,3,,,exact_binary_perspective_miqcp
small_k,bnb,mosek,20,2,10,200023,6,optimal,0.04386109999904875,0.04262370000105875,-0.0015084746681427053,3,1,,,exact_binary_perspective_misocp
small_k,bnb,fista_dual_fista,20,2,10,200024,7,gap_limit,0.28963130000011006,0.021791199998915545,-0.0010346560542417605,4,0,,,initial_incumbent
small_k,bnb,fista_dual_lbfgs,20,2,10,200024,7,gap_limit,0.16623260000051232,0.02297750000070664,-0.0010346560542417605,4,0,,,initial_incumbent
small_k,bnb,gurobi,20,2,10,200024,7,optimal,0.07147590000022319,0.07063670000025013,-0.0010346560542417605,1.0,2,,,exact_binary_perspective_miqcp
small_k,bnb,mosek,20,2,10,200024,7,optimal,0.05477140000039071,0.05393200000071374,-0.0010346560542417605,5,1,,,exact_binary_perspective_misocp
small_k,bnb,fista_dual_fista,20,2,10,200025,8,optimal,0.4203514000000723,0.02566579999984242,-0.0009397438844758934,3,0,,,initial_incumbent
small_k,bnb,fista_dual_lbfgs,20,2,10,200025,8,optimal,0.18106910000096832,0.02463309999984631,-0.0009397438844758934,3,0,,,initial_incumbent
small_k,bnb,gurobi,20,2,10,200025,8,optimal,0.08100040000135778,0.08022320000054606,-0.0009397438844758934,5.0,4,,,exact_binary_perspective_miqcp
small_k,bnb,mosek,20,2,10,200025,8,optimal,0.05926490000092599,0.05872289999933855,-0.0009397438844758934,7,2,,,exact_binary_perspective_misocp
small_k,bnb,fista_dual_fista,20,2,10,200026,9,gap_limit,0.28205379999963043,0.002607999998872401,-0.001419161657055721,0,0,,,initial_incumbent
small_k,bnb,fista_dual_lbfgs,20,2,10,200026,9,gap_limit,0.14279890000034356,0.0025335999998787884,-0.001419161657055721,0,0,,,initial_incumbent
small_k,bnb,gurobi,20,2,10,200026,9,optimal,0.07996640000055777,0.07871680000062042,-0.001419161657055721,3.0,3,,,exact_binary_perspective_miqcp
small_k,bnb,mosek,20,2,10,200026,9,optimal,0.05532829999901878,0.0547404999997525,-0.001419161657055721,3,2,,,exact_binary_perspective_misocp
small_k,bnb,fista_dual_fista,30,2,15,300017,0,gap_limit,0.42218180000054417,0.021498599999176804,0.0006356625760701867,2,0,,,initial_incumbent
small_k,bnb,fista_dual_lbfgs,30,2,15,300017,0,gap_limit,0.16656759999932547,0.02005280000048515,0.0006356625760701867,2,0,,,initial_incumbent
small_k,bnb,gurobi,30,2,15,300017,0,optimal,0.1525917999988451,0.151685599999837,0.0006356625760701867,3.0,3,,,exact_binary_perspective_miqcp
small_k,bnb,mosek,30,2,15,300017,0,optimal,0.08953020000080869,0.08896000000095228,0.0006356625760701867,3,1,,,exact_binary_perspective_misocp
small_k,bnb,fista_dual_fista,30,2,15,300018,1,gap_limit,0.3588787999997294,0.033760099999199156,0.000921690978975747,4,0,,,initial_incumbent
small_k,bnb,fista_dual_lbfgs,30,2,15,300018,1,gap_limit,0.18401650000123482,0.03372229999877163,0.000921690978975747,4,0,,,initial_incumbent
small_k,bnb,gurobi,30,2,15,300018,1,optimal,0.11735480000061216,0.11661420000018552,0.000921690978975747,6.0,3,,,exact_binary_perspective_miqcp
small_k,bnb,mosek,30,2,15,300018,1,optimal,0.10440810000000056,0.10358289999931003,0.000921690978975747,7,1,,,exact_binary_perspective_misocp
small_k,bnb,fista_dual_fista,30,2,15,300019,2,gap_limit,0.34710590000031516,0.0033143999989988515,0.00045792241853818624,0,0,,,initial_incumbent
small_k,bnb,fista_dual_lbfgs,30,2,15,300019,2,gap_limit,0.152014400000553,0.002530499999920721,0.00045792241853818624,0,0,,,initial_incumbent
small_k,bnb,gurobi,30,2,15,300019,2,optimal,0.12914570000066306,0.12759160000132397,0.00045792241853818624,3.0,1,,,exact_binary_perspective_miqcp
small_k,bnb,mosek,30,2,15,300019,2,optimal,0.0834102000007988,0.08236290000058943,0.00045792241853818624,3,1,,,exact_binary_perspective_misocp
small_k,bnb,fista_dual_fista,30,2,15,300020,3,gap_limit,0.34101060000102734,0.01911420000033104,0.0008838684266859742,2,0,,,initial_incumbent
small_k,bnb,fista_dual_lbfgs,30,2,15,300020,3,gap_limit,0.22897079999893322,0.019836800000121002,0.0008838684266859742,2,0,,,initial_incumbent
small_k,bnb,gurobi,30,2,15,300020,3,optimal,0.14348290000089037,0.14267060000020138,0.0008838684266859742,2.0,3,,,exact_binary_perspective_miqcp
small_k,bnb,mosek,30,2,15,300020,3,optimal,0.07834339999863005,0.07777449999957753,0.0008838684266859742,3,1,,,exact_binary_perspective_misocp
small_k,bnb,fista_dual_fista,30,2,15,300021,4,gap_limit,0.49347259999922244,0.003598700001020916,0.0007383840286762176,0,0,,,initial_incumbent
small_k,bnb,fista_dual_lbfgs,30,2,15,300021,4,gap_limit,0.16750450000108685,0.002807000000757398,0.0007383840286762176,0,0,,,initial_incumbent
small_k,bnb,gurobi,30,2,15,300021,4,optimal,0.1288776000001235,0.12819090000084543,0.0007383840286762176,3.0,2,,,exact_binary_perspective_miqcp
small_k,bnb,mosek,30,2,15,300021,4,optimal,0.08983779999834951,0.08919579999928828,0.0007383840286762176,3,1,,,exact_binary_perspective_misocp
small_k,bnb,fista_dual_fista,30,2,15,300022,5,gap_limit,0.3932325000005221,0.05589529999997467,0.0015220906036180204,13,0,,,initial_incumbent
small_k,bnb,fista_dual_lbfgs,30,2,15,300022,5,gap_limit,0.20761140000104206,0.05595959999845945,0.0015220906036180204,13,0,,,initial_incumbent
small_k,bnb,gurobi,30,2,15,300022,5,optimal,0.1426828999992722,0.1418680000006134,0.0015220906036180204,9.0,4,,,exact_binary_perspective_miqcp
small_k,bnb,mosek,30,2,15,300022,5,optimal,0.11893340000096941,0.118376200000057,0.0015220906036180204,9,2,,,exact_binary_perspective_misocp
small_k,bnb,fista_dual_fista,30,2,15,300023,6,gap_limit,0.3978270999996312,0.0276203000012174,0.0010611097941121972,4,0,,,initial_incumbent
small_k,bnb,fista_dual_lbfgs,30,2,15,300023,6,gap_limit,0.19023920000108774,0.02596570000059728,0.0010611097941121972,4,0,,,initial_incumbent
small_k,bnb,gurobi,30,2,15,300023,6,optimal,0.1249733999993623,0.1242192999998224,0.0010611097941121972,5.0,3,,,exact_binary_perspective_miqcp
small_k,bnb,mosek,30,2,15,300023,6,optimal,0.09180860000014945,0.09125170000152139,0.0010611097941121972,7,1,,,exact_binary_perspective_misocp
small_k,bnb,fista_dual_fista,30,2,15,300024,7,gap_limit,0.4127623999993375,0.0025686000008136034,0.0005546680445081362,0,0,,,initial_incumbent
small_k,bnb,fista_dual_lbfgs,30,2,15,300024,7,gap_limit,0.15906600000016624,0.0025347000009787735,0.0005546680445081362,0,0,,,initial_incumbent
small_k,bnb,gurobi,30,2,15,300024,7,optimal,0.09469589999935124,0.09385860000111279,0.0005546680445081362,1.0,3,,,exact_binary_perspective_miqcp
small_k,bnb,mosek,30,2,15,300024,7,optimal,0.07480209999994258,0.07423699999890232,0.0005546680445081362,3,1,,,exact_binary_perspective_misocp
small_k,bnb,fista_dual_fista,30,2,15,300025,8,gap_limit,0.4136895999999979,0.003278299998783041,0.0005643888754469986,0,0,,,initial_incumbent
small_k,bnb,fista_dual_lbfgs,30,2,15,300025,8,gap_limit,0.15697740000177873,0.002808700000969111,0.0005643888754469986,0,0,,,initial_incumbent
small_k,bnb,gurobi,30,2,15,300025,8,optimal,0.11011990000042715,0.10847470000044268,0.0005643888754469986,1.0,4,,,exact_binary_perspective_miqcp
small_k,bnb,mosek,30,2,15,300025,8,optimal,0.07081629999993311,0.07024749999982305,0.0005643888754469986,3,1,,,exact_binary_perspective_misocp
small_k,bnb,fista_dual_fista,30,2,15,300026,9,gap_limit,0.4333638999996765,0.0026395999993837904,0.0007630624512427308,0,0,,,initial_incumbent
small_k,bnb,fista_dual_lbfgs,30,2,15,300026,9,gap_limit,0.1656261000007362,0.0031727000005048467,0.0007630624512427308,0,0,,,initial_incumbent
small_k,bnb,gurobi,30,2,15,300026,9,optimal,0.146275399998558,0.1447890000017651,0.0007630624512427308,2.0,3,,,exact_binary_perspective_miqcp
small_k,bnb,mosek,30,2,15,300026,9,optimal,0.08436209999854327,0.08378110000012384,0.0007630624512427308,5,1,,,exact_binary_perspective_misocp
small_k,bnb,fista_dual_fista,50,2,25,500017,0,gap_limit,0.5079322000001412,0.027162799999132403,0.004537638337632814,4,0,,,initial_incumbent
small_k,bnb,fista_dual_lbfgs,50,2,25,500017,0,gap_limit,0.19589649999943504,0.026974299998983042,0.004537638337632814,4,0,,,initial_incumbent
small_k,bnb,gurobi,50,2,25,500017,0,optimal,0.2581341999994038,0.2565458999997645,0.004537638337632814,6.0,3,,,exact_binary_perspective_miqcp
small_k,bnb,mosek,50,2,25,500017,0,optimal,0.20267390000117302,0.20211480000034499,0.004537638337632814,9,2,,,exact_binary_perspective_misocp
small_k,bnb,fista_dual_fista,50,2,25,500018,1,gap_limit,0.6825746000013169,0.11557499999980791,0.005368639731398738,23,0,,,initial_incumbent
small_k,bnb,fista_dual_lbfgs,50,2,25,500018,1,gap_limit,0.2933941999999661,0.11137430000053428,0.005368639731398738,23,0,,,initial_incumbent
small_k,bnb,gurobi,50,2,25,500018,1,optimal,0.3919258000005357,0.3902127000001201,0.005368639731398738,10.0,3,,,exact_binary_perspective_miqcp
small_k,bnb,mosek,50,2,25,500018,1,optimal,0.2381083000000217,0.23752330000024813,0.005368639731398738,13,1,,,exact_binary_perspective_misocp
small_k,bnb,fista_dual_fista,50,2,25,500019,2,gap_limit,0.5473255999986577,0.0034756999993987847,0.004805476154699411,0,0,,,initial_incumbent
small_k,bnb,fista_dual_lbfgs,50,2,25,500019,2,gap_limit,0.19151050000073155,0.002677800001038122,0.004805476154699411,0,0,,,initial_incumbent
small_k,bnb,gurobi,50,2,25,500019,2,optimal,0.3336290999995981,0.3321484000007331,0.004805476154699411,5.0,4,,,exact_binary_perspective_miqcp
small_k,bnb,mosek,50,2,25,500019,2,optimal,0.16540750000058324,0.16465909999897121,0.004805476154699411,3,1,,,exact_binary_perspective_misocp
small_k,bnb,fista_dual_fista,50,2,25,500020,3,gap_limit,0.5195528000003833,0.034701600001426414,0.004635874603012336,6,0,,,initial_incumbent
small_k,bnb,fista_dual_lbfgs,50,2,25,500020,3,gap_limit,0.20423479999953997,0.0357454000004509,0.004635874603012336,6,0,,,initial_incumbent
small_k,bnb,gurobi,50,2,25,500020,3,optimal,0.28492050000022573,0.2833755999999994,0.004635874603012336,3.0,4,,,exact_binary_perspective_miqcp
small_k,bnb,mosek,50,2,25,500020,3,optimal,0.20133440000063274,0.20074269999895478,0.004635874603012336,9,1,,,exact_binary_perspective_misocp
small_k,bnb,fista_dual_fista,50,2,25,500021,4,gap_limit,0.42070260000036797,0.0026013999995484482,0.0049493039085580105,0,0,,,initial_incumbent
small_k,bnb,fista_dual_lbfgs,50,2,25,500021,4,gap_limit,0.16328509999948437,0.0026581000001897337,0.0049493039085580105,0,0,,,initial_incumbent
small_k,bnb,gurobi,50,2,25,500021,4,optimal,0.2678178000005573,0.26641299999937473,0.0049493039085580105,5.0,2,,,exact_binary_perspective_miqcp
small_k,bnb,mosek,50,2,25,500021,4,optimal,0.15794260000075155,0.15735420000055456,0.0049493039085580105,5,1,,,exact_binary_perspective_misocp
small_k,bnb,fista_dual_fista,50,2,25,500022,5,optimal,0.604474100000516,0.08505039999909059,0.004973391122942464,15,0,,,node_score_qp
small_k,bnb,fista_dual_lbfgs,50,2,25,500022,5,optimal,0.26800489999914134,0.08490159999928437,0.004973391122942464,15,0,,,node_score_qp
small_k,bnb,gurobi,50,2,25,500022,5,optimal,0.33691880000151286,0.33577279999917664,0.004973391124919005,16.0,3,,,exact_binary_perspective_miqcp
small_k,bnb,mosek,50,2,25,500022,5,optimal,0.2618020999998407,0.2609388000000763,0.004973391124919006,13,2,,,exact_binary_perspective_misocp
small_k,bnb,fista_dual_fista,50,2,25,500023,6,gap_limit,0.6261985000001005,0.1245466000000306,0.005056613672646081,19,0,,,initial_incumbent
small_k,bnb,fista_dual_lbfgs,50,2,25,500023,6,gap_limit,0.2927077000003919,0.11816559999897436,0.005056613672646081,19,0,,,initial_incumbent
small_k,bnb,gurobi,50,2,25,500023,6,optimal,0.3027333999998518,0.3009070000007341,0.005056613676449856,10.0,3,,,exact_binary_perspective_miqcp
small_k,bnb,mosek,50,2,25,500023,6,optimal,0.23358329999973648,0.23300859999835666,0.005056613676449866,11,1,,,exact_binary_perspective_misocp
small_k,bnb,fista_dual_fista,50,2,25,500024,7,gap_limit,0.41376599999966857,0.0026816999998118263,0.004608269976878307,0,0,,,initial_incumbent
small_k,bnb,fista_dual_lbfgs,50,2,25,500024,7,gap_limit,0.1616450999990775,0.0026491999997233506,0.004608269976878307,0,0,,,initial_incumbent
small_k,bnb,gurobi,50,2,25,500024,7,optimal,0.29301070000110485,0.29145320000134234,0.004608269976878307,3.0,3,,,exact_binary_perspective_miqcp
small_k,bnb,mosek,50,2,25,500024,7,optimal,0.147133099999337,0.1465539999990142,0.004608269976878307,3,1,,,exact_binary_perspective_misocp
small_k,bnb,fista_dual_fista,50,2,25,500025,8,gap_limit,0.4785219000004872,0.00265909999870928,0.004566201087627,0,0,,,initial_incumbent
small_k,bnb,fista_dual_lbfgs,50,2,25,500025,8,gap_limit,0.1725272000003315,0.002624900000228081,0.004566201087627,0,0,,,initial_incumbent
small_k,bnb,gurobi,50,2,25,500025,8,optimal,0.2761746999985917,0.27531529999941995,0.004566201087627,5.0,3,,,exact_binary_perspective_miqcp
small_k,bnb,mosek,50,2,25,500025,8,optimal,0.22069160000137344,0.22007200000007288,0.004566201087627,5,1,,,exact_binary_perspective_misocp
small_k,bnb,fista_dual_fista,50,2,25,500026,9,gap_limit,0.6001574999991135,0.042112400000405614,0.004882467597973433,8,0,,,initial_incumbent
small_k,bnb,fista_dual_lbfgs,50,2,25,500026,9,gap_limit,0.2307189000002836,0.042356500000096275,0.004882467597973433,8,0,,,initial_incumbent
small_k,bnb,gurobi,50,2,25,500026,9,optimal,0.283816699999079,0.2822451000010915,0.004882467597973433,5.0,2,,,exact_binary_perspective_miqcp
small_k,bnb,mosek,50,2,25,500026,9,optimal,0.1522341999989294,0.15155269999922893,0.004882467597973433,5,1,,,exact_binary_perspective_misocp
small_k,bnb,fista_dual_fista,100,2,50,1000017,0,gap_limit,0.7888155000000552,0.05976139999984298,0.011905234347183803,7,0,,,initial_incumbent
small_k,bnb,fista_dual_lbfgs,100,2,50,1000017,0,gap_limit,0.286156199999823,0.0746034999992844,0.011905234347183803,15,0,,,initial_incumbent
small_k,bnb,gurobi,100,2,50,1000017,0,optimal,1.017359800000122,1.0151565999985905,0.011905234347183803,160.0,3,,,exact_binary_perspective_miqcp
small_k,bnb,mosek,100,2,50,1000017,0,optimal,0.6898101000006136,0.6890555999998469,0.011905234347183803,7,1,,,exact_binary_perspective_misocp
small_k,bnb,fista_dual_fista,100,2,50,1000018,1,gap_limit,0.718415699999241,0.0030341000001499197,0.011752547734999988,0,0,,,initial_incumbent
small_k,bnb,fista_dual_lbfgs,100,2,50,1000018,1,gap_limit,0.21042260000103852,0.002875500000300235,0.011752547734999988,0,0,,,initial_incumbent
small_k,bnb,gurobi,100,2,50,1000018,1,optimal,1.0169740999990609,1.0144848999989335,0.011752547734999988,5.0,4,,,exact_binary_perspective_miqcp
small_k,bnb,mosek,100,2,50,1000018,1,optimal,0.5171800000007352,0.5165966999993543,0.011752547734999988,5,1,,,exact_binary_perspective_misocp
small_k,bnb,fista_dual_fista,100,2,50,1000019,2,gap_limit,0.7203620000000228,0.002742000000580447,0.011745602714468839,0,0,,,initial_incumbent
small_k,bnb,fista_dual_lbfgs,100,2,50,1000019,2,gap_limit,0.19903229999908945,0.003061600000364706,0.011745602714468839,0,0,,,initial_incumbent
small_k,bnb,gurobi,100,2,50,1000019,2,optimal,1.097926300000836,1.0960859000006167,0.011745602719945174,7.0,2,,,exact_binary_perspective_miqcp
small_k,bnb,mosek,100,2,50,1000019,2,optimal,0.5509065000005648,0.5503153999998176,0.01174560271994516,7,1,,,exact_binary_perspective_misocp
small_k,bnb,fista_dual_fista,100,2,50,1000020,3,gap_limit,0.7585364999995363,0.05337650000001304,0.011738752662748164,8,0,,,initial_incumbent
small_k,bnb,fista_dual_lbfgs,100,2,50,1000020,3,gap_limit,0.3239111999992019,0.05511599999954342,0.011738752662748164,8,0,,,initial_incumbent
small_k,bnb,gurobi,100,2,50,1000020,3,optimal,0.9487021999993885,0.9468058999991626,0.011738752662748164,175.0,4,,,exact_binary_perspective_miqcp
small_k,bnb,mosek,100,2,50,1000020,3,optimal,0.7294650999992882,0.7287875000001804,0.011738752662748164,13,1,,,exact_binary_perspective_misocp
small_k,bnb,fista_dual_fista,100,2,50,1000021,4,gap_limit,0.7387894000003143,0.09935179999956745,0.012113064041268093,17,0,,,initial_incumbent
small_k,bnb,fista_dual_lbfgs,100,2,50,1000021,4,gap_limit,0.29271890000018175,0.09730670000135433,0.012113064041268093,17,0,,,initial_incumbent
small_k,bnb,gurobi,100,2,50,1000021,4,optimal,1.1416829000008875,1.139447100000325,0.012113064041268093,9.0,2,,,exact_binary_perspective_miqcp
small_k,bnb,mosek,100,2,50,1000021,4,optimal,0.6734223999992537,0.6727730000002339,0.012113064041268093,9,1,,,exact_binary_perspective_misocp
small_k,bnb,fista_dual_fista,100,2,50,1000022,5,gap_limit,1.0610469999992347,0.08205769999949553,0.011872468036392157,12,0,,,initial_incumbent
small_k,bnb,fista_dual_lbfgs,100,2,50,1000022,5,gap_limit,0.2889176000007865,0.07086990000061633,0.011872468036392157,12,0,,,initial_incumbent
small_k,bnb,gurobi,100,2,50,1000022,5,optimal,0.9597809999995661,0.957743599999958,0.011872468036392157,56.0,4,,,exact_binary_perspective_miqcp
small_k,bnb,mosek,100,2,50,1000022,5,optimal,0.7512623999991774,0.7505619000003207,0.011872468036392157,13,2,,,exact_binary_perspective_misocp
small_k,bnb,fista_dual_fista,100,2,50,1000023,6,gap_limit,0.7892721999996866,0.10950690000026952,0.012115483793331815,20,0,,,initial_incumbent
small_k,bnb,fista_dual_lbfgs,100,2,50,1000023,6,gap_limit,0.30181760000050417,0.10706009999921662,0.012115483793331815,20,0,,,initial_incumbent
small_k,bnb,gurobi,100,2,50,1000023,6,optimal,0.9112635000001319,0.9094037999984721,0.012115483793331815,19.0,3,,,exact_binary_perspective_miqcp
small_k,bnb,mosek,100,2,50,1000023,6,optimal,0.6440467000011267,0.6431914999993751,0.012115483793331815,9,1,,,exact_binary_perspective_misocp
small_k,bnb,fista_dual_fista,100,2,50,1000024,7,gap_limit,0.7938819999999396,0.0616316999985429,0.011789501366362424,10,0,,,initial_incumbent
small_k,bnb,fista_dual_lbfgs,100,2,50,1000024,7,gap_limit,0.26016990000061924,0.06383350000032806,0.011789501366362424,10,0,,,initial_incumbent
small_k,bnb,gurobi,100,2,50,1000024,7,optimal,0.969625100000485,0.967493199999808,0.011789501366362424,108.0,7,,,exact_binary_perspective_miqcp
small_k,bnb,mosek,100,2,50,1000024,7,optimal,0.6101468999986537,0.6095507000009093,0.011789501366362424,9,1,,,exact_binary_perspective_misocp
small_k,bnb,fista_dual_fista,100,2,50,1000025,8,gap_limit,0.7033305000004475,0.036007900000186055,0.011753931432846018,5,0,,,initial_incumbent
small_k,bnb,fista_dual_lbfgs,100,2,50,1000025,8,gap_limit,0.22134000000005472,0.034304599999813945,0.011753931432846018,5,0,,,initial_incumbent
small_k,bnb,gurobi,100,2,50,1000025,8,optimal,1.0386693000000378,1.0363113999992493,0.011753931432846018,144.0,5,,,exact_binary_perspective_miqcp
small_k,bnb,mosek,100,2,50,1000025,8,optimal,0.9263310999995156,0.9257191000015155,0.011753931432846018,9,1,,,exact_binary_perspective_misocp
small_k,bnb,fista_dual_fista,100,2,50,1000026,9,gap_limit,1.0801890999991883,0.4324279000011302,0.012197496480334318,37,0,,,initial_incumbent
small_k,bnb,fista_dual_lbfgs,100,2,50,1000026,9,gap_limit,0.5226159999983793,0.2875274999987596,0.012197496480334318,37,0,,,initial_incumbent
small_k,bnb,gurobi,100,2,50,1000026,9,optimal,1.2834925999995903,1.281751799999256,0.012197496480334318,212.0,4,,,exact_binary_perspective_miqcp
small_k,bnb,mosek,100,2,50,1000026,9,optimal,1.0155983999993623,1.0149371000006795,0.012197496480334318,19,2,,,exact_binary_perspective_misocp
small_k,bnb,fista_dual_fista,300,6,50,3000017,0,gap_limit,1.053333300000304,0.0035190999988117255,0.001051989053393626,0,0,,,initial_incumbent
small_k,bnb,fista_dual_lbfgs,300,6,50,3000017,0,gap_limit,0.5435495000001538,0.04560400000082154,0.001051989053393626,0,0,,,initial_incumbent
small_k,bnb,gurobi,300,6,50,3000017,0,time_limit,1.591879000001427,1.587309099999402,0.0010917451100997209,1.0,3,,,exact_binary_perspective_miqcp
small_k,bnb,mosek,300,6,50,3000017,0,no_solution,1.5350458000011713,1.5326707000003807,,0,0,,,exact_binary_perspective_misocp
small_k,bnb,fista_dual_fista,300,6,50,3000018,1,gap_limit,2.3416316000002553,0.00405250000039814,0.0009699559813471457,0,0,,,initial_incumbent
small_k,bnb,fista_dual_lbfgs,300,6,50,3000018,1,gap_limit,0.3442338999993808,0.005334399998901063,0.0009699559813471457,0,0,,,initial_incumbent
small_k,bnb,gurobi,300,6,50,3000018,1,time_limit,1.5452065000008588,1.540814899999532,0.0013349960177511614,1.0,5,,,exact_binary_perspective_miqcp
small_k,bnb,mosek,300,6,50,3000018,1,no_solution,1.5402106000001368,1.5393308000002435,,0,0,,,exact_binary_perspective_misocp
small_k,bnb,fista_dual_fista,300,6,50,3000019,2,gap_limit,1.11323640000046,0.003262999998696614,0.0010279133205152655,0,0,,,initial_incumbent
small_k,bnb,fista_dual_lbfgs,300,6,50,3000019,2,gap_limit,0.31192659999942407,0.0033125999998446787,0.0010279133205152655,0,0,,,initial_incumbent
small_k,bnb,gurobi,300,6,50,3000019,2,time_limit,1.5309364999993704,1.5278268000001844,0.0010496869753227889,1.0,2,,,exact_binary_perspective_miqcp
small_k,bnb,mosek,300,6,50,3000019,2,time_limit,1.521201600000495,1.5205491000015172,0.0011479675044504464,0,1,,,exact_binary_perspective_misocp
small_k,bnb,fista_dual_fista,300,6,50,3000020,3,gap_limit,0.8636538999999175,0.0030287999998108717,0.000923776314564282,0,0,,,initial_incumbent
small_k,bnb,fista_dual_lbfgs,300,6,50,3000020,3,gap_limit,0.2452513000007457,0.002900400000726222,0.000923776314564282,0,0,,,initial_incumbent
small_k,bnb,gurobi,300,6,50,3000020,3,time_limit,1.5322386999996525,1.529345299999477,0.000923776314564282,1.0,1,,,exact_binary_perspective_miqcp
small_k,bnb,mosek,300,6,50,3000020,3,time_limit,1.653051699999196,1.6524129999997967,0.000923776314564282,0,1,,,exact_binary_perspective_misocp
small_k,bnb,fista_dual_fista,300,6,50,3000021,4,gap_limit,0.8687241999996331,0.003058999998756917,0.0009718591463329998,0,0,,,initial_incumbent
small_k,bnb,fista_dual_lbfgs,300,6,50,3000021,4,gap_limit,0.26406020000104036,0.00300749999951222,0.0009718591463329998,0,0,,,initial_incumbent
small_k,bnb,gurobi,300,6,50,3000021,4,time_limit,1.527643800000078,1.5243674000012106,0.000981780385021851,1.0,3,,,exact_binary_perspective_miqcp
small_k,bnb,mosek,300,6,50,3000021,4,time_limit,1.5209855000011885,1.5203844000006939,0.0009718591463329998,3,1,,,exact_binary_perspective_misocp
small_k,bnb,fista_dual_fista,300,6,50,3000022,5,gap_limit,0.8042659999991884,0.002952900000309455,0.001002887774610172,0,0,,,initial_incumbent
small_k,bnb,fista_dual_lbfgs,300,6,50,3000022,5,gap_limit,0.26761120000082883,0.003102000000581029,0.001002887774610172,0,0,,,initial_incumbent
small_k,bnb,gurobi,300,6,50,3000022,5,time_limit,1.530028899998797,1.5268356999986281,0.004522248386891945,1.0,4,,,exact_binary_perspective_miqcp
small_k,bnb,mosek,300,6,50,3000022,5,time_limit,1.5225410999992164,1.5218874999991385,0.001012983491859909,0,1,,,exact_binary_perspective_misocp
small_k,bnb,fista_dual_fista,300,6,50,3000023,6,gap_limit,0.863639700000931,0.003058700000110548,0.0009325943550391302,0,0,,,initial_incumbent
small_k,bnb,fista_dual_lbfgs,300,6,50,3000023,6,gap_limit,0.35658300000068266,0.003158500001518405,0.0009325943550391302,0,0,,,initial_incumbent
small_k,bnb,gurobi,300,6,50,3000023,6,time_limit,1.5585954999987734,1.5552936000003683,0.0013452035596946792,1.0,5,,,exact_binary_perspective_miqcp
small_k,bnb,mosek,300,6,50,3000023,6,time_limit,1.6610977000000275,1.6604742999988957,0.0009427695963504356,0,1,,,exact_binary_perspective_misocp
small_k,bnb,fista_dual_fista,300,6,50,3000024,7,gap_limit,0.9234040000010282,0.0032269000002997927,0.0010530961647657287,0,0,,,initial_incumbent
small_k,bnb,fista_dual_lbfgs,300,6,50,3000024,7,gap_limit,0.26669240000046557,0.0030576000008295523,0.0010530961647657287,0,0,,,initial_incumbent
small_k,bnb,gurobi,300,6,50,3000024,7,time_limit,1.5410336999993888,1.5380440999997518,0.0019402894645043321,1.0,8,,,exact_binary_perspective_miqcp
small_k,bnb,mosek,300,6,50,3000024,7,time_limit,1.6140113000001293,1.613293500000509,0.0010530961647657287,0,1,,,exact_binary_perspective_misocp
small_k,bnb,fista_dual_fista,300,6,50,3000025,8,gap_limit,0.9660007999991649,0.0035522999987733783,0.0011326916772669438,0,0,,,initial_incumbent
small_k,bnb,fista_dual_lbfgs,300,6,50,3000025,8,gap_limit,0.29145249999965017,0.004792899999301881,0.0011326916772669438,0,0,,,initial_incumbent
small_k,bnb,gurobi,300,6,50,3000025,8,time_limit,1.5445773999999801,1.5419946999991225,0.008772179037693362,1.0,2,,,exact_binary_perspective_miqcp
small_k,bnb,mosek,300,6,50,3000025,8,no_solution,1.521269900000334,1.520542899999782,,0,0,,,exact_binary_perspective_misocp
small_k,bnb,fista_dual_fista,300,6,50,3000026,9,gap_limit,1.062924900001235,0.0031923000005917856,0.000965798316300559,0,0,,,initial_incumbent
small_k,bnb,fista_dual_lbfgs,300,6,50,3000026,9,gap_limit,0.2976892000006046,0.003024100000402541,0.000965798316300559,0,0,,,initial_incumbent
small_k,bnb,gurobi,300,6,50,3000026,9,time_limit,1.530712300000232,1.5276539000005869,0.004436201287843597,1.0,3,,,exact_binary_perspective_miqcp
small_k,bnb,mosek,300,6,50,3000026,9,time_limit,1.5229488999993919,1.5222350000003644,0.0010103353753174744,0,1,,,exact_binary_perspective_misocp
small_k,bnb,fista_dual_fista,1000,10,50,10000017,0,gap_limit,1.7888476999996783,0.004245399999490473,0.0022011838865661805,0,0,,,initial_incumbent
small_k,bnb,fista_dual_lbfgs,1000,10,50,10000017,0,gap_limit,0.40055970000139496,0.005803599999126163,0.0022011838865661805,0,0,,,initial_incumbent
small_k,bnb,gurobi,1000,10,50,10000017,0,time_limit,1.5708271000003151,1.565398599999753,0.02593211338094291,1.0,2,,,exact_binary_perspective_miqcp
small_k,bnb,mosek,1000,10,50,10000017,0,no_solution,1.5419279000016104,1.541234300000724,,0,0,,,exact_binary_perspective_misocp
small_k,bnb,fista_dual_fista,1000,10,50,10000018,1,gap_limit,1.5534745999993902,0.00452450000011595,0.0022451821413800675,0,0,,,initial_incumbent
small_k,bnb,fista_dual_lbfgs,1000,10,50,10000018,1,gap_limit,0.3668619000000035,0.005150599999979022,0.0022451821413800675,0,0,,,initial_incumbent
small_k,bnb,gurobi,1000,10,50,10000018,1,time_limit,1.570701900000131,1.5660752999992837,0.002963606484316577,1.0,5,,,exact_binary_perspective_miqcp
small_k,bnb,mosek,1000,10,50,10000018,1,no_solution,1.534928699999,1.5341972000005626,,0,0,,,exact_binary_perspective_misocp
small_k,bnb,fista_dual_fista,1000,10,50,10000019,2,gap_limit,1.724686899999142,0.0041120000005321344,0.002213305097487824,0,0,,,initial_incumbent
small_k,bnb,fista_dual_lbfgs,1000,10,50,10000019,2,gap_limit,0.4016678000007232,0.004643199999918579,0.002213305097487824,0,0,,,initial_incumbent
small_k,bnb,gurobi,1000,10,50,10000019,2,time_limit,1.6291399000001547,1.6244260000003123,0.004095830070358315,1.0,5,,,exact_binary_perspective_miqcp
small_k,bnb,mosek,1000,10,50,10000019,2,no_solution,1.537050900000395,1.5361988999993628,,0,0,,,exact_binary_perspective_misocp
small_k,bnb,fista_dual_fista,1000,10,50,10000020,3,gap_limit,1.8182020999993256,0.0039794000003894325,0.002324462291596191,0,0,,,initial_incumbent
small_k,bnb,fista_dual_lbfgs,1000,10,50,10000020,3,gap_limit,0.3550094000001991,0.003995500001110486,0.002324462291596191,0,0,,,initial_incumbent
small_k,bnb,gurobi,1000,10,50,10000020,3,time_limit,1.583618700000443,1.5779772999994748,0.0023519160550758526,1.0,4,,,exact_binary_perspective_miqcp
small_k,bnb,mosek,1000,10,50,10000020,3,no_solution,1.5324548999997205,1.5317228000003524,,0,0,,,exact_binary_perspective_misocp
small_k,bnb,fista_dual_fista,1000,10,50,10000021,4,gap_limit,1.6683771000007255,0.004012600000351085,0.0022940103984158446,0,0,,,initial_incumbent
small_k,bnb,fista_dual_lbfgs,1000,10,50,10000021,4,gap_limit,0.3596613999998226,0.0047689000002719695,0.0022940103984158446,0,0,,,initial_incumbent
small_k,bnb,gurobi,1000,10,50,10000021,4,time_limit,1.56712829999924,1.5627234999992652,0.002596271427490802,1.0,6,,,exact_binary_perspective_miqcp
small_k,bnb,mosek,1000,10,50,10000021,4,no_solution,1.5324667999993835,1.5317466000014974,,0,0,,,exact_binary_perspective_misocp
small_k,bnb,fista_dual_fista,1000,10,50,10000022,5,gap_limit,1.8204585000003135,0.004276899999240413,0.0023812531689859466,0,0,,,initial_incumbent
small_k,bnb,fista_dual_lbfgs,1000,10,50,10000022,5,gap_limit,0.3739187999999558,0.004050899999128887,0.0023812531689859466,0,0,,,initial_incumbent
small_k,bnb,gurobi,1000,10,50,10000022,5,time_limit,1.5598823000000266,1.554592500000581,0.00238896212063063,1.0,3,,,exact_binary_perspective_miqcp
small_k,bnb,mosek,1000,10,50,10000022,5,no_solution,1.5396792999999889,1.538956700000199,,0,0,,,exact_binary_perspective_misocp
small_k,bnb,fista_dual_fista,1000,10,50,10000023,6,gap_limit,1.6081744999992225,0.004077099998539779,0.0022440273658852813,0,0,,,initial_incumbent
small_k,bnb,fista_dual_lbfgs,1000,10,50,10000023,6,gap_limit,0.34448929999962274,0.004102799999600393,0.0022440273658852813,0,0,,,initial_incumbent
small_k,bnb,gurobi,1000,10,50,10000023,6,time_limit,1.5687440000001516,1.5628479000006337,0.0026482391603038,1.0,4,,,exact_binary_perspective_miqcp
small_k,bnb,mosek,1000,10,50,10000023,6,no_solution,1.5548801999993884,1.5541193999997631,,0,0,,,exact_binary_perspective_misocp
small_k,bnb,fista_dual_fista,1000,10,50,10000024,7,gap_limit,1.669488799998362,0.00438159999976051,0.002272230419546925,0,0,,,initial_incumbent
small_k,bnb,fista_dual_lbfgs,1000,10,50,10000024,7,gap_limit,0.3536512999999104,0.004370200000266777,0.002272230419546925,0,0,,,initial_incumbent
small_k,bnb,gurobi,1000,10,50,10000024,7,time_limit,1.5644333000000188,1.5590228999990359,0.039177280175929155,1.0,2,,,exact_binary_perspective_miqcp
small_k,bnb,mosek,1000,10,50,10000024,7,no_solution,1.538336799998433,1.537642199999027,,0,0,,,exact_binary_perspective_misocp
small_k,bnb,fista_dual_fista,1000,10,50,10000025,8,gap_limit,1.6635289999994711,0.004302100000131759,0.0022494804054659437,0,0,,,initial_incumbent
small_k,bnb,fista_dual_lbfgs,1000,10,50,10000025,8,gap_limit,0.4122123000015563,0.004756899999847519,0.0022494804054659437,0,0,,,initial_incumbent
small_k,bnb,gurobi,1000,10,50,10000025,8,time_limit,1.6065830999996251,1.5980194999992818,0.06564237004932023,1.0,2,,,exact_binary_perspective_miqcp
small_k,bnb,mosek,1000,10,50,10000025,8,no_solution,1.545128300000215,1.54352949999884,,0,0,,,exact_binary_perspective_misocp
small_k,bnb,fista_dual_fista,1000,10,50,10000026,9,gap_limit,1.9356994999998278,0.004349400000137393,0.002329683005153422,0,0,,,initial_incumbent
small_k,bnb,fista_dual_lbfgs,1000,10,50,10000026,9,gap_limit,0.3649440000008326,0.0077562000005855225,0.002329683005153422,0,0,,,initial_incumbent
small_k,bnb,gurobi,1000,10,50,10000026,9,time_limit,1.5830962999989424,1.577604899999642,0.0023702190553869223,1.0,2,,,exact_binary_perspective_miqcp
small_k,bnb,mosek,1000,10,50,10000026,9,no_solution,1.5483635999989929,1.5467510999988008,,0,0,,,exact_binary_perspective_misocp
small_k,bnb,fista_dual_fista,5000,10,50,50000017,0,gap_limit,3.2899650999988808,0.01687820000006468,0.021691669312243256,0,0,,,initial_incumbent
small_k,bnb,fista_dual_lbfgs,5000,10,50,50000017,0,gap_limit,0.6753601000000344,0.016003299999283627,0.021691669312243256,0,0,,,initial_incumbent
small_k,bnb,gurobi,5000,10,50,50000017,0,time_limit,1.7792131999995036,1.7657304999993357,,,,,,exact_binary_perspective_miqcp
small_k,bnb,mosek,5000,10,50,50000017,0,no_solution,3.6880600999993476,3.6841821999987587,,0,0,,,exact_binary_perspective_misocp
small_k,bnb,fista_dual_fista,5000,10,50,50000018,1,gap_limit,3.870621399999436,0.04956500000116648,0.02169843897572349,0,0,,,initial_incumbent
small_k,bnb,fista_dual_lbfgs,5000,10,50,50000018,1,gap_limit,2.3642361000001983,0.02797370000007504,0.02169843897572349,0,0,,,initial_incumbent
small_k,bnb,gurobi,5000,10,50,50000018,1,time_limit,1.9535672000001796,1.9416036999991775,,,,,,exact_binary_perspective_miqcp
small_k,bnb,mosek,5000,10,50,50000018,1,no_solution,3.7780674999994517,3.773949399999765,,0,0,,,exact_binary_perspective_misocp
small_k,bnb,fista_dual_fista,5000,10,50,50000019,2,gap_limit,3.382665299999644,0.01863440000124683,0.02171501057923763,0,0,,,initial_incumbent
small_k,bnb,fista_dual_lbfgs,5000,10,50,50000019,2,gap_limit,0.7692676000006031,0.018124800000805408,0.02171501057923763,0,0,,,initial_incumbent
small_k,bnb,gurobi,5000,10,50,50000019,2,time_limit,1.8126836999999796,1.800088699999833,,,,,,exact_binary_perspective_miqcp
small_k,bnb,mosek,5000,10,50,50000019,2,no_solution,4.854514599999675,4.847784899999169,,0,0,,,exact_binary_perspective_misocp
small_k,bnb,fista_dual_fista,5000,10,50,50000020,3,gap_limit,3.290387200000623,0.017690099999526865,0.021679304196965198,0,0,,,initial_incumbent
small_k,bnb,fista_dual_lbfgs,5000,10,50,50000020,3,gap_limit,0.7627842999991117,0.018405900000288966,0.021675608122062005,0,0,,,initial_incumbent
small_k,bnb,gurobi,5000,10,50,50000020,3,time_limit,1.8406557999987854,1.8236784000000625,,,,,,exact_binary_perspective_miqcp
small_k,bnb,mosek,5000,10,50,50000020,3,no_solution,4.973608100001002,4.970376900000701,,0,0,,,exact_binary_perspective_misocp
small_k,bnb,fista_dual_fista,5000,10,50,50000021,4,gap_limit,3.2842884000001504,0.018740000001344015,0.021704075230822212,0,0,,,initial_incumbent
small_k,bnb,fista_dual_lbfgs,5000,10,50,50000021,4,gap_limit,0.7929906999997911,0.01763319999918167,0.021704075230822212,0,0,,,initial_incumbent
small_k,bnb,gurobi,5000,10,50,50000021,4,time_limit,1.8085894999985612,1.7960194000006595,,,,,,exact_binary_perspective_miqcp
small_k,bnb,mosek,5000,10,50,50000021,4,no_solution,4.0169120999998995,4.013300500000696,,0,0,,,exact_binary_perspective_misocp
small_k,bnb,fista_dual_fista,5000,10,50,50000022,5,gap_limit,3.296218499999668,0.01726020000023709,0.02167916449682154,0,0,,,initial_incumbent
small_k,bnb,fista_dual_lbfgs,5000,10,50,50000022,5,gap_limit,0.8374392999994598,0.018611299999975017,0.02167916449682154,0,0,,,initial_incumbent
small_k,bnb,gurobi,5000,10,50,50000022,5,time_limit,1.8148390999995172,1.8028417000004993,,,,,,exact_binary_perspective_miqcp
small_k,bnb,mosek,5000,10,50,50000022,5,no_solution,4.187643900000694,4.180001500000799,,0,0,,,exact_binary_perspective_misocp
small_k,bnb,fista_dual_fista,5000,10,50,50000023,6,gap_limit,3.3080744999988383,0.017343299999993178,0.02167401504527583,0,0,,,initial_incumbent
small_k,bnb,fista_dual_lbfgs,5000,10,50,50000023,6,gap_limit,0.7655942000001232,0.017152999998870655,0.02167401504527583,0,0,,,initial_incumbent
small_k,bnb,gurobi,5000,10,50,50000023,6,time_limit,1.8048115999990841,1.7911896999994497,,,,,,exact_binary_perspective_miqcp
small_k,bnb,mosek,5000,10,50,50000023,6,no_solution,3.9208083000012266,3.915198100001362,,0,0,,,exact_binary_perspective_misocp
small_k,bnb,fista_dual_fista,5000,10,50,50000024,7,gap_limit,3.2876152000008005,0.016816499999549706,0.021705732370881616,0,0,,,initial_incumbent
small_k,bnb,fista_dual_lbfgs,5000,10,50,50000024,7,gap_limit,0.8036496999993687,0.018208199999207864,0.021705732370881616,0,0,,,initial_incumbent
small_k,bnb,gurobi,5000,10,50,50000024,7,time_limit,1.814531200001511,1.8020550000001094,,,,,,exact_binary_perspective_miqcp
small_k,bnb,mosek,5000,10,50,50000024,7,no_solution,4.012860099999671,4.007549499998277,,0,0,,,exact_binary_perspective_misocp
small_k,bnb,fista_dual_fista,5000,10,50,50000025,8,gap_limit,3.286152700000457,0.018621100000018487,0.021721956994894626,0,0,,,initial_incumbent
small_k,bnb,fista_dual_lbfgs,5000,10,50,50000025,8,gap_limit,0.8192345000006753,0.017648700000790996,0.02172196520874227,0,0,,,initial_incumbent
small_k,bnb,gurobi,5000,10,50,50000025,8,time_limit,1.8275676000012027,1.8158885999982886,,,,,,exact_binary_perspective_miqcp
small_k,bnb,mosek,5000,10,50,50000025,8,no_solution,4.169930899999599,4.166084299999056,,0,0,,,exact_binary_perspective_misocp
small_k,bnb,fista_dual_fista,5000,10,50,50000026,9,gap_limit,3.306223699999464,0.017124399999374873,0.02169036247622181,0,0,,,initial_incumbent
small_k,bnb,fista_dual_lbfgs,5000,10,50,50000026,9,gap_limit,0.7652302000005875,0.016548699999475502,0.02169036247622181,0,0,,,initial_incumbent
small_k,bnb,gurobi,5000,10,50,50000026,9,time_limit,1.790375500000664,1.7782707999995182,,,,,,exact_binary_perspective_miqcp
small_k,bnb,mosek,5000,10,50,50000026,9,no_solution,3.9185687999997754,3.9125747000016418,,0,0,,,exact_binary_perspective_misocp
small_k,prox,fista_dual_fista,10,2,5,100017,0,converged,0.016456800000014482,0.016456800000014482,,14,0,1.672580451916872e-08,5.289163843883735e-09,row_scaled_dual_fista
small_k,prox,fista_dual_lbfgs,10,2,5,100017,0,converged,0.0059873000009247335,0.0059873000009247335,,4,5,2.220446049250313e-16,0.0,row_scaled_dual_lbfgsb
small_k,prox,gurobi,10,2,5,100017,0,optimal,0.07801689999905648,0.06737360000079207,,11,,,,
small_k,prox,mosek,10,2,5,100017,0,optimal,0.08979980000003707,0.08524800000122923,,11,,,,
small_k,prox,fista_dual_fista,10,2,5,100018,1,converged,0.01692879999973229,0.01692879999973229,,18,0,4.635790418205943e-09,1.465965640785071e-09,row_scaled_dual_fista
small_k,prox,fista_dual_lbfgs,10,2,5,100018,1,converged,0.0042489000006753486,0.0042489000006753486,,4,5,0.0,0.0,row_scaled_dual_lbfgsb
small_k,prox,gurobi,10,2,5,100018,1,optimal,0.020422100000359933,0.01730379999935394,,13,,,,
small_k,prox,mosek,10,2,5,100018,1,optimal,0.010406300001704949,0.009769300000698422,,11,,,,
small_k,prox,fista_dual_fista,10,2,5,100019,2,converged,0.09559100000114995,0.09559100000114995,,94,0,8.879049051557786e-09,2.807801811206276e-09,row_scaled_dual_fista
small_k,prox,fista_dual_lbfgs,10,2,5,100019,2,converged,0.006105899999965914,0.006105899999965914,,4,5,2.220446049250313e-16,0.0,row_scaled_dual_lbfgsb
small_k,prox,gurobi,10,2,5,100019,2,optimal,0.016977900000711088,0.015795199999047327,,12,,,,
small_k,prox,mosek,10,2,5,100019,2,optimal,0.009261400000468711,0.00853120000101626,,14,,,,
small_k,prox,fista_dual_fista,10,2,5,100020,3,converged,0.019892000000254484,0.019892000000254484,,19,0,2.5856593977025e-08,8.176572973815602e-09,row_scaled_dual_fista
small_k,prox,fista_dual_lbfgs,10,2,5,100020,3,converged,0.0037861000000702916,0.0037861000000702916,,4,5,4.440892098500626e-16,0.0,row_scaled_dual_lbfgsb
small_k,prox,gurobi,10,2,5,100020,3,optimal,0.020518499999525375,0.016152000000147382,,14,,,,
small_k,prox,mosek,10,2,5,100020,3,optimal,0.008215899999413523,0.007655800000065938,,10,,,,
small_k,prox,fista_dual_fista,10,2,5,100021,4,converged,0.037283399999068934,0.037283399999068934,,36,0,2.200539617192021e-08,6.958717280422269e-09,row_scaled_dual_fista
small_k,prox,fista_dual_lbfgs,10,2,5,100021,4,converged,0.004176899999947636,0.004176899999947636,,4,5,8.881784197001252e-16,2.7066138985027715e-16,row_scaled_dual_lbfgsb
small_k,prox,gurobi,10,2,5,100021,4,optimal,0.018476299999747425,0.017203000001245528,,13,,,,
small_k,prox,mosek,10,2,5,100021,4,optimal,0.009587399999873014,0.009032699999806937,,11,,,,
small_k,prox,fista_dual_fista,10,2,5,100022,5,converged,0.014073599999392172,0.014073599999392172,,15,0,2.319944891748804e-08,7.336309952097592e-09,row_scaled_dual_fista
small_k,prox,fista_dual_lbfgs,10,2,5,100022,5,converged,0.004869399999734014,0.004869399999734014,,4,5,6.661338147750939e-16,2.4593277611021516e-16,row_scaled_dual_lbfgsb
small_k,prox,gurobi,10,2,5,100022,5,optimal,0.08686990000023798,0.08046789999934845,,13,,,,
small_k,prox,mosek,10,2,5,100022,5,optimal,0.024411300000792835,0.023311000000830973,,11,,,,
small_k,prox,fista_dual_fista,10,2,5,100023,6,converged,0.019073400000706897,0.019073400000706897,,21,0,1.6170131789117193e-08,5.113444692973387e-09,row_scaled_dual_fista
small_k,prox,fista_dual_lbfgs,10,2,5,100023,6,converged,0.004067899999427027,0.004067899999427027,,5,6,9.992007221626409e-16,4.172824985792958e-16,row_scaled_dual_lbfgsb
small_k,prox,gurobi,10,2,5,100023,6,optimal,0.0191450000002078,0.01678170000013779,,14,,,,
small_k,prox,mosek,10,2,5,100023,6,optimal,0.009909000000334345,0.00919649999923422,,11,,,,
small_k,prox,fista_dual_fista,10,2,5,100024,7,converged,0.018093799999405746,0.018093799999405746,,19,0,1.1306145686340585e-08,3.575317214625981e-09,row_scaled_dual_fista
small_k,prox,fista_dual_lbfgs,10,2,5,100024,7,converged,0.003807799999776762,0.003807799999776762,,4,5,4.440892098500626e-16,3.718515670302942e-16,row_scaled_dual_lbfgsb
small_k,prox,gurobi,10,2,5,100024,7,optimal,0.018013799999607727,0.01530579999962356,,14,,,,
small_k,prox,mosek,10,2,5,100024,7,optimal,0.012922899999466608,0.011942299999645911,,13,,,,
small_k,prox,fista_dual_fista,10,2,5,100025,8,converged,0.012142699999458273,0.012142699999458273,,12,0,5.823763138401716e-09,1.8416356409493549e-09,row_scaled_dual_fista
small_k,prox,fista_dual_lbfgs,10,2,5,100025,8,converged,0.004259599998476915,0.004259599998476915,,4,5,2.220446049250313e-16,0.0,row_scaled_dual_lbfgsb
small_k,prox,gurobi,10,2,5,100025,8,optimal,0.022730499998942832,0.015149499999097316,,11,,,,
small_k,prox,mosek,10,2,5,100025,8,optimal,0.011055700000724755,0.010376000000178465,,11,,,,
small_k,prox,fista_dual_fista,10,2,5,100026,9,converged,0.0230427000005875,0.0230427000005875,,28,0,2.547872024472042e-08,8.05707875669881e-09,row_scaled_dual_fista
small_k,prox,fista_dual_lbfgs,10,2,5,100026,9,converged,0.004348200000094948,0.004348200000094948,,4,5,8.881784197001252e-16,5.623223191532785e-16,row_scaled_dual_lbfgsb
small_k,prox,gurobi,10,2,5,100026,9,optimal,0.028570800001034513,0.01700860000164539,,13,,,,
small_k,prox,mosek,10,2,5,100026,9,optimal,0.007477900000594673,0.006964200001675636,,10,,,,
small_k,prox,fista_dual_fista,20,2,10,200017,0,converged,0.018688899999688147,0.018688899999688147,,20,0,2.4130006215372646e-08,5.395633412623568e-09,row_scaled_dual_fista
small_k,prox,fista_dual_lbfgs,20,2,10,200017,0,converged,0.004899200001091231,0.004899200001091231,,5,7,1.3322676295501878e-15,7.312628445946648e-16,row_scaled_dual_lbfgsb
small_k,prox,gurobi,20,2,10,200017,0,optimal,0.03157190000092669,0.01929259999997157,,12,,,,
small_k,prox,mosek,20,2,10,200017,0,optimal,0.010784399999465677,0.01021970000147121,,10,,,,
small_k,prox,fista_dual_fista,20,2,10,200018,1,converged,0.06208450000121957,0.06208450000121957,,62,0,4.45766565881911e-08,9.967643388082126e-09,row_scaled_dual_fista
small_k,prox,fista_dual_lbfgs,20,2,10,200018,1,converged,0.0048623000002407935,0.0048623000002407935,,5,7,1.4432899320127035e-15,0.0,row_scaled_dual_lbfgsb
small_k,prox,gurobi,20,2,10,200018,1,optimal,0.021723200001360965,0.019936199998483062,,11,,,,
small_k,prox,mosek,20,2,10,200018,1,optimal,0.01073039999937464,0.00984710000011546,,11,,,,
small_k,prox,fista_dual_fista,20,2,10,200019,2,converged,0.03463729999930365,0.03463729999930365,,32,0,1.536801330637161e-08,3.4363922602744094e-09,row_scaled_dual_fista
small_k,prox,fista_dual_lbfgs,20,2,10,200019,2,converged,0.005535299998882692,0.005535299998882692,,5,7,3.774758283725532e-15,9.20181348961848e-16,row_scaled_dual_lbfgsb
small_k,prox,gurobi,20,2,10,200019,2,optimal,0.03048530000160099,0.01832549999926414,,13,,,,
small_k,prox,mosek,20,2,10,200019,2,optimal,0.009233099999619299,0.00864229999933741,,12,,,,
small_k,prox,fista_dual_fista,20,2,10,200020,3,converged,0.01522609999847191,0.01522609999847191,,15,0,1.8726154404902218e-08,4.187295440472388e-09,row_scaled_dual_fista
small_k,prox,fista_dual_lbfgs,20,2,10,200020,3,converged,0.005718799999158364,0.005718799999158364,,6,7,6.661338147750939e-16,0.0,row_scaled_dual_lbfgsb
small_k,prox,gurobi,20,2,10,200020,3,optimal,0.020755399998961366,0.01809759999923699,,11,,,,
small_k,prox,mosek,20,2,10,200020,3,optimal,0.010095600000568083,0.009449600000152714,,11,,,,
small_k,prox,fista_dual_fista,20,2,10,200021,4,converged,0.015200400001049275,0.015200400001049275,,16,0,4.235309480904448e-08,9.470439900052726e-09,row_scaled_dual_fista
small_k,prox,fista_dual_lbfgs,20,2,10,200021,4,converged,0.0048279999991791556,0.0048279999991791556,,5,7,1.7763568394002505e-15,8.565114626647911e-16,row_scaled_dual_lbfgsb
small_k,prox,gurobi,20,2,10,200021,4,optimal,0.02137340000081167,0.018462500000168802,,12,,,,
small_k,prox,mosek,20,2,10,200021,4,optimal,0.009705899999971734,0.009042499999850406,,11,,,,
small_k,prox,fista_dual_fista,20,2,10,200022,5,converged,0.014164899999741465,0.014164899999741465,,15,0,4.179362589340485e-08,9.345338859271568e-09,row_scaled_dual_fista
small_k,prox,fista_dual_lbfgs,20,2,10,200022,5,converged,0.005673499999829801,0.005673499999829801,,5,7,1.1102230246251565e-15,7.287969465431947e-16,row_scaled_dual_lbfgsb
small_k,prox,gurobi,20,2,10,200022,5,optimal,0.036063400000784895,0.024211099998865393,,13,,,,
small_k,prox,mosek,20,2,10,200022,5,optimal,0.01074250000056054,0.010091099999044673,,11,,,,
small_k,prox,fista_dual_fista,20,2,10,200023,6,converged,0.023087499999746797,0.023087499999746797,,15,0,2.5609816045601974e-08,5.726528931850701e-09,row_scaled_dual_fista
small_k,prox,fista_dual_lbfgs,20,2,10,200023,6,converged,0.0059273000006214716,0.0059273000006214716,,5,7,5.773159728050814e-15,1.520320660466087e-15,row_scaled_dual_lbfgsb
small_k,prox,gurobi,20,2,10,200023,6,optimal,0.0344892000011896,0.020629800001188414,,12,,,,
small_k,prox,mosek,20,2,10,200023,6,optimal,0.010663700000804965,0.010021000000051572,,10,,,,
small_k,prox,fista_dual_fista,20,2,10,200024,7,converged,0.014894800000547548,0.014894800000547548,,13,0,1.5099935968265754e-08,3.3764483395163073e-09,row_scaled_dual_fista
small_k,prox,fista_dual_lbfgs,20,2,10,200024,7,converged,0.005825899999763351,0.005825899999763351,,5,7,2.220446049250313e-15,0.0,row_scaled_dual_lbfgsb
small_k,prox,gurobi,20,2,10,200024,7,optimal,0.01999919999980193,0.01892799999950512,,11,,,,
small_k,prox,mosek,20,2,10,200024,7,optimal,0.010530700001254445,0.009875399999145884,,10,,,,
small_k,prox,fista_dual_fista,20,2,10,200025,8,converged,0.016070800000306917,0.016070800000306917,,15,0,9.944261081251682e-09,2.223604406647145e-09,row_scaled_dual_fista
small_k,prox,fista_dual_lbfgs,20,2,10,200025,8,converged,0.005007899999327492,0.005007899999327492,,5,7,1.5543122344752192e-15,0.0,row_scaled_dual_lbfgsb
small_k,prox,gurobi,20,2,10,200025,8,optimal,0.03386299999874609,0.02050050000070769,,16,,,,
small_k,prox,mosek,20,2,10,200025,8,optimal,0.010646400000041467,0.00996089999898686,,10,,,,
small_k,prox,fista_dual_fista,20,2,10,200026,9,converged,0.06939479999891773,0.06939479999891773,,61,0,8.762823133778852e-09,1.9594268527600825e-09,row_scaled_dual_fista
small_k,prox,fista_dual_lbfgs,20,2,10,200026,9,converged,0.006600000000617001,0.006600000000617001,,6,8,2.4424906541753444e-15,0.0,row_scaled_dual_lbfgsb
small_k,prox,gurobi,20,2,10,200026,9,optimal,0.036741099998835125,0.026530400000410737,,11,,,,
small_k,prox,mosek,20,2,10,200026,9,optimal,0.011687000000165426,0.01094089999969583,,10,,,,
small_k,prox,fista_dual_fista,30,2,15,300017,0,converged,0.12510010000005423,0.12510010000005423,,50,0,2.9262938294749574e-08,5.342657160269571e-09,row_scaled_dual_fista
small_k,prox,fista_dual_lbfgs,30,2,15,300017,0,converged,0.007049700001516612,0.007049700001516612,,6,8,3.9968028886505635e-15,1.4754137828637798e-15,row_scaled_dual_lbfgsb
small_k,prox,gurobi,30,2,15,300017,0,optimal,0.037827099999049096,0.026855099999011145,,15,,,,
small_k,prox,mosek,30,2,15,300017,0,optimal,0.015388100000564009,0.014657900001111557,,10,,,,
small_k,prox,fista_dual_fista,30,2,15,300018,1,converged,0.041062199999942095,0.041062199999942095,,31,0,2.2074693184492844e-08,4.030269140146009e-09,row_scaled_dual_fista
small_k,prox,fista_dual_lbfgs,30,2,15,300018,1,converged,0.008124299998598872,0.008124299998598872,,6,8,2.4424906541753444e-15,0.0,row_scaled_dual_lbfgsb
small_k,prox,gurobi,30,2,15,300018,1,optimal,0.028011200000037206,0.0256654000004346,,13,,,,
small_k,prox,mosek,30,2,15,300018,1,optimal,0.01282790000004752,0.011933699999644887,,10,,,,
small_k,prox,fista_dual_fista,30,2,15,300019,2,converged,0.020216099999743165,0.020216099999743165,,16,0,3.273322268793066e-08,5.976241483100308e-09,row_scaled_dual_fista
small_k,prox,fista_dual_lbfgs,30,2,15,300019,2,converged,0.0070001999993110076,0.0070001999993110076,,6,8,1.5543122344752192e-15,9.712833454288343e-16,row_scaled_dual_lbfgsb
small_k,prox,gurobi,30,2,15,300019,2,optimal,0.037220099999103695,0.025225900000805268,,13,,,,
small_k,prox,mosek,30,2,15,300019,2,optimal,0.014193300001352327,0.013440999999147607,,10,,,,
small_k,prox,fista_dual_fista,30,2,15,300020,3,converged,0.02697249999982887,0.02697249999982887,,21,0,3.656384106598409e-08,6.675613553306163e-09,row_scaled_dual_fista
small_k,prox,fista_dual_lbfgs,30,2,15,300020,3,converged,0.007501300000512856,0.007501300000512856,,6,8,2.220446049250313e-15,0.0,row_scaled_dual_lbfgsb
small_k,prox,gurobi,30,2,15,300020,3,optimal,0.02733769999940705,0.02561749999949825,,14,,,,
small_k,prox,mosek,30,2,15,300020,3,optimal,0.0275022000005265,0.025821900000664755,,10,,,,
small_k,prox,fista_dual_fista,30,2,15,300021,4,converged,0.06479159999980766,0.06479159999980766,,19,0,3.447409158141568e-08,6.2940792469289005e-09,row_scaled_dual_fista
small_k,prox,fista_dual_lbfgs,30,2,15,300021,4,converged,0.017430900001272676,0.017430900001272676,,6,8,1.9984014443252818e-15,8.427691362101822e-16,row_scaled_dual_lbfgsb
small_k,prox,gurobi,30,2,15,300021,4,optimal,0.05695150000065041,0.04939659999945434,,13,,,,
small_k,prox,mosek,30,2,15,300021,4,optimal,0.03500050000002375,0.03318039999976463,,11,,,,
small_k,prox,fista_dual_fista,30,2,15,300022,5,converged,0.1116000999991229,0.1116000999991229,,36,0,3.684696170402901e-08,6.727304060437369e-09,row_scaled_dual_fista
small_k,prox,fista_dual_lbfgs,30,2,15,300022,5,converged,0.017593200000192155,0.017593200000192155,,6,8,2.886579864025407e-15,9.004250338455078e-16,row_scaled_dual_lbfgsb
small_k,prox,gurobi,30,2,15,300022,5,optimal,0.06414419999964593,0.05507500000021537,,12,,,,
small_k,prox,mosek,30,2,15,300022,5,optimal,0.03645950000100129,0.033687600000121165,,10,,,,
small_k,prox,fista_dual_fista,30,2,15,300023,6,converged,0.2314355999988038,0.2314355999988038,,43,0,4.0106870491385394e-08,7.3224792202984455e-09,row_scaled_dual_fista
small_k,prox,fista_dual_lbfgs,30,2,15,300023,6,converged,0.029589400000986643,0.029589400000986643,,6,8,4.440892098500626e-16,0.0,row_scaled_dual_lbfgsb
small_k,prox,gurobi,30,2,15,300023,6,optimal,0.1998332000002847,0.18995089999953052,,13,,,,
small_k,prox,mosek,30,2,15,300023,6,optimal,0.041950099999667145,0.040466700000251876,,12,,,,
small_k,prox,fista_dual_fista,30,2,15,300024,7,converged,0.11294629999974859,0.11294629999974859,,23,0,3.4430509554539412e-09,6.286122054620888e-10,row_scaled_dual_fista
small_k,prox,fista_dual_lbfgs,30,2,15,300024,7,converged,0.026757700001326157,0.026757700001326157,,6,8,2.4424906541753444e-15,0.0,row_scaled_dual_lbfgsb
small_k,prox,gurobi,30,2,15,300024,7,optimal,0.07615210000039951,0.0636928000003536,,14,,,,
small_k,prox,mosek,30,2,15,300024,7,optimal,0.032879300000786316,0.03133449999950244,,11,,,,
small_k,prox,fista_dual_fista,30,2,15,300025,8,converged,0.04728959999920335,0.04728959999920335,,16,0,8.79487793703504e-09,1.60571767509209e-09,row_scaled_dual_fista
small_k,prox,fista_dual_lbfgs,30,2,15,300025,8,converged,0.01499110000077053,0.01499110000077053,,6,8,2.3314683517128287e-15,0.0,row_scaled_dual_lbfgsb
small_k,prox,gurobi,30,2,15,300025,8,optimal,0.057817399998384644,0.047597499999028514,,13,,,,
small_k,prox,mosek,30,2,15,300025,8,optimal,0.023907599999802187,0.02263940000011644,,11,,,,
small_k,prox,fista_dual_fista,30,2,15,300026,9,converged,0.05337330000111251,0.05337330000111251,,23,0,7.59572160724531e-09,1.3867827030866967e-09,row_scaled_dual_fista
small_k,prox,fista_dual_lbfgs,30,2,15,300026,9,converged,0.011539600000105565,0.011539600000105565,,6,8,1.5543122344752192e-15,0.0,row_scaled_dual_lbfgsb
small_k,prox,gurobi,30,2,15,300026,9,optimal,0.05189869999958319,0.039259500001207925,,16,,,,
small_k,prox,mosek,30,2,15,300026,9,optimal,0.02173860000038985,0.020471800000450457,,13,,,,
small_k,prox,fista_dual_fista,50,2,25,500017,0,converged,0.05590639999900304,0.05590639999900304,,29,0,9.679078538660235e-09,1.3688284056115873e-09,row_scaled_dual_fista
small_k,prox,fista_dual_lbfgs,50,2,25,500017,0,converged,0.010572199998932774,0.010572199998932774,,6,8,4.3298697960381105e-15,2.0730662377289245e-15,row_scaled_dual_lbfgsb
small_k,prox,gurobi,50,2,25,500017,0,optimal,0.054548400001294794,0.0425654000009672,,12,,,,
small_k,prox,mosek,50,2,25,500017,0,optimal,0.021633600001223385,0.020653000001402688,,12,,,,
small_k,prox,fista_dual_fista,50,2,25,500018,1,converged,0.02901650000057998,0.02901650000057998,,17,0,2.618951677746395e-08,3.7037569695607758e-09,row_scaled_dual_fista
small_k,prox,fista_dual_lbfgs,50,2,25,500018,1,converged,0.00912369999969087,0.00912369999969087,,6,8,2.886579864025407e-15,2.042380181904769e-15,row_scaled_dual_lbfgsb
small_k,prox,gurobi,50,2,25,500018,1,optimal,0.05388870000024326,0.04258550000122341,,14,,,,
small_k,prox,mosek,50,2,25,500018,1,optimal,0.020915899998726672,0.02000940000107221,,14,,,,
small_k,prox,fista_dual_fista,50,2,25,500019,2,converged,0.11097380000137491,0.11097380000137491,,34,0,2.5847808560186536e-08,3.6554321521621454e-09,row_scaled_dual_fista
small_k,prox,fista_dual_lbfgs,50,2,25,500019,2,converged,0.019031100000574952,0.019031100000574952,,7,9,6.321099199624314e-09,8.939375989114618e-10,row_scaled_dual_lbfgsb
small_k,prox,gurobi,50,2,25,500019,2,optimal,0.07252579999840236,0.058380899999974645,,15,,,,
small_k,prox,mosek,50,2,25,500019,2,optimal,0.030832300000838586,0.029516100001274026,,14,,,,
small_k,prox,fista_dual_fista,50,2,25,500020,3,converged,0.06629109999994398,0.06629109999994398,,34,0,1.3671667575820834e-08,1.9334657673463623e-09,row_scaled_dual_fista
small_k,prox,fista_dual_lbfgs,50,2,25,500020,3,converged,0.009396100000230945,0.009396100000230945,,6,8,6.217248937900877e-15,1.7743048820493703e-15,row_scaled_dual_lbfgsb
small_k,prox,gurobi,50,2,25,500020,3,optimal,0.051867800000763964,0.04355609999947774,,13,,,,
small_k,prox,mosek,50,2,25,500020,3,optimal,0.02369830000134243,0.02260230000138108,,13,,,,
small_k,prox,fista_dual_fista,50,2,25,500021,4,converged,0.03957989999980782,0.03957989999980782,,20,0,6.801412855139688e-08,9.618650288858836e-09,row_scaled_dual_fista
small_k,prox,fista_dual_lbfgs,50,2,25,500021,4,converged,0.009286599999541068,0.009286599999541068,,6,8,0.0,0.0,row_scaled_dual_lbfgsb
small_k,prox,gurobi,50,2,25,500021,4,optimal,0.058993099999497645,0.04412960000081512,,14,,,,
small_k,prox,mosek,50,2,25,500021,4,optimal,0.020692500000222935,0.0196101000001363,,12,,,,
small_k,prox,fista_dual_fista,50,2,25,500022,5,converged,0.04806309999912628,0.04806309999912628,,29,0,1.62959956639952e-08,2.3046018262685996e-09,row_scaled_dual_fista
small_k,prox,fista_dual_lbfgs,50,2,25,500022,5,converged,0.009333600000900333,0.009333600000900333,,6,8,0.0,0.0,row_scaled_dual_lbfgsb
small_k,prox,gurobi,50,2,25,500022,5,optimal,0.05348330000015267,0.0396069999987958,,12,,,,
small_k,prox,mosek,50,2,25,500022,5,optimal,0.018365799998719012,0.017486400000052527,,11,,,,
small_k,prox,fista_dual_fista,50,2,25,500023,6,converged,0.04034239999964484,0.04034239999964484,,24,0,8.528624917403249e-09,1.2061297105403816e-09,row_scaled_dual_fista
small_k,prox,fista_dual_lbfgs,50,2,25,500023,6,converged,0.008746900000915048,0.008746900000915048,,6,8,2.4424906541753444e-15,0.0,row_scaled_dual_lbfgsb
small_k,prox,gurobi,50,2,25,500023,6,optimal,0.05034929999965243,0.04003089999969234,,14,,,,
small_k,prox,mosek,50,2,25,500023,6,optimal,0.018918499999927008,0.0180473999989772,,13,,,,
small_k,prox,fista_dual_fista,50,2,25,500024,7,converged,0.05332100000123319,0.05332100000123319,,34,0,1.687316997234234e-08,2.3862266001569303e-09,row_scaled_dual_fista
small_k,prox,fista_dual_lbfgs,50,2,25,500024,7,converged,0.00900799999908486,0.00900799999908486,,6,8,3.774758283725532e-15,0.0,row_scaled_dual_lbfgsb
small_k,prox,gurobi,50,2,25,500024,7,optimal,0.05142789999990782,0.037785900000017136,,13,,,,
small_k,prox,mosek,50,2,25,500024,7,optimal,0.01840769999944314,0.017511500000182423,,12,,,,
small_k,prox,fista_dual_fista,50,2,25,500025,8,converged,0.047814800000196556,0.047814800000196556,,32,0,7.030145665609666e-08,9.942127349297173e-09,row_scaled_dual_fista
small_k,prox,fista_dual_lbfgs,50,2,25,500025,8,converged,0.009727799999382114,0.009727799999382114,,7,10,1.887379141862766e-15,0.0,row_scaled_dual_lbfgsb
small_k,prox,gurobi,50,2,25,500025,8,optimal,0.04018509999878006,0.03586809999978868,,11,,,,
small_k,prox,mosek,50,2,25,500025,8,optimal,0.019458900000245194,0.018582099999548518,,11,,,,
small_k,prox,fista_dual_fista,50,2,25,500026,9,converged,0.04148720000011963,0.04148720000011963,,27,0,1.8108911259417937e-08,2.560986782271188e-09,row_scaled_dual_fista
small_k,prox,fista_dual_lbfgs,50,2,25,500026,9,converged,0.008237599999119993,0.008237599999119993,,6,8,2.7755575615628914e-15,1.0851082754262788e-15,row_scaled_dual_lbfgsb
small_k,prox,gurobi,50,2,25,500026,9,optimal,0.04825619999974151,0.03903879999961646,,14,,,,
small_k,prox,mosek,50,2,25,500026,9,optimal,0.020416899998963345,0.019582500000979053,,15,,,,
small_k,prox,fista_dual_fista,100,2,50,1000017,0,converged,0.032923400000072434,0.032923400000072434,,20,0,2.936426102273515e-08,2.936426092484216e-09,row_scaled_dual_fista
small_k,prox,fista_dual_lbfgs,100,2,50,1000017,0,converged,0.010211599999820464,0.010211599999820464,,7,10,3.774758283725532e-15,0.0,row_scaled_dual_lbfgsb
small_k,prox,gurobi,100,2,50,1000017,0,optimal,0.09498420000090846,0.08599209999920276,,16,,,,
small_k,prox,mosek,100,2,50,1000017,0,optimal,0.03548570000020845,0.03451879999920493,,14,,,,
small_k,prox,fista_dual_fista,100,2,50,1000018,1,converged,0.032925199999226606,0.032925199999226606,,20,0,2.2483561235020488e-08,2.248356126134673e-09,row_scaled_dual_fista
small_k,prox,fista_dual_lbfgs,100,2,50,1000018,1,converged,0.01075689999925089,0.01075689999925089,,7,10,2.312623004208092e-08,2.3126225428343277e-09,row_scaled_dual_lbfgsb
small_k,prox,gurobi,100,2,50,1000018,1,optimal,0.09353550000014366,0.08262079999985872,,14,,,,
small_k,prox,mosek,100,2,50,1000018,1,optimal,0.03883750000022701,0.03769060000013269,,15,,,,
small_k,prox,fista_dual_fista,100,2,50,1000019,2,converged,0.037948099999994156,0.037948099999994156,,20,0,1.1855108450475882e-08,1.1855108585976107e-09,row_scaled_dual_fista
small_k,prox,fista_dual_lbfgs,100,2,50,1000019,2,converged,0.012085700000170618,0.012085700000170618,,8,11,2.9976021664879227e-15,2.22279830726999e-15,row_scaled_dual_lbfgsb
small_k,prox,gurobi,100,2,50,1000019,2,optimal,0.10182189999977709,0.09541960000024119,,15,,,,
small_k,prox,mosek,100,2,50,1000019,2,optimal,0.04541539999991073,0.04443630000059784,,13,,,,
small_k,prox,fista_dual_fista,100,2,50,1000020,3,converged,0.03641389999938838,0.03641389999938838,,20,0,3.1423535329366814e-08,3.1423535240306075e-09,row_scaled_dual_fista
small_k,prox,fista_dual_lbfgs,100,2,50,1000020,3,converged,0.010377600001447718,0.010377600001447718,,7,10,1.9984014443252818e-15,0.0,row_scaled_dual_lbfgsb
small_k,prox,gurobi,100,2,50,1000020,3,optimal,0.09200349999991886,0.0875331000006554,,15,,,,
small_k,prox,mosek,100,2,50,1000020,3,optimal,0.03589230000034149,0.03480119999949238,,13,,,,
small_k,prox,fista_dual_fista,100,2,50,1000021,4,converged,0.036908000000039465,0.036908000000039465,,21,0,6.676922637005589e-08,6.676922619661934e-09,row_scaled_dual_fista
small_k,prox,fista_dual_lbfgs,100,2,50,1000021,4,converged,0.012326900001426111,0.012326900001426111,,7,10,2.220446049250313e-16,0.0,row_scaled_dual_lbfgsb
small_k,prox,gurobi,100,2,50,1000021,4,optimal,0.09111140000095475,0.08910720000130823,,14,,,,
small_k,prox,mosek,100,2,50,1000021,4,optimal,0.041096399998423294,0.04008299999986775,,14,,,,
small_k,prox,fista_dual_fista,100,2,50,1000022,5,converged,0.03578689999994822,0.03578689999994822,,20,0,4.356815530570657e-08,4.356815536785139e-09,row_scaled_dual_fista
small_k,prox,fista_dual_lbfgs,100,2,50,1000022,5,converged,0.009863999999652151,0.009863999999652151,,6,8,5.551115123125783e-15,0.0,row_scaled_dual_lbfgsb
small_k,prox,gurobi,100,2,50,1000022,5,optimal,0.1022530000009283,0.09514020000096934,,16,,,,
small_k,prox,mosek,100,2,50,1000022,5,optimal,0.04760360000000219,0.04589339999984077,,14,,,,
small_k,prox,fista_dual_fista,100,2,50,1000023,6,converged,0.07117730000027223,0.07117730000027223,,20,0,7.875937713119896e-08,7.87593771909071e-09,row_scaled_dual_fista
small_k,prox,fista_dual_lbfgs,100,2,50,1000023,6,converged,0.011967800001002615,0.011967800001002615,,7,10,2.220446049250313e-15,0.0,row_scaled_dual_lbfgsb
small_k,prox,gurobi,100,2,50,1000023,6,optimal,0.10898000000088359,0.1049855999990541,,15,,,,
small_k,prox,mosek,100,2,50,1000023,6,optimal,0.047052500000063446,0.046075799999016454,,15,,,,
small_k,prox,fista_dual_fista,100,2,50,1000024,7,converged,0.04352319999998144,0.04352319999998144,,20,0,1.204878097293971e-08,1.2048780898305138e-09,row_scaled_dual_fista
small_k,prox,fista_dual_lbfgs,100,2,50,1000024,7,converged,0.013354500000787084,0.013354500000787084,,7,10,1.3322676295501878e-15,0.0,row_scaled_dual_lbfgsb
small_k,prox,gurobi,100,2,50,1000024,7,optimal,0.12962689999949362,0.11246740000024147,,15,,,,
small_k,prox,mosek,100,2,50,1000024,7,optimal,0.04246449999845936,0.041482900000119116,,14,,,,
small_k,prox,fista_dual_fista,100,2,50,1000025,8,converged,0.041410400001041126,0.041410400001041126,,20,0,2.199638360345091e-08,2.199638347685396e-09,row_scaled_dual_fista
small_k,prox,fista_dual_lbfgs,100,2,50,1000025,8,converged,0.013248700000985991,0.013248700000985991,,7,10,5.218048215738236e-15,0.0,row_scaled_dual_lbfgsb
small_k,prox,gurobi,100,2,50,1000025,8,optimal,0.13260280000031344,0.1244712999996409,,18,,,,
small_k,prox,mosek,100,2,50,1000025,8,optimal,0.049233100000492414,0.04787450000003446,,14,,,,
small_k,prox,fista_dual_fista,100,2,50,1000026,9,converged,0.0430925999989995,0.0430925999989995,,21,0,6.097234184210265e-08,6.097234195449384e-09,row_scaled_dual_fista
small_k,prox,fista_dual_lbfgs,100,2,50,1000026,9,converged,0.013825400001223898,0.013825400001223898,,7,10,5.662137425588298e-15,2.1010112402558496e-15,row_scaled_dual_lbfgsb
small_k,prox,gurobi,100,2,50,1000026,9,optimal,0.09311800000068615,0.0863774999997986,,12,,,,
small_k,prox,mosek,100,2,50,1000026,9,optimal,0.03773370000089926,0.03669319999971776,,13,,,,
small_k,prox,fista_dual_fista,300,6,50,3000017,0,converged,0.04227969999919878,0.04227969999919878,,18,0,5.4890978873345375e-08,3.1691321538465045e-09,row_scaled_dual_fista
small_k,prox,fista_dual_lbfgs,300,6,50,3000017,0,converged,0.013308700001289253,0.013308700001289253,,7,9,3.3306690738754696e-15,0.0,row_scaled_dual_lbfgsb
small_k,prox,gurobi,300,6,50,3000017,0,optimal,0.10577310000007856,0.09891179999976885,,16,,,,
small_k,prox,mosek,300,6,50,3000017,0,optimal,0.07408800000121119,0.07293570000001637,,19,,,,
small_k,prox,fista_dual_fista,300,6,50,3000018,1,converged,0.03970320000007632,0.03970320000007632,,18,0,6.383696882217293e-08,3.68562910919001e-09,row_scaled_dual_fista
small_k,prox,fista_dual_lbfgs,300,6,50,3000018,1,converged,0.014519700000164448,0.014519700000164448,,7,9,7.771561172376096e-16,0.0,row_scaled_dual_lbfgsb
small_k,prox,gurobi,300,6,50,3000018,1,optimal,0.10501920000024256,0.09027489999971294,,15,,,,
small_k,prox,mosek,300,6,50,3000018,1,optimal,0.07708529999945313,0.07612049999988812,,19,,,,
small_k,prox,fista_dual_fista,300,6,50,3000019,2,converged,0.03508220000003348,0.03508220000003348,,18,0,3.380510582573493e-08,1.951738692369907e-09,row_scaled_dual_fista
small_k,prox,fista_dual_lbfgs,300,6,50,3000019,2,converged,0.010050299999420531,0.010050299999420531,,6,8,1.3322676295501878e-15,7.513270204385867e-16,row_scaled_dual_lbfgsb
small_k,prox,gurobi,300,6,50,3000019,2,optimal,0.11285059999863734,0.10026179999840679,,17,,,,
small_k,prox,mosek,300,6,50,3000019,2,optimal,0.166085099999691,0.16249000000061642,,18,,,,
small_k,prox,fista_dual_fista,300,6,50,3000020,3,converged,0.10531540000010864,0.10531540000010864,,18,0,3.707049356371783e-08,2.140265953256089e-09,row_scaled_dual_fista
small_k,prox,fista_dual_lbfgs,300,6,50,3000020,3,converged,0.019951800000853837,0.019951800000853837,,7,9,1.6848389350343496e-10,9.727362594264251e-12,row_scaled_dual_lbfgsb
small_k,prox,gurobi,300,6,50,3000020,3,optimal,0.22996210000019346,0.21521819999907166,,16,,,,
small_k,prox,mosek,300,6,50,3000020,3,optimal,0.12492469999961031,0.12293069999941508,,19,,,,
small_k,prox,fista_dual_fista,300,6,50,3000021,4,converged,0.07903319999968517,0.07903319999968517,,18,0,6.311661948643632e-08,3.644039732398924e-09,row_scaled_dual_fista
small_k,prox,fista_dual_lbfgs,300,6,50,3000021,4,converged,0.021902200000113226,0.021902200000113226,,6,8,8.659739592076221e-15,7.310494808773078e-16,row_scaled_dual_lbfgsb
small_k,prox,gurobi,300,6,50,3000021,4,optimal,0.47504770000159624,0.4621160000006057,,15,,,,
small_k,prox,mosek,300,6,50,3000021,4,optimal,0.12103700000079698,0.11945389999891631,,19,,,,
small_k,prox,fista_dual_fista,300,6,50,3000022,5,converged,0.14186420000078215,0.14186420000078215,,40,0,5.7132644060153837e-08,3.2985547403287873e-09,row_scaled_dual_fista
small_k,prox,fista_dual_lbfgs,300,6,50,3000022,5,converged,0.018169400000260794,0.018169400000260794,,7,9,1.7763568394002505e-15,0.0,row_scaled_dual_lbfgsb
small_k,prox,gurobi,300,6,50,3000022,5,optimal,0.15632120000009309,0.14302419999876292,,17,,,,
small_k,prox,mosek,300,6,50,3000022,5,optimal,0.09817830000065442,0.09633580000081565,,19,,,,
small_k,prox,fista_dual_fista,300,6,50,3000023,6,converged,0.05126840000048105,0.05126840000048105,,18,0,5.4113932224097994e-08,3.124269341817976e-09,row_scaled_dual_fista
small_k,prox,fista_dual_lbfgs,300,6,50,3000023,6,converged,0.015136500000153319,0.015136500000153319,,7,9,4.1707992615158673e-10,2.4080050315985378e-11,row_scaled_dual_lbfgsb
small_k,prox,gurobi,300,6,50,3000023,6,optimal,0.13469230000009702,0.12054270000044198,,17,,,,
small_k,prox,mosek,300,6,50,3000023,6,optimal,0.08972460000040883,0.08846929999890563,,20,,,,
small_k,prox,fista_dual_fista,300,6,50,3000024,7,converged,0.1511054000002332,0.1511054000002332,,18,0,4.795580776928432e-08,2.7687298571413072e-09,row_scaled_dual_fista
small_k,prox,fista_dual_lbfgs,300,6,50,3000024,7,converged,0.020292900000640657,0.020292900000640657,,7,9,2.8900792869990255e-10,1.6685527246795274e-11,row_scaled_dual_lbfgsb
small_k,prox,gurobi,300,6,50,3000024,7,optimal,0.1293987000008201,0.12457220000032976,,17,,,,
small_k,prox,mosek,300,6,50,3000024,7,optimal,0.0917332000008173,0.09058770000046934,,19,,,,
small_k,prox,fista_dual_fista,300,6,50,3000025,8,converged,0.04647280000062892,0.04647280000062892,,18,0,5.696008220645865e-08,3.288591887780325e-09,row_scaled_dual_fista
small_k,prox,fista_dual_lbfgs,300,6,50,3000025,8,converged,0.012773200000083307,0.012773200000083307,,6,8,3.3306690738754696e-15,0.0,row_scaled_dual_lbfgsb
small_k,prox,gurobi,300,6,50,3000025,8,optimal,0.11735390000103507,0.10700230000111333,,16,,,,
small_k,prox,mosek,300,6,50,3000025,8,optimal,0.0747971000000689,0.07367609999892011,,18,,,,
small_k,prox,fista_dual_fista,300,6,50,3000026,9,converged,0.043102199999339064,0.043102199999339064,,18,0,6.029000410023855e-08,3.4808450133951623e-09,row_scaled_dual_fista
small_k,prox,fista_dual_lbfgs,300,6,50,3000026,9,converged,0.011612700000114273,0.011612700000114273,,6,8,3.552713678800501e-15,0.0,row_scaled_dual_lbfgsb
small_k,prox,gurobi,300,6,50,3000026,9,optimal,0.10079279999990831,0.09194729999944684,,14,,,,
small_k,prox,mosek,300,6,50,3000026,9,optimal,0.07612239999980375,0.07519090000096185,,18,,,,
small_k,prox,fista_dual_fista,1000,10,50,10000017,0,converged,0.058134599999903,0.058134599999903,,19,0,2.595523567183733e-07,8.20776619193585e-09,row_scaled_dual_fista
small_k,prox,fista_dual_lbfgs,1000,10,50,10000017,0,converged,0.016102499999760767,0.016102499999760767,,7,9,1.069004884612923e-10,3.380461784919071e-12,row_scaled_dual_lbfgsb
small_k,prox,gurobi,1000,10,50,10000017,0,optimal,0.26970239999900514,0.263439100001051,,15,,,,
small_k,prox,mosek,1000,10,50,10000017,0,optimal,0.2166378000001714,0.21523580000030051,,19,,,,
small_k,prox,fista_dual_fista,1000,10,50,10000018,1,converged,0.05118380000021716,0.05118380000021716,,19,0,2.0564111036236454e-07,6.502942895243653e-09,row_scaled_dual_fista
small_k,prox,fista_dual_lbfgs,1000,10,50,10000018,1,converged,0.015434300001288648,0.015434300001288648,,7,9,1.1673595423644656e-10,3.69191814707853e-12,row_scaled_dual_lbfgsb
small_k,prox,gurobi,1000,10,50,10000018,1,optimal,0.23326080000151705,0.22844979999899806,,14,,,,
small_k,prox,mosek,1000,10,50,10000018,1,optimal,0.30666029999883904,0.30514970000149333,,20,,,,
small_k,prox,fista_dual_fista,1000,10,50,10000019,2,converged,0.06447750000006636,0.06447750000006636,,22,0,2.791685644876196e-07,8.828085144719838e-09,row_scaled_dual_fista
small_k,prox,fista_dual_lbfgs,1000,10,50,10000019,2,converged,0.015104399999472662,0.015104399999472662,,7,9,2.595079706679826e-11,8.203787209478524e-13,row_scaled_dual_lbfgsb
small_k,prox,gurobi,1000,10,50,10000019,2,optimal,0.28430670000125247,0.27363770000010845,,16,,,,
small_k,prox,mosek,1000,10,50,10000019,2,optimal,0.18947140000091167,0.1880977000000712,,19,,,,
small_k,prox,fista_dual_fista,1000,10,50,10000020,3,converged,0.04744519999985641,0.04744519999985641,,19,0,3.050091883505246e-07,9.645237427822886e-09,row_scaled_dual_fista
small_k,prox,fista_dual_lbfgs,1000,10,50,10000020,3,converged,0.012932699999510078,0.012932699999510078,,6,8,2.6645352591003757e-15,0.0,row_scaled_dual_lbfgsb
small_k,prox,gurobi,1000,10,50,10000020,3,optimal,0.23992320000070322,0.2319210000005114,,16,,,,
small_k,prox,mosek,1000,10,50,10000020,3,optimal,0.20438370000010764,0.20334539999930712,,19,,,,
small_k,prox,fista_dual_fista,1000,10,50,10000021,4,converged,0.07600860000093235,0.07600860000093235,,29,0,1.6496065935456272e-07,5.21651407753679e-09,row_scaled_dual_fista
small_k,prox,fista_dual_lbfgs,1000,10,50,10000021,4,converged,0.01257170000098995,0.01257170000098995,,7,9,8.17548251319522e-11,2.585112428629482e-12,row_scaled_dual_lbfgsb
small_k,prox,gurobi,1000,10,50,10000021,4,optimal,0.22310640000068815,0.21436919999905513,,14,,,,
small_k,prox,mosek,1000,10,50,10000021,4,optimal,0.1903807999988203,0.18933589999869582,,19,,,,
small_k,prox,fista_dual_fista,1000,10,50,10000022,5,converged,0.049743100000341656,0.049743100000341656,,19,0,3.02394020934571e-07,9.562538569080688e-09,row_scaled_dual_fista
small_k,prox,fista_dual_lbfgs,1000,10,50,10000022,5,converged,0.01303840000036871,0.01303840000036871,,7,9,8.788481054011754e-11,2.779351153312183e-12,row_scaled_dual_lbfgsb
small_k,prox,gurobi,1000,10,50,10000022,5,optimal,0.2804811999994854,0.2617394000008062,,16,,,,
small_k,prox,mosek,1000,10,50,10000022,5,optimal,0.22296649999952933,0.22176589999980933,,20,,,,
small_k,prox,fista_dual_fista,1000,10,50,10000023,6,converged,0.051862600001186365,0.051862600001186365,,19,0,3.0866942646312623e-07,9.760984318759553e-09,row_scaled_dual_fista
small_k,prox,fista_dual_lbfgs,1000,10,50,10000023,6,converged,0.014051600001039333,0.014051600001039333,,7,9,1.5543122344752192e-15,0.0,row_scaled_dual_lbfgsb
small_k,prox,gurobi,1000,10,50,10000023,6,optimal,0.26078380000035395,0.2431386999996903,,16,,,,
small_k,prox,mosek,1000,10,50,10000023,6,optimal,0.26217019999967306,0.26090590000058,,19,,,,
small_k,prox,fista_dual_fista,1000,10,50,10000024,7,converged,0.0881747000003088,0.0881747000003088,,33,0,2.3042364305503327e-07,7.286635384168195e-09,row_scaled_dual_fista
small_k,prox,fista_dual_lbfgs,1000,10,50,10000024,7,converged,0.013495599998350372,0.013495599998350372,,7,9,5.551115123125783e-15,0.0,row_scaled_dual_lbfgsb
small_k,prox,gurobi,1000,10,50,10000024,7,optimal,0.29223629999978584,0.28093059999991965,,15,,,,
small_k,prox,mosek,1000,10,50,10000024,7,optimal,0.19796580000001995,0.19679849999920407,,19,,,,
small_k,prox,fista_dual_fista,1000,10,50,10000025,8,converged,0.046839900000122725,0.046839900000122725,,19,0,1.7790163231445888e-07,5.625743585147215e-09,row_scaled_dual_fista
small_k,prox,fista_dual_lbfgs,1000,10,50,10000025,8,converged,0.01452659999995376,0.01452659999995376,,7,9,1.8348877972584887e-11,5.807137162599217e-13,row_scaled_dual_lbfgsb
small_k,prox,gurobi,1000,10,50,10000025,8,optimal,0.32364269999925455,0.3118101999989449,,15,,,,
small_k,prox,mosek,1000,10,50,10000025,8,optimal,0.20987090000016906,0.20866260000002512,,19,,,,
small_k,prox,fista_dual_fista,1000,10,50,10000026,9,converged,0.08481620000020484,0.08481620000020484,,29,0,4.295733335712981e-08,1.3584301519791166e-09,row_scaled_dual_fista
small_k,prox,fista_dual_lbfgs,1000,10,50,10000026,9,converged,0.015069500001118286,0.015069500001118286,,7,9,2.2679680355963683e-10,7.171447199711729e-12,row_scaled_dual_lbfgsb
small_k,prox,gurobi,1000,10,50,10000026,9,optimal,0.2709397999988141,0.2596358999999211,,17,,,,
small_k,prox,mosek,1000,10,50,10000026,9,optimal,0.20659060000070895,0.20545850000053179,,20,,,,
small_k,prox,fista_dual_fista,5000,10,50,50000017,0,converged,0.10914930000035383,0.10914930000035383,,23,0,6.028675516578375e-07,8.525834680033511e-09,row_scaled_dual_fista
small_k,prox,fista_dual_lbfgs,5000,10,50,50000017,0,converged,0.028614400000151363,0.028614400000151363,,7,10,3.4371059332016785e-09,4.860816531548809e-11,row_scaled_dual_lbfgsb
small_k,prox,gurobi,5000,10,50,50000017,0,optimal,1.389422399999603,1.3658034999989468,,16,,,,
small_k,prox,mosek,5000,10,50,50000017,0,optimal,1.1473776000002545,1.1437389999991865,,23,,,,
small_k,prox,fista_dual_fista,5000,10,50,50000018,1,converged,0.11691009999958624,0.11691009999958624,,23,0,6.03176200542066e-07,8.530199634275686e-09,row_scaled_dual_fista
small_k,prox,fista_dual_lbfgs,5000,10,50,50000018,1,converged,0.03030399999988731,0.03030399999988731,,7,10,5.5997608772173635e-09,7.919261662319406e-11,row_scaled_dual_lbfgsb
small_k,prox,gurobi,5000,10,50,50000018,1,optimal,1.167697599999883,1.1399944000004325,,14,,,,
small_k,prox,mosek,5000,10,50,50000018,1,optimal,1.070446499999889,1.066852599999038,,23,,,,
small_k,prox,fista_dual_fista,5000,10,50,50000019,2,converged,0.11927189999914845,0.11927189999914845,,23,0,5.662039976872535e-07,8.007333727929757e-09,row_scaled_dual_fista
small_k,prox,fista_dual_lbfgs,5000,10,50,50000019,2,converged,0.03723770000033255,0.03723770000033255,,7,10,7.336077412212205e-09,1.0374762001819005e-10,row_scaled_dual_lbfgsb
small_k,prox,gurobi,5000,10,50,50000019,2,optimal,1.49881330000062,1.4658591000006709,,16,,,,
small_k,prox,mosek,5000,10,50,50000019,2,optimal,0.9981110000007902,0.9950204999986454,,23,,,,
small_k,prox,fista_dual_fista,5000,10,50,50000020,3,converged,0.10989380000137317,0.10989380000137317,,23,0,6.786349838749928e-07,9.59734798177589e-09,row_scaled_dual_fista
small_k,prox,fista_dual_lbfgs,5000,10,50,50000020,3,converged,0.03110279999964405,0.03110279999964405,,7,10,3.969214068533233e-09,5.6133497954265896e-11,row_scaled_dual_lbfgsb
small_k,prox,gurobi,5000,10,50,50000020,3,optimal,1.3577401000002283,1.3282959000007395,,16,,,,
small_k,prox,mosek,5000,10,50,50000020,3,optimal,0.9888534000001528,0.9855803000009473,,21,,,,
small_k,prox,fista_dual_fista,5000,10,50,50000021,4,converged,0.14159160000053816,0.14159160000053816,,23,0,7.030953227404879e-07,9.943269410933126e-09,row_scaled_dual_fista
small_k,prox,fista_dual_lbfgs,5000,10,50,50000021,4,converged,0.03410559999974794,0.03410559999974794,,7,10,2.387736008913066e-09,3.376764604527483e-11,row_scaled_dual_lbfgsb
small_k,prox,gurobi,5000,10,50,50000021,4,optimal,1.6570035000004282,1.6320935999992798,,19,,,,
small_k,prox,mosek,5000,10,50,50000021,4,optimal,1.2033723999993526,1.1996202000009362,,21,,,,
small_k,prox,fista_dual_fista,5000,10,50,50000022,5,converged,0.2544281000009505,0.2544281000009505,,23,0,5.414099382150539e-07,7.656692773692237e-09,row_scaled_dual_fista
small_k,prox,fista_dual_lbfgs,5000,10,50,50000022,5,converged,0.03816790000018955,0.03816790000018955,,7,10,1.4525994851410928e-09,2.0542387322284142e-11,row_scaled_dual_lbfgsb
small_k,prox,gurobi,5000,10,50,50000022,5,optimal,1.4111775000001217,1.3850086999991618,,16,,,,
small_k,prox,mosek,5000,10,50,50000022,5,optimal,1.1008527000012691,1.0969877000006818,,23,,,,
small_k,prox,fista_dual_fista,5000,10,50,50000023,6,converged,0.10919079999985115,0.10919079999985115,,23,0,4.797107889809027e-07,6.784135037609548e-09,row_scaled_dual_fista
small_k,prox,fista_dual_lbfgs,5000,10,50,50000023,6,converged,0.03390630000103556,0.03390630000103556,,7,10,4.877271364556179e-09,6.897563090296663e-11,row_scaled_dual_lbfgsb
small_k,prox,gurobi,5000,10,50,50000023,6,optimal,1.1870442000017647,1.168441800000437,,17,,,,
small_k,prox,mosek,5000,10,50,50000023,6,optimal,0.9425537000006443,0.9392387000007147,,22,,,,
small_k,prox,fista_dual_fista,5000,10,50,50000024,7,converged,0.10180209999998624,0.10180209999998624,,24,0,4.758266485271889e-07,6.72920499434932e-09,row_scaled_dual_fista
small_k,prox,fista_dual_lbfgs,5000,10,50,50000024,7,converged,0.026208799999949406,0.026208799999949406,,7,10,1.3534929288461228e-08,1.9141325319516468e-10,row_scaled_dual_lbfgsb
small_k,prox,gurobi,5000,10,50,50000024,7,optimal,1.273934000000736,1.2458619999997609,,18,,,,
small_k,prox,mosek,5000,10,50,50000024,7,optimal,1.0915580000000773,1.0883880999990652,,24,,,,
small_k,prox,fista_dual_fista,5000,10,50,50000025,8,converged,0.10428630000023986,0.10428630000023986,,23,0,5.825552942262391e-07,8.238575980561549e-09,row_scaled_dual_fista
small_k,prox,fista_dual_lbfgs,5000,10,50,50000025,8,converged,0.02763010000126087,0.02763010000126087,,7,10,5.201654884601226e-09,7.356301248259682e-11,row_scaled_dual_lbfgsb
small_k,prox,gurobi,5000,10,50,50000025,8,optimal,1.3839152000000468,1.3579998999994132,,18,,,,
small_k,prox,mosek,5000,10,50,50000025,8,optimal,1.0216261000005034,1.0180583000001207,,24,,,,
small_k,prox,fista_dual_fista,5000,10,50,50000026,9,converged,0.10299740000118618,0.10299740000118618,,24,0,4.8746153602508e-07,6.893747153006064e-09,row_scaled_dual_fista
small_k,prox,fista_dual_lbfgs,5000,10,50,50000026,9,converged,0.02599719999852823,0.02599719999852823,,7,10,3.6588322371855497e-09,5.174445726656641e-11,row_scaled_dual_lbfgsb
small_k,prox,gurobi,5000,10,50,50000026,9,optimal,1.0693301999999676,1.047252300000764,,14,,,,
small_k,prox,mosek,5000,10,50,50000026,9,optimal,1.0001341000006505,0.9978988999991998,,24,,,,
small_k,relaxation,fista_dual_fista,10,2,5,100017,0,converged,0.25632559999939986,0.1501155000005383,-0.004030586017549092,10,0,9.955151103469007e-08,7.282732955353351e-08,row_scaled_dual_fista
small_k,relaxation,fista_dual_lbfgs,10,2,5,100017,0,converged,0.07219659999827854,0.03309780000017781,-0.004030585505258937,10,31,2.6645352591003757e-15,8.487573011221132e-08,row_scaled_dual_lbfgsb
small_k,relaxation,gurobi,10,2,5,100017,0,optimal,0.028274500000406988,0.021417699999801698,-0.004030577790953551,11,,9.414691248821327e-14,,
small_k,relaxation,mosek,10,2,5,100017,0,optimal,0.01374249999935273,0.011326800000460935,-0.004030523924525775,12,,6.848093092592933e-09,,
small_k,relaxation,fista_dual_fista,10,2,5,100018,1,converged,0.0893753000000288,0.0523843000009947,-0.004434191449812993,9,0,2.2757370654602482e-08,1.6681897472609346e-08,row_scaled_dual_fista
small_k,relaxation,fista_dual_lbfgs,10,2,5,100018,1,converged,0.05868379999992612,0.01999480000085896,-0.004434191349179141,9,28,6.217248937900877e-15,1.635600373003335e-08,row_scaled_dual_lbfgsb
small_k,relaxation,gurobi,10,2,5,100018,1,optimal,0.026462800000444986,0.02082189999964612,-0.004434182166561117,8,,1.1741874139659103e-10,,
small_k,relaxation,mosek,10,2,5,100018,1,optimal,0.013142699999662,0.010789299998577917,-0.004434086130324531,10,,9.90306514569994e-09,,
small_k,relaxation,fista_dual_fista,10,2,5,100019,2,converged,0.11829959999886341,0.08207919999949809,-0.0038994929932092953,12,0,8.434685838665246e-09,2.0794446839120456e-08,row_scaled_dual_fista
small_k,relaxation,fista_dual_lbfgs,10,2,5,100019,2,converged,0.12468830000034359,0.05603990000054182,-0.003899492946810466,11,34,7.549516567451064e-15,6.176702134636117e-08,row_scaled_dual_lbfgsb
small_k,relaxation,gurobi,10,2,5,100019,2,optimal,0.02699910000046657,0.020731799999339273,-0.0038994722768760596,10,,3.8906655674963986e-12,,
small_k,relaxation,mosek,10,2,5,100019,2,optimal,0.012814199999411358,0.010486299999683979,-0.003899332010738112,12,,1.6018069204370988e-08,,
small_k,relaxation,fista_dual_fista,10,2,5,100020,3,converged,0.17328180000004068,0.13701010000113456,-0.003384204729721344,14,0,1.661957149678983e-08,7.60334744861044e-08,row_scaled_dual_fista
small_k,relaxation,fista_dual_lbfgs,10,2,5,100020,3,converged,0.0680742000004102,0.033156899999085,-0.003384204624323586,14,42,2.2648549702353193e-14,7.554449708579813e-08,row_scaled_dual_lbfgsb
small_k,relaxation,gurobi,10,2,5,100020,3,optimal,0.025001500000144006,0.02000670000052196,-0.0033841995697362834,11,,9.587619587136942e-11,,
small_k,relaxation,mosek,10,2,5,100020,3,optimal,0.011580700000195066,0.009333900001365691,-0.0033841110384766632,10,,1.0263181415837153e-08,,
small_k,relaxation,fista_dual_fista,10,2,5,100021,4,converged,0.08349289999932807,0.045942599999762024,-0.004064549938726075,9,0,6.393761520229191e-09,2.4282043187359657e-08,row_scaled_dual_fista
small_k,relaxation,fista_dual_lbfgs,10,2,5,100021,4,converged,0.05152450000059616,0.017266300001210766,-0.004064549905707687,9,27,2.220446049250313e-15,2.3544983271507188e-08,row_scaled_dual_lbfgsb
small_k,relaxation,gurobi,10,2,5,100021,4,optimal,0.027986700000838027,0.018546999999671243,-0.004064517292973569,9,,9.622967978017982e-10,,
small_k,relaxation,mosek,10,2,5,100021,4,optimal,0.011561499999515945,0.008979899999758345,-0.004064513061031044,10,,3.2245167647104722e-09,,
small_k,relaxation,fista_dual_fista,10,2,5,100022,5,converged,0.13160419999985606,0.09706879999976081,-0.004712439348963813,10,0,2.2629591978073904e-08,5.090909891361393e-08,row_scaled_dual_fista
small_k,relaxation,fista_dual_lbfgs,10,2,5,100022,5,converged,0.059411300000647316,0.02529309999954421,-0.004712439267895068,10,31,1.9095836023552692e-14,5.101817612354494e-08,row_scaled_dual_lbfgsb
small_k,relaxation,gurobi,10,2,5,100022,5,optimal,0.032692900000256486,0.018804600000294158,-0.004712436955142566,9,,1.2033929408516997e-11,,
small_k,relaxation,mosek,10,2,5,100022,5,optimal,0.011317700000290642,0.00891090000004624,-0.004712420777105588,10,,2.619536920711596e-09,,
small_k,relaxation,fista_dual_fista,10,2,5,100023,6,converged,0.31344300000091607,0.27871289999893634,-0.003850239331595534,22,0,5.395191848833747e-09,9.654922627140923e-08,row_scaled_dual_fista
small_k,relaxation,fista_dual_lbfgs,10,2,5,100023,6,converged,0.09501209999871207,0.06135799999901792,-0.003850239301325435,22,87,8.881784197001252e-16,9.722130595673707e-08,row_scaled_dual_lbfgsb
small_k,relaxation,gurobi,10,2,5,100023,6,optimal,0.03212750000056985,0.019185500001185574,-0.0038502379287807913,9,,8.42824698921163e-10,,
small_k,relaxation,mosek,10,2,5,100023,6,optimal,0.016325100001267856,0.013595899999927497,-0.0038501136957930955,12,,1.3000989063094437e-08,,
small_k,relaxation,fista_dual_fista,10,2,5,100024,7,converged,0.0775673000007373,0.0434705000006943,-0.004039172734483183,8,0,3.06535159477761e-08,2.338606511218026e-09,row_scaled_dual_fista
small_k,relaxation,fista_dual_lbfgs,10,2,5,100024,7,converged,0.0497743999985687,0.014823899999100831,-0.004039172574565536,7,21,6.8833827526759706e-15,1.0526932503061446e-08,row_scaled_dual_lbfgsb
small_k,relaxation,gurobi,10,2,5,100024,7,optimal,0.0275841999991826,0.021689699999114964,-0.004039146133049154,13,,2.1920232295968844e-10,,
small_k,relaxation,mosek,10,2,5,100024,7,optimal,0.012440599999536062,0.010311300000466872,-0.00403866838148312,9,,4.7903399913451494e-08,,
small_k,relaxation,fista_dual_fista,10,2,5,100025,8,converged,0.15400489999956335,0.11991819999821018,-0.0027961487112717516,13,0,2.7533022084469394e-08,8.332211973392455e-08,row_scaled_dual_fista
small_k,relaxation,fista_dual_lbfgs,10,2,5,100025,8,converged,0.06865079999988666,0.0335609999983717,-0.0027961485092281354,13,40,3.2862601528904634e-14,8.106083306508635e-08,row_scaled_dual_lbfgsb
small_k,relaxation,gurobi,10,2,5,100025,8,optimal,0.03366980000100739,0.019304199999169214,-0.0027960880277772063,8,,1.124456083800851e-10,,
small_k,relaxation,mosek,10,2,5,100025,8,optimal,0.01313529999970342,0.011009199999534758,-0.002796107080675689,10,,5.425025095817659e-09,,
small_k,relaxation,fista_dual_fista,10,2,5,100026,9,converged,0.14953239999886137,0.08864870000070368,-0.004593625690766387,7,0,1.644594771477159e-08,4.3124652529424986e-08,row_scaled_dual_fista
small_k,relaxation,fista_dual_lbfgs,10,2,5,100026,9,converged,0.0507897999996203,0.01579660000061267,-0.004593625622901316,7,22,7.105427357601002e-15,1.5979999125723394e-08,row_scaled_dual_lbfgsb
small_k,relaxation,gurobi,10,2,5,100026,9,optimal,0.02362619999985327,0.019576799999413197,-0.004593596820045134,10,,8.265987894162663e-11,,
small_k,relaxation,mosek,10,2,5,100026,9,optimal,0.011700099999870872,0.009590100000423263,-0.004593570252649726,11,,5.298319116775474e-09,,
small_k,relaxation,fista_dual_fista,20,2,10,200017,0,converged,0.20505039999989094,0.17085799999949813,-0.0016002675159949176,14,0,1.1792363530105376e-08,2.5961715219951004e-08,row_scaled_dual_fista
small_k,relaxation,fista_dual_lbfgs,20,2,10,200017,0,converged,0.07116809999934048,0.036927199998899596,-0.0016002673945919275,13,42,9.237055564881302e-14,6.957305239952376e-08,row_scaled_dual_lbfgsb
small_k,relaxation,gurobi,20,2,10,200017,0,optimal,0.04013709999890125,0.02213070000107109,-0.0016002638936728816,13,,2.52676812806385e-09,,
small_k,relaxation,mosek,20,2,10,200017,0,optimal,0.014081100000112201,0.011124100001325132,-0.001600084102810418,13,,8.396907946739418e-09,,
small_k,relaxation,fista_dual_fista,20,2,10,200018,1,converged,0.33415340000101423,0.3008062000008067,-0.0013713515673153334,18,0,3.90498415825391e-08,5.55200708650628e-08,row_scaled_dual_fista
small_k,relaxation,fista_dual_lbfgs,20,2,10,200018,1,converged,0.08057949999965786,0.04793669999889971,-0.0013713519807982705,18,57,1.3500311979441904e-13,5.5654333716673644e-08,row_scaled_dual_lbfgsb
small_k,relaxation,gurobi,20,2,10,200018,1,optimal,0.023629999999684514,0.020255399998859502,-0.0013713512510044375,9,,1.47644341197406e-10,,
small_k,relaxation,mosek,20,2,10,200018,1,optimal,0.012189799999759998,0.009975900000426918,-0.0013710052591193577,12,,1.7660441997691123e-08,,
small_k,relaxation,fista_dual_fista,20,2,10,200019,2,converged,0.14543510000112292,0.10880309999811288,-0.0017355198392873389,13,0,8.967842024532047e-09,2.4662665902863413e-08,row_scaled_dual_fista
small_k,relaxation,fista_dual_lbfgs,20,2,10,200019,2,converged,0.07686560000001919,0.036051699999006814,-0.0017355197483766693,13,42,2.0872192862952943e-14,2.4659760045903194e-08,row_scaled_dual_lbfgsb
small_k,relaxation,gurobi,20,2,10,200019,2,optimal,0.03285850000065693,0.02335510000011709,-0.0017355075446503724,10,,1.9214063673445025e-10,,
small_k,relaxation,mosek,20,2,10,200019,2,optimal,0.02305770000020857,0.020089800000278046,-0.00173551471651082,12,,2.366074003390395e-10,,
small_k,relaxation,fista_dual_fista,20,2,10,200020,3,converged,0.25146459999996296,0.21311709999827144,-0.0016221905891590678,14,0,6.613936953669963e-09,4.891424560272399e-08,row_scaled_dual_fista
small_k,relaxation,fista_dual_lbfgs,20,2,10,200020,3,converged,0.07757750000018859,0.040704299999561044,-0.001622190655854297,14,45,3.907985046680551e-14,4.882545513241732e-08,row_scaled_dual_lbfgsb
small_k,relaxation,gurobi,20,2,10,200020,3,optimal,0.029078900000968133,0.02222550000078627,-0.0016221812769387656,12,,2.306019819542371e-10,,
small_k,relaxation,mosek,20,2,10,200020,3,optimal,0.014335699999719509,0.011099400000603055,-0.0016221684235661563,10,,1.2608566413163658e-09,,
small_k,relaxation,fista_dual_fista,20,2,10,200021,4,converged,0.2552636000000348,0.22109619999901042,-0.0015516809033101625,18,0,2.5783729817874246e-08,5.822909384035594e-08,row_scaled_dual_fista
small_k,relaxation,fista_dual_lbfgs,20,2,10,200021,4,converged,0.08358829999997397,0.046640299999126,-0.0015516806337546336,18,54,2.4069635173873394e-13,5.824508387606677e-08,row_scaled_dual_lbfgsb
small_k,relaxation,gurobi,20,2,10,200021,4,optimal,0.033871799998451024,0.02132989999881829,-0.0015516678960445455,11,,5.367672972766968e-10,,
small_k,relaxation,mosek,20,2,10,200021,4,optimal,0.020581499999025255,0.015600499998981832,-0.0015516578445282144,12,,1.083938494517156e-09,,
small_k,relaxation,fista_dual_fista,20,2,10,200022,5,converged,0.3081902000012633,0.24709330000041518,-0.001262575636615651,18,0,9.45108613592538e-09,9.292157049303418e-08,row_scaled_dual_fista
small_k,relaxation,fista_dual_lbfgs,20,2,10,200022,5,converged,0.08199059999969904,0.047304000001531676,-0.0012625757378915258,18,57,5.861977570020827e-14,9.251173090013007e-08,row_scaled_dual_lbfgsb
small_k,relaxation,gurobi,20,2,10,200022,5,optimal,0.026771099999677972,0.020942200000718003,-0.0012625603938764204,9,,5.637623701204575e-11,,
small_k,relaxation,mosek,20,2,10,200022,5,optimal,0.012797999999747844,0.01052709999930812,-0.0012625730162088775,10,,1.4850454199688556e-10,,
small_k,relaxation,fista_dual_fista,20,2,10,200023,6,converged,0.2648371000013867,0.23056270000051882,-0.0015316981213260809,16,0,3.137464243962995e-08,3.153456237349003e-08,row_scaled_dual_fista
small_k,relaxation,fista_dual_lbfgs,20,2,10,200023,6,converged,0.07719360000010056,0.0429509000005055,-0.0015316977929909006,16,51,5.879741138414829e-13,3.150546848296138e-08,row_scaled_dual_lbfgsb
small_k,relaxation,gurobi,20,2,10,200023,6,optimal,0.03369630000088364,0.022418499998821062,-0.0015316786472609582,9,,3.348876731479322e-12,,
small_k,relaxation,mosek,20,2,10,200023,6,optimal,0.016799400000309106,0.014386799999556388,-0.0015313163010336993,10,,2.0668602607187836e-08,,
small_k,relaxation,fista_dual_fista,20,2,10,200024,7,converged,0.20688190000146278,0.17187989999911224,-0.0011675860084722472,14,0,2.7488380460738426e-08,9.141113152822257e-08,row_scaled_dual_fista
small_k,relaxation,fista_dual_lbfgs,20,2,10,200024,7,converged,0.07747800000106508,0.043629100000543986,-0.0011675857043248802,14,55,8.881784197001252e-16,9.467380279847713e-08,row_scaled_dual_lbfgsb
small_k,relaxation,gurobi,20,2,10,200024,7,optimal,0.02388220000102592,0.021217699999397155,-0.001167552974669677,11,,4.103406503475071e-11,,
small_k,relaxation,mosek,20,2,10,200024,7,optimal,0.01370160000078613,0.011509899999509798,-0.001167068498382877,12,,2.7066993757429714e-08,,
small_k,relaxation,fista_dual_fista,20,2,10,200025,8,converged,0.3408356999989337,0.30618970000068657,-0.0010428781620009844,21,0,9.6904608781756e-09,7.193311810327252e-08,row_scaled_dual_fista
small_k,relaxation,fista_dual_lbfgs,20,2,10,200025,8,converged,0.09427320000031614,0.05853270000079647,-0.0010428782694208612,21,65,3.7214675785435247e-13,7.194083569112606e-08,row_scaled_dual_lbfgsb
small_k,relaxation,gurobi,20,2,10,200025,8,optimal,0.028054599999450147,0.02148469999883673,-0.001042868570643984,10,,3.646760671216498e-11,,
small_k,relaxation,mosek,20,2,10,200025,8,optimal,0.013571100000262959,0.01127460000134306,-0.001042674659621658,11,,1.2557815898261993e-08,,
small_k,relaxation,fista_dual_fista,20,2,10,200026,9,converged,0.22051509999982954,0.18532950000189885,-0.0014490906266178098,16,0,2.582781455373606e-08,1.3867912170589104e-08,row_scaled_dual_fista
small_k,relaxation,fista_dual_lbfgs,20,2,10,200026,9,converged,0.0770766999994521,0.0430646999993769,-0.0014490903524945736,16,52,2.3092638912203256e-14,1.3809348341471112e-08,row_scaled_dual_lbfgsb
small_k,relaxation,gurobi,20,2,10,200026,9,optimal,0.031219500000588596,0.020850699998845812,-0.001449020313135499,10,,2.8211433189540003e-11,,
small_k,relaxation,mosek,20,2,10,200026,9,optimal,0.013401099999100552,0.011220000000321306,-0.0014484703456412555,11,,3.042036778033719e-08,,
small_k,relaxation,fista_dual_fista,30,2,15,300017,0,converged,0.3338727000009385,0.29468790000100853,0.0005241020257940408,14,0,1.6669088331866533e-08,2.6223431234859017e-08,row_scaled_dual_fista
small_k,relaxation,fista_dual_lbfgs,30,2,15,300017,0,converged,0.08027819999915664,0.04304559999945923,0.0005241017811551969,14,46,1.2967404927621828e-13,2.6145873911133953e-08,row_scaled_dual_lbfgsb
small_k,relaxation,gurobi,30,2,15,300017,0,optimal,0.038959700001214514,0.024537800001780852,0.0005241076310203048,12,,9.054446081790957e-10,,
small_k,relaxation,mosek,30,2,15,300017,0,optimal,0.017167099998914637,0.014835600000878912,0.0005260559454585527,14,,3.2608512445797544e-08,,
small_k,relaxation,fista_dual_fista,30,2,15,300018,1,converged,0.2636275000004389,0.22906780000084837,0.0007332315270478298,17,0,3.384738178624502e-08,9.159395603048516e-08,row_scaled_dual_fista
small_k,relaxation,fista_dual_lbfgs,30,2,15,300018,1,converged,0.08114030000069761,0.047268300002542674,0.0007332320338645521,17,56,1.6431300764452317e-13,9.157607886338967e-08,row_scaled_dual_lbfgsb
small_k,relaxation,gurobi,30,2,15,300018,1,optimal,0.04156960000000254,0.023204299999633804,0.0007332437155156378,10,,1.7625900738948985e-12,,
small_k,relaxation,mosek,30,2,15,300018,1,optimal,0.01551110000036715,0.012876000000687782,0.0007336409038271943,14,,6.903158378257501e-09,,
small_k,relaxation,fista_dual_fista,30,2,15,300019,2,converged,0.279309600000488,0.2464667999993253,0.0004552287818053932,18,0,1.9522042649100513e-08,9.529610658880444e-08,row_scaled_dual_fista
small_k,relaxation,fista_dual_lbfgs,30,2,15,300019,2,converged,0.08044569999947271,0.04684809999889694,0.0004552284969255565,18,56,2.8066438062523957e-13,9.532882640671372e-08,row_scaled_dual_lbfgsb
small_k,relaxation,gurobi,30,2,15,300019,2,optimal,0.03770729999996547,0.021933500000159256,0.0004552595835230471,9,,4.2878922634770333e-11,,
small_k,relaxation,mosek,30,2,15,300019,2,optimal,0.015201000000161002,0.013074000000415253,0.0004557639380506958,13,,9.256765909348985e-09,,
small_k,relaxation,fista_dual_fista,30,2,15,300020,3,converged,0.24404999999933352,0.21162120000008144,0.0007003624483894501,16,0,6.10806694112398e-09,6.6015685763018826e-09,row_scaled_dual_fista
small_k,relaxation,fista_dual_lbfgs,30,2,15,300020,3,converged,0.07750289999967208,0.0446323999985907,0.0007003623565844594,16,52,3.241851231905457e-14,6.5949434013935245e-09,row_scaled_dual_lbfgsb
small_k,relaxation,gurobi,30,2,15,300020,3,optimal,0.03766329999962181,0.022349900000335765,0.0007003697961858509,11,,9.773639675358936e-10,,
small_k,relaxation,mosek,30,2,15,300020,3,optimal,0.015019099999335594,0.012348100000963314,0.0007010683965039937,13,,1.2025333173681929e-08,,
small_k,relaxation,fista_dual_fista,30,2,15,300021,4,converged,0.27353190000030736,0.2413780000006227,0.0006741305446518447,19,0,3.3401557963941286e-08,8.554006929490603e-08,row_scaled_dual_fista
small_k,relaxation,fista_dual_lbfgs,30,2,15,300021,4,converged,0.08582270000079006,0.05274450000069919,0.0006741310433847503,19,62,3.801403636316536e-13,8.561268102877577e-08,row_scaled_dual_lbfgsb
small_k,relaxation,gurobi,30,2,15,300021,4,optimal,0.028508299999884912,0.02212390000022424,0.0006741538016813257,11,,3.0639868420223593e-09,,
small_k,relaxation,mosek,30,2,15,300021,4,optimal,0.015048700000988902,0.01283779999903345,0.0006752642709906033,14,,1.918362213526592e-08,,
small_k,relaxation,fista_dual_fista,30,2,15,300022,5,converged,0.24750390000008338,0.2138362000005145,0.0012125692106518503,16,0,9.548591251018479e-09,8.434657472826541e-08,row_scaled_dual_fista
small_k,relaxation,fista_dual_lbfgs,30,2,15,300022,5,converged,0.07646920000115642,0.04379979999976058,0.0012125693624344663,16,54,4.3876013933186186e-13,8.480400143014034e-08,row_scaled_dual_lbfgsb
small_k,relaxation,gurobi,30,2,15,300022,5,optimal,0.034938799999508774,0.022347899999658694,0.0012125879842285262,10,,1.1796984500378471e-09,,
small_k,relaxation,mosek,30,2,15,300022,5,optimal,0.015443199999936041,0.01323460000094201,0.0012151360111609024,13,,4.2727194005109936e-08,,
small_k,relaxation,fista_dual_fista,30,2,15,300023,6,converged,0.3687995000000228,0.33556490000046324,0.0007895291203023104,20,0,1.1924143450414704e-08,7.269496716366033e-08,row_scaled_dual_fista
small_k,relaxation,fista_dual_lbfgs,30,2,15,300023,6,converged,0.10428410000167787,0.0681390999998257,0.0007895292995318843,20,81,5.329070518200751e-15,7.225306207275675e-08,row_scaled_dual_lbfgsb
small_k,relaxation,gurobi,30,2,15,300023,6,optimal,0.041937699999834877,0.02512890000070911,0.0007895325439130733,11,,7.73052732938595e-11,,
small_k,relaxation,mosek,30,2,15,300023,6,optimal,0.016449400000055903,0.014126299998679315,0.0007919835147797375,13,,4.219238125546809e-08,,
small_k,relaxation,fista_dual_fista,30,2,15,300024,7,converged,0.3577062999993359,0.32329199999912817,0.0005168172744012076,19,0,3.1111495601976458e-09,5.300705451046973e-08,row_scaled_dual_fista
small_k,relaxation,fista_dual_lbfgs,30,2,15,300024,7,converged,0.11383000000023458,0.06408000000010361,0.0005168173206081591,18,68,6.217248937900877e-15,7.301412263605643e-08,row_scaled_dual_lbfgsb
small_k,relaxation,gurobi,30,2,15,300024,7,optimal,0.07300860000032117,0.054596799998762435,0.0005168273968850483,10,,2.6898927529828143e-11,,
small_k,relaxation,mosek,30,2,15,300024,7,optimal,0.015551499998764484,0.013278300000820309,0.0005186016494162452,12,,3.15096333469711e-08,,
small_k,relaxation,fista_dual_fista,30,2,15,300025,8,converged,0.2801190999998653,0.24550700000145298,0.0005185966390845662,16,0,6.337333324779593e-09,5.858853058880479e-08,row_scaled_dual_fista
small_k,relaxation,fista_dual_lbfgs,30,2,15,300025,8,converged,0.0908103999990999,0.05548160000034841,0.0005185965464365241,16,63,2.6645352591003757e-15,5.866455310724916e-08,row_scaled_dual_lbfgsb
small_k,relaxation,gurobi,30,2,15,300025,8,optimal,0.03023130000110541,0.02432010000120499,0.0005186006997323998,9,,2.4204305226760425e-10,,
small_k,relaxation,mosek,30,2,15,300025,8,optimal,0.015728399999716203,0.013269500001115375,0.0005200621224719995,12,,2.693162393097026e-08,,
small_k,relaxation,fista_dual_fista,30,2,15,300026,9,converged,0.373937800000931,0.33946719999767083,0.0006943531596765688,23,0,1.2213680733452748e-08,5.378724537246675e-08,row_scaled_dual_fista
small_k,relaxation,fista_dual_lbfgs,30,2,15,300026,9,converged,0.09640049999870826,0.06239629999981844,0.0006943529766221569,23,71,1.170619157164765e-12,5.375599656873545e-08,row_scaled_dual_lbfgsb
small_k,relaxation,gurobi,30,2,15,300026,9,optimal,0.03940919999877224,0.02353690000018105,0.0006943578697867839,11,,6.338063407440586e-11,,
small_k,relaxation,mosek,30,2,15,300026,9,optimal,0.01626849999956903,0.014010999999300111,0.0006948794637234093,14,,9.192454353268431e-09,,
small_k,relaxation,fista_dual_fista,50,2,25,500017,0,converged,0.40828700000020035,0.3751463999997213,0.0044033432451774605,23,0,2.8335147561620033e-09,5.2720851442515e-08,row_scaled_dual_fista
small_k,relaxation,fista_dual_lbfgs,50,2,25,500017,0,converged,0.10266960000080871,0.06907510000201,0.004403343308869946,23,75,1.0436096431476471e-12,5.2342872625003714e-08,row_scaled_dual_lbfgsb
small_k,relaxation,gurobi,50,2,25,500017,0,optimal,0.045180499999332824,0.029816900001605973,0.004403343639932484,11,,2.2570023627821456e-09,,
small_k,relaxation,mosek,50,2,25,500017,0,optimal,0.020809399999052403,0.01834190000045055,0.004404474788323199,11,,1.284663875278369e-08,,
small_k,relaxation,fista_dual_fista,50,2,25,500018,1,converged,0.5156496999989031,0.48167239999929734,0.005161125026577491,26,0,5.767935373768296e-08,7.254350938260428e-08,row_scaled_dual_fista
small_k,relaxation,fista_dual_lbfgs,50,2,25,500018,1,converged,0.1713252999998076,0.12243529999977909,0.005161126385665292,26,88,1.9131363160340698e-12,7.190011396497922e-08,row_scaled_dual_lbfgsb
small_k,relaxation,gurobi,50,2,25,500018,1,optimal,0.046312399999806075,0.029877399998440524,0.005161145347117349,12,,1.487585610249198e-10,,
small_k,relaxation,mosek,50,2,25,500018,1,optimal,0.018778600000587176,0.016477699999086326,0.005162874534885294,11,,2.025761636215151e-08,,
small_k,relaxation,fista_dual_fista,50,2,25,500019,2,converged,0.46607179999955406,0.43267069999819796,0.0047860712476745695,26,0,5.350605292164801e-09,7.673499212286409e-08,row_scaled_dual_fista
small_k,relaxation,fista_dual_lbfgs,50,2,25,500019,2,converged,0.10896359999969718,0.07463300000017625,0.0047860711249788235,26,86,6.341593916658894e-13,7.653128010491376e-08,row_scaled_dual_lbfgsb
small_k,relaxation,gurobi,50,2,25,500019,2,optimal,0.04045829999995476,0.02920350000022154,0.004786088594802651,12,,4.061195824078823e-12,,
small_k,relaxation,mosek,50,2,25,500019,2,optimal,0.019459499999356922,0.017198400000779657,0.0047865846269850056,13,,5.700071636915993e-09,,
small_k,relaxation,fista_dual_fista,50,2,25,500020,3,converged,0.42404520000127377,0.39067940000131784,0.004529834422709732,23,0,1.3768266526881234e-08,1.665217077287768e-08,row_scaled_dual_fista
small_k,relaxation,fista_dual_lbfgs,50,2,25,500020,3,converged,0.10055300000021816,0.06641380000110075,0.004529834733561571,23,73,1.2541079286165768e-12,1.659526870445321e-08,row_scaled_dual_lbfgsb
small_k,relaxation,gurobi,50,2,25,500020,3,optimal,0.04302019999886397,0.028844099999332684,0.004529855848668591,9,,1.8364643139534564e-11,,
small_k,relaxation,mosek,50,2,25,500020,3,optimal,0.02167610000105924,0.018619800001033582,0.0045298565107955106,11,,2.374552776629457e-10,,
small_k,relaxation,fista_dual_fista,50,2,25,500021,4,converged,0.3553814000006241,0.3208159000005253,0.004853378140859335,20,0,3.1068319472637995e-08,5.8428831386910134e-08,row_scaled_dual_fista
small_k,relaxation,fista_dual_lbfgs,50,2,25,500021,4,converged,0.08778189999975439,0.05587980000018433,0.00485337885982128,20,65,1.2958523143424827e-12,5.8108058981686223e-08,row_scaled_dual_lbfgsb
small_k,relaxation,gurobi,50,2,25,500021,4,optimal,0.04314960000010615,0.028829300001234515,0.004853390802541067,10,,2.1223423019023357e-10,,
small_k,relaxation,mosek,50,2,25,500021,4,optimal,0.01856240000051912,0.016277200000331504,0.004855958368001047,11,,2.7403611713161524e-08,,
small_k,relaxation,fista_dual_fista,50,2,25,500022,5,converged,0.4059410999998363,0.37353340000117896,0.004660351274586558,21,0,2.4681566124229448e-08,9.530821791755206e-08,row_scaled_dual_fista
small_k,relaxation,fista_dual_lbfgs,50,2,25,500022,5,converged,0.0915502000007109,0.058567099998981575,0.004660351838691281,21,67,1.056044141023449e-12,9.531697985563202e-08,row_scaled_dual_lbfgsb
small_k,relaxation,gurobi,50,2,25,500022,5,optimal,0.03880389999903855,0.027703600000677397,0.0046603523335726135,11,,2.892724948466707e-10,,
small_k,relaxation,mosek,50,2,25,500022,5,optimal,0.018687499999941792,0.016114799998831586,0.004660380670671637,11,,3.273481485877028e-10,,
small_k,relaxation,fista_dual_fista,50,2,25,500023,6,converged,0.4070945000003121,0.37379589999727614,0.00487131343902629,23,0,2.2357186324484246e-08,3.166894720641498e-08,row_scaled_dual_fista
small_k,relaxation,fista_dual_lbfgs,50,2,25,500023,6,converged,0.09546779999982391,0.06362579999949958,0.004871313958594525,23,73,8.544276397515205e-13,3.1647767608084564e-08,row_scaled_dual_lbfgsb
small_k,relaxation,gurobi,50,2,25,500023,6,optimal,0.036884199998894474,0.029131000001143548,0.004871315854217689,12,,1.5293633026658426e-10,,
small_k,relaxation,mosek,50,2,25,500023,6,optimal,0.01885020000008808,0.016646600000967737,0.004871323268650229,11,,1.0991141330407572e-10,,
small_k,relaxation,fista_dual_fista,50,2,25,500024,7,converged,0.4115994000003411,0.37846059999901627,0.004545238945626908,19,0,7.759559217390688e-09,8.080129159802139e-08,row_scaled_dual_fista
small_k,relaxation,fista_dual_lbfgs,50,2,25,500024,7,converged,0.09328370000002906,0.059331899999961024,0.004545239121957761,19,65,9.894307595459395e-13,8.081111782660599e-08,row_scaled_dual_lbfgsb
small_k,relaxation,gurobi,50,2,25,500024,7,optimal,0.03446100000110164,0.02924449999954959,0.004545241991666777,12,,1.99470440165328e-10,,
small_k,relaxation,mosek,50,2,25,500024,7,optimal,0.01926149999962945,0.01695330000075046,0.004545743150181178,12,,5.55284129788447e-09,,
small_k,relaxation,fista_dual_fista,50,2,25,500025,8,converged,0.41111089999867545,0.37778569999863976,0.00454468364436331,23,0,3.665224568294434e-09,4.449184827382966e-08,row_scaled_dual_fista
small_k,relaxation,fista_dual_lbfgs,50,2,25,500025,8,converged,0.09915120000005118,0.06634180000037304,0.004544683727840351,23,78,1.5649703755116207e-12,4.454854542155851e-08,row_scaled_dual_lbfgsb
small_k,relaxation,gurobi,50,2,25,500025,8,optimal,0.04354530000091472,0.02840950000063458,0.004544695943329435,11,,5.914557732467074e-11,,
small_k,relaxation,mosek,50,2,25,500025,8,optimal,0.019035900000744732,0.01686119999976654,0.0045449651687861775,12,,3.0073875612046663e-09,,
small_k,relaxation,fista_dual_fista,50,2,25,500026,9,converged,0.4545167999986006,0.422189700000672,0.004739974901050171,26,0,5.046530660024473e-08,2.997552771551334e-08,row_scaled_dual_fista
small_k,relaxation,fista_dual_lbfgs,50,2,25,500026,9,converged,0.11122070000055828,0.07860799999980372,0.004739976063497426,26,83,2.666311615939776e-12,2.9970099413124906e-08,row_scaled_dual_lbfgsb
small_k,relaxation,gurobi,50,2,25,500026,9,optimal,0.04669549999925948,0.03198780000093393,0.004739989898285767,10,,4.5015435823358985e-10,,
small_k,relaxation,mosek,50,2,25,500026,9,optimal,0.018852100000003702,0.016693800000211922,0.004740087313659045,11,,1.1736759342184655e-09,,
small_k,relaxation,fista_dual_fista,100,2,50,1000017,0,converged,0.6636815000001661,0.6303146000009292,0.0117878379696659,31,0,1.093149570863261e-08,5.0819505145923784e-08,row_scaled_dual_fista
small_k,relaxation,fista_dual_lbfgs,100,2,50,1000017,0,converged,0.1399174000016501,0.10671900000124879,0.011787836918898205,31,116,1.7257825390970538e-08,5.0780495239127676e-08,row_scaled_dual_lbfgsb
small_k,relaxation,gurobi,100,2,50,1000017,0,optimal,0.05976109999937762,0.055997499999648426,0.011787844871617784,12,,1.6070238473275822e-09,,
small_k,relaxation,mosek,100,2,50,1000017,0,optimal,0.03212040000107663,0.029925400000138325,0.011789754791175085,11,,9.332058459321502e-09,,
small_k,relaxation,fista_dual_fista,100,2,50,1000018,1,converged,0.5852806000002602,0.5525878999997076,0.011712412583031006,29,0,9.85623493932053e-09,8.453255043930038e-08,row_scaled_dual_fista
small_k,relaxation,fista_dual_lbfgs,100,2,50,1000018,1,converged,0.12040849999903003,0.08802950000062992,0.011712412215946284,29,95,2.589395364793745e-11,8.43672705598422e-08,row_scaled_dual_lbfgsb
small_k,relaxation,gurobi,100,2,50,1000018,1,optimal,0.08160880000104953,0.07134930000029271,0.01171241655666397,12,,7.685836411752689e-10,,
small_k,relaxation,mosek,100,2,50,1000018,1,optimal,0.03135839999958989,0.028635299999223207,0.01171415737761347,11,,9.306133530451177e-09,,
small_k,relaxation,fista_dual_fista,100,2,50,1000019,2,converged,0.6352588000008836,0.5978908999986743,0.011662165618779812,29,0,9.009854196051492e-09,3.715103256816519e-08,row_scaled_dual_fista
small_k,relaxation,fista_dual_lbfgs,100,2,50,1000019,2,converged,0.12251069999911124,0.08891500000027008,0.011662165285141312,29,93,1.1993961379630491e-11,3.6813746428215336e-08,row_scaled_dual_lbfgsb
small_k,relaxation,gurobi,100,2,50,1000019,2,optimal,0.06308749999880092,0.05500489999940328,0.01166216897438242,11,,1.177132391561031e-09,,
small_k,relaxation,mosek,100,2,50,1000019,2,optimal,0.03190780000113591,0.029678599999897415,0.011665007225849556,12,,1.1283093126479571e-08,,
small_k,relaxation,fista_dual_fista,100,2,50,1000020,3,converged,0.6260712000002968,0.5930747000002157,0.011623495248388929,31,0,1.0141658179918522e-08,8.590321175011371e-08,row_scaled_dual_fista
small_k,relaxation,fista_dual_lbfgs,100,2,50,1000020,3,converged,0.12592680000125256,0.09318349999921338,0.011623494872329174,31,101,2.787814423754753e-11,8.596310141926304e-08,row_scaled_dual_lbfgsb
small_k,relaxation,gurobi,100,2,50,1000020,3,optimal,0.06645019999996293,0.05199919999904523,0.011623523628451059,11,,8.218949965055344e-10,,
small_k,relaxation,mosek,100,2,50,1000020,3,optimal,0.03173659999993106,0.02955870000005234,0.011625944493921264,11,,1.162183949077189e-08,,
small_k,relaxation,fista_dual_fista,100,2,50,1000021,4,converged,0.5272914999986824,0.48762620000161405,0.01195982105888711,26,0,4.51368364906557e-09,7.171958979901441e-08,row_scaled_dual_fista
small_k,relaxation,fista_dual_lbfgs,100,2,50,1000021,4,converged,0.11224270000093384,0.07975489999989804,0.011959820889313957,26,84,2.8066438062523957e-12,7.137041108251678e-08,row_scaled_dual_lbfgsb
small_k,relaxation,gurobi,100,2,50,1000021,4,optimal,0.061148799999500625,0.050672600000325474,0.011959850126805635,10,,3.429145856159721e-12,,
small_k,relaxation,mosek,100,2,50,1000021,4,optimal,0.035462899999402,0.033189099998708116,0.01196090073767102,12,,4.446780499378633e-09,,
small_k,relaxation,fista_dual_fista,100,2,50,1000022,5,converged,0.5573091999995086,0.5226361999993969,0.01168807044211926,28,0,1.1014030576461664e-08,7.795846507114289e-08,row_scaled_dual_fista
small_k,relaxation,fista_dual_lbfgs,100,2,50,1000022,5,converged,0.11254430000008142,0.08024130000194418,0.011688070034091036,28,89,1.0826894936144527e-11,7.735609419771723e-08,row_scaled_dual_lbfgsb
small_k,relaxation,gurobi,100,2,50,1000022,5,optimal,0.0665833000002749,0.05005170000004,0.011688082234828158,10,,1.1182588188773934e-10,,
small_k,relaxation,mosek,100,2,50,1000022,5,optimal,0.03302369999983057,0.030000599999766564,0.011688306262627826,13,,1.006790095736676e-09,,
small_k,relaxation,fista_dual_fista,100,2,50,1000023,6,converged,0.6127185000004829,0.5807021999989956,0.011937739122792793,30,0,1.0900773617095183e-08,6.818107208880663e-08,row_scaled_dual_fista
small_k,relaxation,fista_dual_lbfgs,100,2,50,1000023,6,converged,0.12333769999895594,0.09149919999981648,0.011937738714571317,30,96,2.084554751036194e-11,6.81367437806287e-08,row_scaled_dual_lbfgsb
small_k,relaxation,gurobi,100,2,50,1000023,6,optimal,0.06438399999933608,0.05360580000160553,0.01193774378814009,11,,1.5730784452827606e-09,,
small_k,relaxation,mosek,100,2,50,1000023,6,optimal,0.03236119999928633,0.029969600000185892,0.011939312912382271,12,,7.19556780826025e-09,,
small_k,relaxation,fista_dual_fista,100,2,50,1000024,7,converged,0.6954601999987062,0.6352154999985942,0.011637615604741249,30,0,1.092598544971679e-08,7.602827565215425e-08,row_scaled_dual_fista
small_k,relaxation,fista_dual_lbfgs,100,2,50,1000024,7,converged,0.12416440000015427,0.09102990000064892,0.011637615200261783,30,96,5.327294161361351e-12,7.608001837881673e-08,row_scaled_dual_lbfgsb
small_k,relaxation,gurobi,100,2,50,1000024,7,optimal,0.06940529999883438,0.053616700000929995,0.011637626974604767,11,,1.5349226334393506e-09,,
small_k,relaxation,mosek,100,2,50,1000024,7,optimal,0.033837999999377644,0.031568000000333996,0.011637906494851696,13,,1.520895742679329e-09,,
small_k,relaxation,fista_dual_fista,100,2,50,1000025,8,converged,0.574894100000165,0.5426157000001695,0.01161247344444156,29,0,5.753288689902547e-08,5.5156804076396164e-08,row_scaled_dual_fista
small_k,relaxation,fista_dual_lbfgs,100,2,50,1000025,8,converged,0.11784850000003644,0.08555400000113877,0.01161247557276883,29,93,2.877698079828406e-13,5.517779874519472e-08,row_scaled_dual_lbfgsb
small_k,relaxation,gurobi,100,2,50,1000025,8,optimal,0.06036059999860299,0.05127569999967818,0.011612491382717813,11,,3.588610519855706e-10,,
small_k,relaxation,mosek,100,2,50,1000025,8,optimal,0.03221970000049623,0.030043499999010237,0.011613299449982175,12,,3.68205999023985e-09,,
small_k,relaxation,fista_dual_fista,100,2,50,1000026,9,converged,0.5365745999988576,0.5030786999996053,0.011872304395828575,26,0,1.0498997227159634e-08,9.05830494029775e-08,row_scaled_dual_fista
small_k,relaxation,fista_dual_lbfgs,100,2,50,1000026,9,converged,0.13021939999998722,0.08919159999823023,0.011872304004484026,26,84,4.371614181764016e-12,9.027804531231272e-08,row_scaled_dual_lbfgsb
small_k,relaxation,gurobi,100,2,50,1000026,9,optimal,0.06856479999987641,0.052225699999326025,0.011872392504468627,11,,1.9823542807273498e-10,,
small_k,relaxation,mosek,100,2,50,1000026,9,optimal,0.03312589999950433,0.03063530000144965,0.01187401782790237,12,,1.02482965447237e-08,,
small_k,relaxation,fista_dual_fista,300,6,50,3000017,0,converged,0.7641729000006308,0.7309253999992507,0.00101332296984632,35,0,7.264870482970309e-08,3.8441729687961904e-08,row_scaled_dual_fista
small_k,relaxation,fista_dual_lbfgs,300,6,50,3000017,0,converged,0.1522370000002411,0.11947089999921445,0.001013321827111724,35,107,1.4361845046551025e-12,3.849416172143459e-08,row_scaled_dual_lbfgsb
small_k,relaxation,gurobi,300,6,50,3000017,0,optimal,0.14474689999951806,0.13280900000063411,0.0010133368891928236,12,,4.3485792744490936e-10,,
small_k,relaxation,mosek,300,6,50,3000017,0,optimal,0.06850990000020829,0.06613689999903727,0.001014031129340679,14,,1.871903965167121e-09,,
small_k,relaxation,fista_dual_fista,300,6,50,3000018,1,converged,0.9059457999992446,0.8740205000012793,0.0009293137201990074,38,0,7.95491672533899e-10,7.04726073065079e-08,row_scaled_dual_fista
small_k,relaxation,fista_dual_lbfgs,300,6,50,3000018,1,converged,0.15362350000032166,0.12125559999913094,0.0009293137079664747,38,115,1.2066792010045901e-11,7.048729631994202e-08,row_scaled_dual_lbfgsb
small_k,relaxation,gurobi,300,6,50,3000018,1,optimal,0.16629339999963122,0.15109520000078192,0.0009293165194488705,14,,5.7167381939393636e-11,,
small_k,relaxation,mosek,300,6,50,3000018,1,optimal,0.0695876000008866,0.06704350000109116,0.0009293155017905258,14,,2.5767832312340033e-11,,
small_k,relaxation,fista_dual_fista,300,6,50,3000019,2,converged,0.8419965000011871,0.8089049000009254,0.000988727353361852,39,0,5.033404182341883e-08,9.874534579085535e-08,row_scaled_dual_fista
small_k,relaxation,fista_dual_lbfgs,300,6,50,3000019,2,converged,0.16465059999973164,0.13135489999876881,0.0009887265640118447,39,118,1.7714718580918998e-11,9.891647429487137e-08,row_scaled_dual_lbfgsb
small_k,relaxation,gurobi,300,6,50,3000019,2,optimal,0.14203720000114117,0.13455900000008114,0.000988727428687006,12,,5.403055780561772e-11,,
small_k,relaxation,mosek,300,6,50,3000019,2,optimal,0.07823579999967478,0.07568699999865203,0.0009887298674541717,15,,2.579032543081894e-10,,
small_k,relaxation,fista_dual_fista,300,6,50,3000020,3,converged,0.789545999999973,0.755237200002739,0.0009231302884640837,37,0,3.0368525472113106e-09,9.178311688142943e-08,row_scaled_dual_fista
small_k,relaxation,fista_dual_lbfgs,300,6,50,3000020,3,converged,0.15314029999899503,0.12017199999900186,0.0009231302410518533,37,114,3.1032953984322376e-12,9.162434195474172e-08,row_scaled_dual_lbfgsb
small_k,relaxation,gurobi,300,6,50,3000020,3,optimal,0.1506803000011132,0.13467099999979837,0.0009231318682870176,12,,2.6214508341837472e-09,,
small_k,relaxation,mosek,300,6,50,3000020,3,optimal,0.07371360000070126,0.07106559999920137,0.0009235320881574183,15,,1.037408159376696e-09,,
small_k,relaxation,fista_dual_fista,300,6,50,3000021,4,converged,0.7827640000014071,0.7509209000018018,0.0009453340054166159,37,0,2.1657907467442783e-08,5.55216486800603e-08,row_scaled_dual_fista
small_k,relaxation,fista_dual_lbfgs,300,6,50,3000021,4,converged,0.16629619999912393,0.13380279999910272,0.0009453335524280265,37,127,7.329782114595673e-09,5.525534863841473e-08,row_scaled_dual_lbfgsb
small_k,relaxation,gurobi,300,6,50,3000021,4,optimal,0.15116930000112916,0.1367221000000427,0.0009453568889900548,12,,9.893339480981922e-10,,
small_k,relaxation,mosek,300,6,50,3000021,4,optimal,0.07392299999992247,0.07152600000154052,0.0009460506614251511,16,,1.8355804654035524e-09,,
small_k,relaxation,fista_dual_fista,300,6,50,3000022,5,converged,0.727939399999741,0.6960180999994918,0.0009637910106806771,36,0,4.845700551925347e-08,5.6549790949704384e-08,row_scaled_dual_fista
small_k,relaxation,fista_dual_lbfgs,300,6,50,3000022,5,converged,0.21327579999888258,0.16619859999991604,0.0009637902527424632,36,110,1.000088900582341e-11,5.6319814475051835e-08,row_scaled_dual_lbfgsb
small_k,relaxation,gurobi,300,6,50,3000022,5,optimal,0.1459431000002951,0.14206749999902968,0.000963811084969176,12,,2.2642998587230068e-10,,
small_k,relaxation,mosek,300,6,50,3000022,5,optimal,0.07358180000119319,0.07075819999954547,0.0009646804541768098,14,,2.2396811072411538e-09,,
small_k,relaxation,fista_dual_fista,300,6,50,3000023,6,converged,0.8226827999988018,0.7897422000005463,0.000907043848009768,38,0,2.343593052955839e-08,5.513486202899608e-08,row_scaled_dual_fista
small_k,relaxation,fista_dual_lbfgs,300,6,50,3000023,6,converged,0.16947519999848737,0.13731899999947927,0.0009070432015246318,38,130,1.803710691916649e-08,5.512532998487406e-08,row_scaled_dual_lbfgsb
small_k,relaxation,gurobi,300,6,50,3000023,6,optimal,0.15016540000033274,0.13968329999988782,0.0009070442993524049,13,,1.6371348721122558e-12,,
small_k,relaxation,mosek,300,6,50,3000023,6,optimal,0.07182169999941834,0.06939729999976407,0.0009077876551535843,15,,1.90924864806874e-09,,
small_k,relaxation,fista_dual_fista,300,6,50,3000024,7,converged,0.7584215999995649,0.7261803000001237,0.001021962147509584,37,0,7.91803369537547e-08,6.68982466659086e-08,row_scaled_dual_fista
small_k,relaxation,fista_dual_lbfgs,300,6,50,3000024,7,converged,0.15441020000071148,0.12212849999923492,0.0010219608983108447,37,120,1.8818724356606253e-11,6.671064756035548e-08,row_scaled_dual_lbfgsb
small_k,relaxation,gurobi,300,6,50,3000024,7,optimal,0.15181239999947138,0.14358830000128364,0.001021978341098755,13,,6.111831041266669e-10,,
small_k,relaxation,mosek,300,6,50,3000024,7,optimal,0.06918530000075407,0.0666932000003726,0.0010226198579939456,14,,1.5527067409593087e-09,,
small_k,relaxation,fista_dual_fista,300,6,50,3000025,8,converged,0.7177912999995897,0.685149699998874,0.001088383686182453,35,0,3.727888486793063e-08,7.470155081336634e-08,row_scaled_dual_fista
small_k,relaxation,fista_dual_lbfgs,300,6,50,3000025,8,converged,0.1448019999988901,0.11163279999891529,0.0010883830949079427,35,106,8.116174399219744e-12,7.50971176344374e-08,row_scaled_dual_lbfgsb
small_k,relaxation,gurobi,300,6,50,3000025,8,optimal,0.13554780000049504,0.12978540000040084,0.001088385726963138,12,,1.1179979164666065e-09,,
small_k,relaxation,mosek,300,6,50,3000025,8,optimal,0.06842970000070636,0.06602639999982785,0.0010891488435241011,13,,2.0069210737716503e-09,,
small_k,relaxation,fista_dual_fista,300,6,50,3000026,9,converged,0.863262200000463,0.830425699999978,0.0009423959585768311,41,0,1.47327980926093e-08,8.414241679956316e-08,row_scaled_dual_fista
small_k,relaxation,fista_dual_lbfgs,300,6,50,3000026,9,converged,0.18653120000089984,0.1529102000004059,0.0009423955254914702,41,143,1.2979784358435609e-08,8.400041482697963e-08,row_scaled_dual_lbfgsb
small_k,relaxation,gurobi,300,6,50,3000026,9,optimal,0.15963529999862658,0.1447461999996449,0.000942396229243905,12,,4.85766982194491e-12,,
small_k,relaxation,mosek,300,6,50,3000026,9,optimal,0.09658190000118339,0.09388489999946614,0.000942411887880525,15,,1.285577200249577e-10,,
small_k,relaxation,fista_dual_fista,1000,10,50,10000017,0,converged,1.7004300999997213,1.6670654000008653,0.0021938798941728756,54,0,3.9967524401163246e-08,7.79529185184765e-08,row_scaled_dual_fista
small_k,relaxation,fista_dual_lbfgs,1000,10,50,10000017,0,converged,0.24046380000072531,0.2076801000002888,0.0021938806208725205,54,163,4.148681398419285e-11,7.781653447744993e-08,row_scaled_dual_lbfgsb
small_k,relaxation,gurobi,1000,10,50,10000017,0,optimal,0.5029964999994263,0.487328900000648,0.0021938813859765562,14,,1.6617107689853583e-10,,
small_k,relaxation,mosek,1000,10,50,10000017,0,optimal,0.23431150000033085,0.22936010000012175,0.0021938833923611477,17,,8.783541582957355e-08,,
small_k,relaxation,fista_dual_fista,1000,10,50,10000018,1,converged,1.53495010000006,1.5025967000001401,0.0022263645070203144,50,0,3.622327593433283e-08,7.581563410689476e-08,row_scaled_dual_fista
small_k,relaxation,fista_dual_lbfgs,1000,10,50,10000018,1,converged,0.33627569999953266,0.30285339999863936,0.0022263651217805623,50,172,2.5543949178086223e-09,7.610990193979723e-08,row_scaled_dual_lbfgsb
small_k,relaxation,gurobi,1000,10,50,10000018,1,optimal,0.4481419999992795,0.43552230000022973,0.0022263857639772573,12,,2.0407231460239927e-11,,
small_k,relaxation,mosek,1000,10,50,10000018,1,optimal,0.2528829000002588,0.24979540000094858,0.002226584237180581,19,,2.1241871595023554e-09,,
small_k,relaxation,fista_dual_fista,1000,10,50,10000019,2,converged,1.6972480999993422,1.663655899999867,0.0022024235637100546,54,0,3.4902791767876806e-08,7.020825679679275e-08,row_scaled_dual_fista
small_k,relaxation,fista_dual_lbfgs,1000,10,50,10000019,2,converged,0.25189270000009856,0.21961710000141466,0.002202422929240406,54,163,3.3217872896784684e-11,7.012364208254009e-08,row_scaled_dual_lbfgsb
small_k,relaxation,gurobi,1000,10,50,10000019,2,optimal,0.5027393000000302,0.48581430000012915,0.0022024262856481097,14,,7.439604488013174e-12,,
small_k,relaxation,mosek,1000,10,50,10000019,2,optimal,0.31615770000098564,0.3108016000005591,0.0022025141359955022,17,,1.3541083809798238e-09,,
small_k,relaxation,fista_dual_fista,1000,10,50,10000020,3,converged,1.8803511000005528,1.8460047999978997,0.0023168666855529103,55,0,3.493855871283813e-08,5.124914920862947e-08,row_scaled_dual_fista
small_k,relaxation,fista_dual_lbfgs,1000,10,50,10000020,3,converged,0.2580213000001095,0.22510700000020734,0.002316867324308332,55,176,1.6393464363773091e-10,5.124878715740795e-08,row_scaled_dual_lbfgsb
small_k,relaxation,gurobi,1000,10,50,10000020,3,optimal,0.46949880000101984,0.45656679999956395,0.002316872050970663,14,,1.1471934513451743e-12,,
small_k,relaxation,mosek,1000,10,50,10000020,3,optimal,0.2390441000006831,0.23462819999986095,0.0023169311320328425,16,,1.498284940559813e-09,,
small_k,relaxation,fista_dual_fista,1000,10,50,10000021,4,converged,1.738365299999714,1.7041356999998243,0.0022811029652550444,53,0,2.9493106623590393e-08,8.05359541278678e-08,row_scaled_dual_fista
small_k,relaxation,fista_dual_lbfgs,1000,10,50,10000021,4,converged,0.26382879999982833,0.23011679999945045,0.002281103499941402,53,175,3.297628836662625e-10,8.036168602141823e-08,row_scaled_dual_lbfgsb
small_k,relaxation,gurobi,1000,10,50,10000021,4,optimal,0.491317899999558,0.4718730999993568,0.0022811250761182577,14,,7.438794025205198e-11,,
small_k,relaxation,mosek,1000,10,50,10000021,4,optimal,0.23671479999939038,0.23364299999957439,0.0022811772448654982,17,,2.105777663352626e-09,,
small_k,relaxation,fista_dual_fista,1000,10,50,10000022,5,converged,1.7952799000013329,1.7620015000011335,0.0023612744394482,57,0,3.519261682072283e-08,7.952649133061117e-08,row_scaled_dual_fista
small_k,relaxation,fista_dual_lbfgs,1000,10,50,10000022,5,converged,0.26697169999897596,0.2323209999995015,0.002361275100023732,57,172,5.983871176340472e-10,7.580397130019919e-08,row_scaled_dual_lbfgsb
small_k,relaxation,gurobi,1000,10,50,10000022,5,optimal,0.4797870000002149,0.4738732000005257,0.0023612766864049527,13,,9.27798171623806e-10,,
small_k,relaxation,mosek,1000,10,50,10000022,5,optimal,0.2319946000006894,0.22881260000031034,0.002361353375237154,16,,1.3698395751049475e-09,,
small_k,relaxation,fista_dual_fista,1000,10,50,10000023,6,converged,1.824609600000258,1.7900958999998693,0.002227857461757958,51,0,3.486080224490706e-08,8.258540877919035e-08,row_scaled_dual_fista
small_k,relaxation,fista_dual_lbfgs,1000,10,50,10000023,6,converged,0.2448034999997617,0.21159029999944323,0.0022278580882032877,51,158,5.480895737264291e-10,8.260004266890035e-08,row_scaled_dual_lbfgsb
small_k,relaxation,gurobi,1000,10,50,10000023,6,optimal,0.44812420000016573,0.43842810000023746,0.002227869129251556,13,,6.30261287604128e-10,,
small_k,relaxation,mosek,1000,10,50,10000023,6,optimal,0.24782579999919108,0.2443440000006376,0.002227968466875247,18,,7.859878081717397e-09,,
small_k,relaxation,fista_dual_fista,1000,10,50,10000024,7,converged,1.793955500001175,1.7246689999992668,0.002257964164507591,52,0,4.056352320702672e-08,5.372250088365237e-08,row_scaled_dual_fista
small_k,relaxation,fista_dual_lbfgs,1000,10,50,10000024,7,converged,0.2498264999994717,0.21562300000005052,0.0022579649069519436,52,158,7.855760486563668e-11,5.3513910291684e-08,row_scaled_dual_lbfgsb
small_k,relaxation,gurobi,1000,10,50,10000024,7,optimal,0.4640204999996058,0.446584499999517,0.0022579879735069378,12,,9.485516816454265e-10,,
small_k,relaxation,mosek,1000,10,50,10000024,7,optimal,0.25025429999914195,0.246860100000049,0.002257969995717717,16,,8.657611294538015e-10,,
small_k,relaxation,fista_dual_fista,1000,10,50,10000025,8,converged,2.0333193999995274,1.9961982000004355,0.002241793413808436,53,0,3.71455719516689e-08,9.397432854622355e-08,row_scaled_dual_fista
small_k,relaxation,fista_dual_lbfgs,1000,10,50,10000025,8,converged,0.26461829999971087,0.2294813999978942,0.002241794092664711,53,161,7.37543359718984e-12,9.383650516470852e-08,row_scaled_dual_lbfgsb
small_k,relaxation,gurobi,1000,10,50,10000025,8,optimal,0.7102720000002591,0.6923760999998194,0.0022418096733464454,14,,6.298883636901564e-11,,
small_k,relaxation,mosek,1000,10,50,10000025,8,optimal,0.2593856000003143,0.25527900000088266,0.002242226547327376,15,,2.350920569327286e-10,,
small_k,relaxation,fista_dual_fista,1000,10,50,10000026,9,converged,2.2490591000005224,2.2010652999997546,0.00231558935704192,50,0,3.7533315122573185e-08,6.251856473909948e-08,row_scaled_dual_fista
small_k,relaxation,fista_dual_lbfgs,1000,10,50,10000026,9,converged,0.305272600000535,0.26174449999962235,0.002315590048962375,50,151,6.180123079957411e-11,6.229896839364407e-08,row_scaled_dual_lbfgsb
small_k,relaxation,gurobi,1000,10,50,10000026,9,optimal,0.5598118999987491,0.5410926999993535,0.002315639644422522,14,,7.840839089112706e-12,,
small_k,relaxation,mosek,1000,10,50,10000026,9,optimal,0.24354570000105014,0.23819240000011632,0.0023159218704302906,16,,3.3082003803031057e-10,,
small_k,relaxation,fista_dual_fista,5000,10,50,50000017,0,time_limit,3.0759498000006715,3.038887499998964,0.02167741706451152,52,0,6.317443772108078e-05,1.3267477356963487e-05,row_scaled_dual_fista
small_k,relaxation,fista_dual_lbfgs,5000,10,50,50000017,0,converged,0.5429387000003771,0.5045952000000398,0.021681000866942815,70,217,3.3940850130420586e-10,9.771673548663139e-08,row_scaled_dual_lbfgsb
small_k,relaxation,gurobi,5000,10,50,50000017,0,optimal,2.2649988000011945,2.2289951000002475,0.02168101239443186,16,,3.323852304504271e-11,,
small_k,relaxation,mosek,5000,10,50,50000017,0,optimal,1.4412095999996382,1.4318120000007184,0.02168101791623026,21,,6.941041075236853e-10,,
small_k,relaxation,fista_dual_fista,5000,10,50,50000018,1,time_limit,3.1269852000004903,3.088672299998507,0.02169232218862211,51,0,0.00011609087658825956,2.107124086894181e-05,row_scaled_dual_fista
small_k,relaxation,fista_dual_lbfgs,5000,10,50,50000018,1,converged,0.5969123999984731,0.5604151000025013,0.02168533308083928,76,235,1.3420020650301012e-10,9.545125597801003e-08,row_scaled_dual_lbfgsb
small_k,relaxation,gurobi,5000,10,50,50000018,1,optimal,2.2768754000007903,2.2494305000000168,0.02168535059966343,15,,1.3841150448001827e-12,,
small_k,relaxation,mosek,5000,10,50,50000018,1,optimal,1.3989979999987554,1.3907768999997643,0.021685384404663867,20,,1.6113724798927365e-09,,
small_k,relaxation,fista_dual_fista,5000,10,50,50000019,2,time_limit,3.106476900000416,3.0668074999975943,0.021708618930204114,51,0,0.00012235996607490307,2.2631194566338393e-05,row_scaled_dual_fista
small_k,relaxation,fista_dual_lbfgs,5000,10,50,50000019,2,converged,0.5508476000013616,0.5138208999997005,0.02170141592706832,69,206,8.91543905368053e-09,8.17295256776299e-08,row_scaled_dual_lbfgsb
small_k,relaxation,gurobi,5000,10,50,50000019,2,optimal,2.3952876000003016,2.3654263999997056,0.02170143060509403,15,,7.860379014346108e-14,,
small_k,relaxation,mosek,5000,10,50,50000019,2,optimal,1.3664653000014368,1.3568004999997356,0.021701543300034203,19,,2.2267191424063526e-09,,
small_k,relaxation,fista_dual_fista,5000,10,50,50000020,3,time_limit,3.0996107999999367,3.0637055999995937,0.021663618914501533,53,0,6.455895194168448e-05,1.1316869224350891e-05,row_scaled_dual_fista
small_k,relaxation,fista_dual_lbfgs,5000,10,50,50000020,3,converged,0.6284095000009984,0.5931874000016251,0.021667236772533523,71,217,9.817959778501972e-10,7.546768182406277e-08,row_scaled_dual_lbfgsb
small_k,relaxation,gurobi,5000,10,50,50000020,3,optimal,2.2706429999998363,2.241099700000632,0.021667261220566513,15,,6.672218333392266e-12,,
small_k,relaxation,mosek,5000,10,50,50000020,3,optimal,1.1917188000006718,1.1852715000004537,0.021667336025469032,16,,5.145384562865729e-09,,
small_k,relaxation,fista_dual_fista,5000,10,50,50000021,4,time_limit,3.0552532999990945,3.0184062000007543,0.021699632793073232,52,0,0.00011894021986069703,1.9944632373825265e-05,row_scaled_dual_fista
small_k,relaxation,fista_dual_lbfgs,5000,10,50,50000021,4,converged,0.5763876999990316,0.54151130000173,0.021692759174409694,75,238,1.3054517467026017e-09,7.038426100650596e-08,row_scaled_dual_lbfgsb
small_k,relaxation,gurobi,5000,10,50,50000021,4,optimal,2.246350600000369,2.2098574999999983,0.021692782945873432,15,,9.202187900569925e-10,,
small_k,relaxation,mosek,5000,10,50,50000021,4,optimal,1.3409831000008126,1.3328935999998066,0.02169277446361728,19,,3.5944325293968404e-10,,
small_k,relaxation,fista_dual_fista,5000,10,50,50000022,5,time_limit,3.1036601000014343,3.067091900000378,0.02168130084737811,51,0,0.00011765332225710523,3.0470900769889425e-05,row_scaled_dual_fista
small_k,relaxation,fista_dual_lbfgs,5000,10,50,50000022,5,converged,0.5647992000012891,0.5295139999998355,0.021674150389910364,74,229,4.3215919731665053e-10,7.102892662268357e-08,row_scaled_dual_lbfgsb
small_k,relaxation,gurobi,5000,10,50,50000022,5,optimal,2.074608699998862,2.0474277999983315,0.02167418402070767,14,,1.2100320745389581e-11,,
small_k,relaxation,mosek,5000,10,50,50000022,5,optimal,1.321440399999119,1.3142502999999124,0.021674174423841938,19,,4.702815914470193e-10,,
small_k,relaxation,fista_dual_fista,5000,10,50,50000023,6,time_limit,3.0672543000000587,3.0248138000006293,0.021669693665306453,51,0,0.00012194859480718634,3.8187921248335354e-05,row_scaled_dual_fista
small_k,relaxation,fista_dual_lbfgs,5000,10,50,50000023,6,converged,0.547480600000199,0.510528399998293,0.02166253819547697,73,222,1.7627144188736565e-10,8.013360321528651e-08,row_scaled_dual_lbfgsb
small_k,relaxation,gurobi,5000,10,50,50000023,6,optimal,2.1842471999989357,2.1511220000011235,0.021662540117019454,15,,9.383605004131823e-13,,
small_k,relaxation,mosek,5000,10,50,50000023,6,optimal,1.3987679000001663,1.38794020000023,0.021662734047234036,20,,4.703798794913894e-09,,
small_k,relaxation,fista_dual_fista,5000,10,50,50000024,7,time_limit,3.0489620999996987,3.0132100000009814,0.021699528067729297,52,0,0.00011656270991933226,3.8065118646093806e-05,row_scaled_dual_fista
small_k,relaxation,fista_dual_lbfgs,5000,10,50,50000024,7,converged,0.5923911999998381,0.5574112000012974,0.021691689794265865,77,240,6.21025009195364e-10,7.551754849621675e-08,row_scaled_dual_lbfgsb
small_k,relaxation,gurobi,5000,10,50,50000024,7,optimal,2.2701779999988503,2.2450793999996677,0.021691759589135863,16,,3.5507075057950033e-10,,
small_k,relaxation,mosek,5000,10,50,50000024,7,optimal,1.33986460000051,1.332886199999848,0.021691794508913776,19,,9.906779840918034e-10,,
small_k,relaxation,fista_dual_fista,5000,10,50,50000025,8,time_limit,3.050012300000162,3.0119403999997303,0.02170903374368537,52,0,0.00012613432511088263,1.7218332488748654e-05,row_scaled_dual_fista
small_k,relaxation,fista_dual_lbfgs,5000,10,50,50000025,8,converged,0.5867390999992494,0.5506413000002794,0.02170170327442656,71,222,5.241851397386199e-10,9.779282211613837e-08,row_scaled_dual_lbfgsb
small_k,relaxation,gurobi,5000,10,50,50000025,8,optimal,2.312093399999867,2.281905600000755,0.021701707868574824,15,,1.0166312236492558e-12,,
small_k,relaxation,mosek,5000,10,50,50000025,8,optimal,1.4448754000004556,1.4341253000002325,0.021701713070363914,20,,1.3132472886923097e-10,,
small_k,relaxation,fista_dual_fista,5000,10,50,50000026,9,time_limit,3.148228100000779,3.0999031999981526,0.021685957292736265,48,0,0.0001188083328749201,5.223295948014381e-05,row_scaled_dual_fista
small_k,relaxation,fista_dual_lbfgs,5000,10,50,50000026,9,converged,1.0693593000014516,1.013510300001144,0.021679060405581707,73,227,6.093614501878619e-11,8.971770107101114e-08,row_scaled_dual_lbfgsb
small_k,relaxation,gurobi,5000,10,50,50000026,9,optimal,2.3102983999997377,2.282364900000175,0.021679063509204614,14,,6.785683126508957e-13,,
small_k,relaxation,mosek,5000,10,50,50000026,9,optimal,1.4108949000001303,1.4021001000000979,0.02167922701175883,19,,5.506993971948759e-09,,
